<?xml version='1.0' encoding='utf-8'?>
<annotation verified="yes">
    <folder>Annotation</folder>
    <filename>frame_7545.jpg</filename>
    <path>wxt2-PascalVOC-export/Annotations/frame_7545.jpg</path>
    <source>
        <database>Unknown</database>
    </source>
    <size>
        <width>1920</width>
        <height>1080</height>
        <depth>3</depth>
    </size>
    <segmented>0</segmented>
    <object>
    <name>red ball</name>
    <pose>Unspecified</pose>
    <truncated>0</truncated>
    <difficult>0</difficult>
    <bndbox>
        <xmin>644.5585974109653</xmin>
        <ymin>473.2200164794922</ymin>
        <xmax>755.4039143041236</xmax>
        <ymax>584.1000274658203</ymax>
    </bndbox>
</object><object>
    <name>red ball</name>
    <pose>Unspecified</pose>
    <truncated>0</truncated>
    <difficult>0</difficult>
    <bndbox>
        <xmin>912.3149015932521</xmin>
        <ymin>539.459994506836</ymin>
        <xmax>1001.5670762066542</xmax>
        <ymax>647.4600494384766</ymax>
    </bndbox>
</object><object>
    <name>red ball</name>
    <pose>Unspecified</pose>
    <truncated>0</truncated>
    <difficult>0</difficult>
    <bndbox>
        <xmin>1201.664457884255</xmin>
        <ymin>608.5799835205079</ymin>
        <xmax>1315.3889409559513</xmax>
        <ymax>741.0600494384767</ymax>
    </bndbox>
</object><object>
    <name>black ball</name>
    <pose>Unspecified</pose>
    <truncated>0</truncated>
    <difficult>0</difficult>
    <bndbox>
        <xmin>761.1621368322399</xmin>
        <ymin>595.6199615478516</ymin>
        <xmax>857.6120621485472</xmax>
        <ymax>706.5000274658204</ymax>
    </bndbox>
</object><object>
    <name>black ball</name>
    <pose>Unspecified</pose>
    <truncated>0</truncated>
    <difficult>0</difficult>
    <bndbox>
        <xmin>1027.4789128397376</xmin>
        <ymin>409.85999450683596</ymin>
        <xmax>1141.203395911434</xmax>
        <ymax>507.7799835205078</ymax>
    </bndbox>
</object><object>
    <name>red ball</name>
    <pose>Unspecified</pose>
    <truncated>0</truncated>
    <difficult>0</difficult>
    <bndbox>
        <xmin>847.535145267104</xmin>
        <ymin>406.9799835205078</ymin>
        <xmax>913.7544297680412</xmax>
        <ymax>484.74000549316406</ymax>
    </bndbox>
</object><object>
    <name>red ball</name>
    <pose>Unspecified</pose>
    <truncated>0</truncated>
    <difficult>0</difficult>
    <bndbox>
        <xmin>895.0403438378631</xmin>
        <ymin>330.659994506836</ymin>
        <xmax>958.3805719892221</xmax>
        <ymax>405.54000549316413</ymax>
    </bndbox>
</object><object>
    <name>black ball</name>
    <pose>Unspecified</pose>
    <truncated>0</truncated>
    <difficult>0</difficult>
    <bndbox>
        <xmin>726.6129114925023</xmin>
        <ymin>323.4599945068359</ymin>
        <xmax>787.074083294283</xmax>
        <ymax>401.2200164794922</ymax>
    </bndbox>
</object>
</annotation>