<?xml version='1.0' encoding='utf-8'?>
<annotation verified="yes">
    <folder>Annotation</folder>
    <filename>frame_7557.jpg</filename>
    <path>wxt2-PascalVOC-export/Annotations/frame_7557.jpg</path>
    <source>
        <database>Unknown</database>
    </source>
    <size>
        <width>1920</width>
        <height>1080</height>
        <depth>3</depth>
    </size>
    <segmented>0</segmented>
    <object>
    <name>black ball</name>
    <pose>Unspecified</pose>
    <truncated>0</truncated>
    <difficult>0</difficult>
    <bndbox>
        <xmin>1174.3130930763823</xmin>
        <ymin>748.2600494384766</ymin>
        <xmax>1315.3889409559513</xmax>
        <ymax>890.8199615478516</ymax>
    </bndbox>
</object><object>
    <name>red ball</name>
    <pose>Unspecified</pose>
    <truncated>0</truncated>
    <difficult>0</difficult>
    <bndbox>
        <xmin>1267.8838522141518</xmin>
        <ymin>617.2199615478515</ymin>
        <xmax>1385.9269198102156</xmax>
        <ymax>756.9000274658204</ymax>
    </bndbox>
</object><object>
    <name>red ball</name>
    <pose>Unspecified</pose>
    <truncated>0</truncated>
    <difficult>0</difficult>
    <bndbox>
        <xmin>1642.1667789362698</xmin>
        <ymin>633.0600494384765</ymin>
        <xmax>1800.5172944001874</xmax>
        <ymax>800.1000274658203</ymax>
    </bndbox>
</object><object>
    <name>black ball</name>
    <pose>Unspecified</pose>
    <truncated>0</truncated>
    <difficult>0</difficult>
    <bndbox>
        <xmin>1216.0599592900655</xmin>
        <ymin>442.9799835205078</ymin>
        <xmax>1312.509884606373</xmax>
        <ymax>545.2200164794922</ymax>
    </bndbox>
</object><object>
    <name>red ball</name>
    <pose>Unspecified</pose>
    <truncated>0</truncated>
    <difficult>0</difficult>
    <bndbox>
        <xmin>1000.1274382029053</xmin>
        <ymin>470.3400054931641</ymin>
        <xmax>1077.863167760075</xmax>
        <ymax>555.2999725341797</ymax>
    </bndbox>
</object><object>
    <name>red ball</name>
    <pose>Unspecified</pose>
    <truncated>0</truncated>
    <difficult>0</difficult>
    <bndbox>
        <xmin>962.6991565135895</xmin>
        <ymin>363.7799835205078</ymin>
        <xmax>1040.4348860707591</xmax>
        <ymax>447.2999725341797</ymax>
    </bndbox>
</object><object>
    <name>black ball</name>
    <pose>Unspecified</pose>
    <truncated>0</truncated>
    <difficult>0</difficult>
    <bndbox>
        <xmin>886.4030649601686</xmin>
        <ymin>322.0200164794922</ymin>
        <xmax>943.9850705834114</xmax>
        <ymax>406.97998352050786</ymax>
    </bndbox>
</object><object>
    <name>black ball</name>
    <pose>Unspecified</pose>
    <truncated>0</truncated>
    <difficult>0</difficult>
    <bndbox>
        <xmin>748.2061636012183</xmin>
        <ymin>376.74000549316406</ymin>
        <xmax>825.941893158388</xmax>
        <ymax>473.2200164794922</ymax>
    </bndbox>
</object><object>
    <name>black ball</name>
    <pose>Unspecified</pose>
    <truncated>0</truncated>
    <difficult>0</difficult>
    <bndbox>
        <xmin>752.5248579545455</xmin>
        <ymin>517.859994506836</ymin>
        <xmax>853.2933677952203</xmax>
        <ymax>648.9000274658204</ymax>
    </bndbox>
</object><object>
    <name>red ball</name>
    <pose>Unspecified</pose>
    <truncated>0</truncated>
    <difficult>0</difficult>
    <bndbox>
        <xmin>892.1611776593252</xmin>
        <ymin>594.1799835205078</ymin>
        <xmax>1021.7206903116213</xmax>
        <ymax>755.4600494384765</ymax>
    </bndbox>
</object>
</annotation>