<?xml version='1.0' encoding='utf-8'?>
<annotation verified="yes">
    <folder>Annotation</folder>
    <filename>frame_7547.jpg</filename>
    <path>wxt2-PascalVOC-export/Annotations/frame_7547.jpg</path>
    <source>
        <database>Unknown</database>
    </source>
    <size>
        <width>1920</width>
        <height>1080</height>
        <depth>3</depth>
    </size>
    <segmented>0</segmented>
    <object>
    <name>red ball</name>
    <pose>Unspecified</pose>
    <truncated>0</truncated>
    <difficult>0</difficult>
    <bndbox>
        <xmin>656.0750424671977</xmin>
        <ymin>489.05999450683595</ymin>
        <xmax>784.194917115745</xmax>
        <ymax>614.3400054931641</ymax>
    </bndbox>
</object><object>
    <name>red ball</name>
    <pose>Unspecified</pose>
    <truncated>0</truncated>
    <difficult>0</difficult>
    <bndbox>
        <xmin>1285.1584099695408</xmin>
        <ymin>601.3799835205078</ymin>
        <xmax>1394.56419868791</xmax>
        <ymax>749.7000274658203</ymax>
    </bndbox>
</object><object>
    <name>black ball</name>
    <pose>Unspecified</pose>
    <truncated>0</truncated>
    <difficult>0</difficult>
    <bndbox>
        <xmin>818.7441424554827</xmin>
        <ymin>628.7400054931641</ymin>
        <xmax>909.4358452436738</xmax>
        <ymax>741.0600494384765</ymax>
    </bndbox>
</object><object>
    <name>red ball</name>
    <pose>Unspecified</pose>
    <truncated>0</truncated>
    <difficult>0</difficult>
    <bndbox>
        <xmin>965.5783226921275</xmin>
        <ymin>545.2200164794922</ymin>
        <xmax>1046.1931085988754</xmax>
        <ymax>667.6199615478515</ymax>
    </bndbox>
</object><object>
    <name>black ball</name>
    <pose>Unspecified</pose>
    <truncated>0</truncated>
    <difficult>0</difficult>
    <bndbox>
        <xmin>1056.269915651359</xmin>
        <ymin>406.9799835205078</ymin>
        <xmax>1154.1593691424555</xmax>
        <ymax>507.7799835205078</ymax>
    </bndbox>
</object><object>
    <name>red ball</name>
    <pose>Unspecified</pose>
    <truncated>0</truncated>
    <difficult>0</difficult>
    <bndbox>
        <xmin>867.6888692010309</xmin>
        <ymin>425.6999725341797</ymin>
        <xmax>928.1499311738519</xmax>
        <ymax>496.259994506836</ymax>
    </bndbox>
</object><object>
    <name>red ball</name>
    <pose>Unspecified</pose>
    <truncated>0</truncated>
    <difficult>0</difficult>
    <bndbox>
        <xmin>895.0403438378631</xmin>
        <ymin>339.2999725341797</ymin>
        <xmax>961.2596283388003</xmax>
        <ymax>408.4200164794922</ymax>
    </bndbox>
</object><object>
    <name>black ball</name>
    <pose>Unspecified</pose>
    <truncated>0</truncated>
    <difficult>0</difficult>
    <bndbox>
        <xmin>715.0965762652296</xmin>
        <ymin>329.2200164794922</ymin>
        <xmax>782.755388940956</xmax>
        <ymax>408.4200164794922</ymax>
    </bndbox>
</object>
</annotation>