<?xml version='1.0' encoding='utf-8'?>
<annotation verified="yes">
    <folder>Annotation</folder>
    <filename>frame_7934.jpg</filename>
    <path>wxt2-PascalVOC-export/Annotations/frame_7934.jpg</path>
    <source>
        <database>Unknown</database>
    </source>
    <size>
        <width>1920</width>
        <height>1080</height>
        <depth>3</depth>
    </size>
    <segmented>0</segmented>
    <object>
    <name>red ball</name>
    <pose>Unspecified</pose>
    <truncated>0</truncated>
    <difficult>0</difficult>
    <bndbox>
        <xmin>5.879420230263158</xmin>
        <ymin>622.8596994828205</ymin>
        <xmax>61.73398250598086</xmax>
        <ymax>693.390356569874</ymax>
    </bndbox>
</object><object>
    <name>red start</name>
    <pose>Unspecified</pose>
    <truncated>0</truncated>
    <difficult>0</difficult>
    <bndbox>
        <xmin>802.5416043660288</xmin>
        <ymin>606.6964565977759</ymin>
        <xmax>1469.8564593301435</xmax>
        <ymax>681.6352096869022</ymax>
    </bndbox>
</object><object>
    <name>crossing</name>
    <pose>Unspecified</pose>
    <truncated>0</truncated>
    <difficult>0</difficult>
    <bndbox>
        <xmin>1396.3636363636365</xmin>
        <ymin>956.4106750488281</ymin>
        <xmax>1907.8737290669858</xmax>
        <ymax>1076.900538230429</ymax>
    </bndbox>
</object><object>
    <name>black ball</name>
    <pose>Unspecified</pose>
    <truncated>0</truncated>
    <difficult>0</difficult>
    <bndbox>
        <xmin>327.77797921650716</xmin>
        <ymin>608.1658219318001</ymin>
        <xmax>385.1024035586124</xmax>
        <ymax>652.2474545848613</ymax>
    </bndbox>
</object><object>
    <name>red ball</name>
    <pose>Unspecified</pose>
    <truncated>0</truncated>
    <difficult>0</difficult>
    <bndbox>
        <xmin>170.50338292464116</xmin>
        <ymin>616.9821260413345</ymin>
        <xmax>251.34548818779905</xmax>
        <ymax>678.6964790188537</ymax>
    </bndbox>
</object><object>
    <name>red ball</name>
    <pose>Unspecified</pose>
    <truncated>0</truncated>
    <difficult>0</difficult>
    <bndbox>
        <xmin>90.0287081339713</xmin>
        <ymin>592.3699484066087</ymin>
        <xmax>130.08233029306223</xmax>
        <ymax>654.0841892787388</ymax>
    </bndbox>
</object><object>
    <name>black ball</name>
    <pose>Unspecified</pose>
    <truncated>0</truncated>
    <difficult>0</difficult>
    <bndbox>
        <xmin>64.67370663875599</xmin>
        <ymin>634.6148463657925</ymin>
        <xmax>121.99807491028709</xmax>
        <ymax>684.5739403549507</ymax>
    </bndbox>
</object>
</annotation>