<?xml version='1.0' encoding='utf-8'?>
<annotation verified="yes">
    <folder>Annotation</folder>
    <filename>frame_7536.jpg</filename>
    <path>wxt2-PascalVOC-export/Annotations/frame_7536.jpg</path>
    <source>
        <database>Unknown</database>
    </source>
    <size>
        <width>1920</width>
        <height>1080</height>
        <depth>3</depth>
    </size>
    <segmented>0</segmented>
    <object>
    <name>red ball</name>
    <pose>Unspecified</pose>
    <truncated>0</truncated>
    <difficult>0</difficult>
    <bndbox>
        <xmin>755.4039143041238</xmin>
        <ymin>414.17998352050785</ymin>
        <xmax>864.8098128514528</xmax>
        <ymax>517.859994506836</ymax>
    </bndbox>
</object><object>
    <name>red ball</name>
    <pose>Unspecified</pose>
    <truncated>0</truncated>
    <difficult>0</difficult>
    <bndbox>
        <xmin>977.0946579194002</xmin>
        <ymin>375.2999725341797</ymin>
        <xmax>1038.99535789597</xmax>
        <ymax>448.74000549316406</ymax>
    </bndbox>
</object><object>
    <name>red ball</name>
    <pose>Unspecified</pose>
    <truncated>0</truncated>
    <difficult>0</difficult>
    <bndbox>
        <xmin>1063.4676663542643</xmin>
        <ymin>307.6200164794922</ymin>
        <xmax>1126.8078945056234</xmax>
        <ymax>385.37998352050784</ymax>
    </bndbox>
</object><object>
    <name>red ball</name>
    <pose>Unspecified</pose>
    <truncated>0</truncated>
    <difficult>0</difficult>
    <bndbox>
        <xmin>943.9850705834115</xmin>
        <ymin>484.74000549316406</ymin>
        <xmax>1021.7206903116214</xmax>
        <ymax>585.540005493164</ymax>
    </bndbox>
</object><object>
    <name>red ball</name>
    <pose>Unspecified</pose>
    <truncated>0</truncated>
    <difficult>0</difficult>
    <bndbox>
        <xmin>1144.0824522610121</xmin>
        <ymin>568.2599945068359</ymin>
        <xmax>1244.850962101687</xmax>
        <ymax>706.5000274658203</ymax>
    </bndbox>
</object><object>
    <name>black ball</name>
    <pose>Unspecified</pose>
    <truncated>0</truncated>
    <difficult>0</difficult>
    <bndbox>
        <xmin>792.8323058223992</xmin>
        <ymin>520.7400054931641</ymin>
        <xmax>877.7656762535145</xmax>
        <ymax>617.2199615478515</ymax>
    </bndbox>
</object><object>
    <name>black ball</name>
    <pose>Unspecified</pose>
    <truncated>0</truncated>
    <difficult>0</difficult>
    <bndbox>
        <xmin>919.5126522961574</xmin>
        <ymin>294.659994506836</ymin>
        <xmax>985.7319367970946</xmax>
        <ymax>372.42001647949223</ymax>
    </bndbox>
</object><object>
    <name>black ball</name>
    <pose>Unspecified</pose>
    <truncated>0</truncated>
    <difficult>0</difficult>
    <bndbox>
        <xmin>1131.1265888589503</xmin>
        <ymin>385.37998352050784</ymin>
        <xmax>1227.576404346298</xmax>
        <ymax>489.05999450683595</ymax>
    </bndbox>
</object>
</annotation>