<?xml version='1.0' encoding='utf-8'?>
<annotation verified="yes">
    <folder>Annotation</folder>
    <filename>frame_7425.jpg</filename>
    <path>wxt2-PascalVOC-export/Annotations/frame_7425.jpg</path>
    <source>
        <database>Unknown</database>
    </source>
    <size>
        <width>1920</width>
        <height>1080</height>
        <depth>3</depth>
    </size>
    <segmented>0</segmented>
    <object>
    <name>black ball</name>
    <pose>Unspecified</pose>
    <truncated>0</truncated>
    <difficult>0</difficult>
    <bndbox>
        <xmin>943.9850705834115</xmin>
        <ymin>225.54000549316407</ymin>
        <xmax>971.336435391284</xmax>
        <ymax>264.4200164794922</ymax>
    </bndbox>
</object><object>
    <name>black ball</name>
    <pose>Unspecified</pose>
    <truncated>0</truncated>
    <difficult>0</difficult>
    <bndbox>
        <xmin>1244.850962101687</xmin>
        <ymin>258.659994506836</ymin>
        <xmax>1277.9606592666355</xmax>
        <ymax>298.97998352050786</ymax>
    </bndbox>
</object><object>
    <name>black ball</name>
    <pose>Unspecified</pose>
    <truncated>0</truncated>
    <difficult>0</difficult>
    <bndbox>
        <xmin>1086.5004466377695</xmin>
        <ymin>257.2200164794922</ymin>
        <xmax>1123.928838156045</xmax>
        <ymax>297.5400054931641</ymax>
    </bndbox>
</object><object>
    <name>black ball</name>
    <pose>Unspecified</pose>
    <truncated>0</truncated>
    <difficult>0</difficult>
    <bndbox>
        <xmin>1121.049671977507</xmin>
        <ymin>228.4200164794922</ymin>
        <xmax>1172.8734550726335</xmax>
        <ymax>262.97998352050786</ymax>
    </bndbox>
</object><object>
    <name>red ball</name>
    <pose>Unspecified</pose>
    <truncated>0</truncated>
    <difficult>0</difficult>
    <bndbox>
        <xmin>1286.5979381443299</xmin>
        <ymin>229.85999450683593</ymin>
        <xmax>1319.7076353092784</xmax>
        <ymax>271.62001647949216</ymax>
    </bndbox>
</object><object>
    <name>red ball</name>
    <pose>Unspecified</pose>
    <truncated>0</truncated>
    <difficult>0</difficult>
    <bndbox>
        <xmin>1152.7198409676664</xmin>
        <ymin>251.45999450683595</ymin>
        <xmax>1204.543624062793</xmax>
        <ymax>294.659994506836</ymax>
    </bndbox>
</object><object>
    <name>red ball</name>
    <pose>Unspecified</pose>
    <truncated>0</truncated>
    <difficult>0</difficult>
    <bndbox>
        <xmin>1021.7206903116214</xmin>
        <ymin>232.74000549316406</ymin>
        <xmax>1049.0721649484537</xmax>
        <ymax>255.7799835205078</ymax>
    </bndbox>
</object><object>
    <name>black ball</name>
    <pose>Unspecified</pose>
    <truncated>0</truncated>
    <difficult>0</difficult>
    <bndbox>
        <xmin>964.1386846883786</xmin>
        <ymin>237.05999450683595</ymin>
        <xmax>1004.4461325562324</xmax>
        <ymax>278.8200164794922</ymax>
    </bndbox>
</object><object>
    <name>crossing</name>
    <pose>Unspecified</pose>
    <truncated>0</truncated>
    <difficult>0</difficult>
    <bndbox>
        <xmin>977.0946579194002</xmin>
        <ymin>453.05999450683595</ymin>
        <xmax>1381.6082254568885</xmax>
        <ymax>696.4199615478516</ymax>
    </bndbox>
</object>
</annotation>