<?xml version='1.0' encoding='utf-8'?>
<annotation verified="yes">
    <folder>Annotation</folder>
    <filename>frame_7499.jpg</filename>
    <path>wxt2-PascalVOC-export/Annotations/frame_7499.jpg</path>
    <source>
        <database>Unknown</database>
    </source>
    <size>
        <width>1920</width>
        <height>1080</height>
        <depth>3</depth>
    </size>
    <segmented>0</segmented>
    <object>
    <name>black ball</name>
    <pose>Unspecified</pose>
    <truncated>0</truncated>
    <difficult>0</difficult>
    <bndbox>
        <xmin>716.5361044400188</xmin>
        <ymin>673.3799835205078</ymin>
        <xmax>850.414311445642</xmax>
        <ymax>846.1799835205079</ymax>
    </bndbox>
</object><object>
    <name>black ball</name>
    <pose>Unspecified</pose>
    <truncated>0</truncated>
    <difficult>0</difficult>
    <bndbox>
        <xmin>676.2286565721649</xmin>
        <ymin>478.9799835205078</ymin>
        <xmax>771.2390537136832</xmax>
        <ymax>604.2600494384766</ymax>
    </bndbox>
</object><object>
    <name>black ball</name>
    <pose>Unspecified</pose>
    <truncated>0</truncated>
    <difficult>0</difficult>
    <bndbox>
        <xmin>821.6233086340206</xmin>
        <ymin>414.17998352050785</ymin>
        <xmax>887.8425931349578</xmax>
        <ymax>503.459994506836</ymax>
    </bndbox>
</object><object>
    <name>black ball</name>
    <pose>Unspecified</pose>
    <truncated>0</truncated>
    <difficult>0</difficult>
    <bndbox>
        <xmin>1218.9391254686036</xmin>
        <ymin>538.0200164794923</ymin>
        <xmax>1341.3008874179943</xmax>
        <ymax>657.5400054931641</ymax>
    </bndbox>
</object><object>
    <name>black ball</name>
    <pose>Unspecified</pose>
    <truncated>0</truncated>
    <difficult>0</difficult>
    <bndbox>
        <xmin>1335.542664889878</xmin>
        <ymin>941.2199615478515</ymin>
        <xmax>1499.6514028819117</xmax>
        <ymax>1076.5799835205078</ymax>
    </bndbox>
</object><object>
    <name>red ball</name>
    <pose>Unspecified</pose>
    <truncated>0</truncated>
    <difficult>0</difficult>
    <bndbox>
        <xmin>1361.4546113519214</xmin>
        <ymin>754.0199615478516</ymin>
        <xmax>1493.8932901827554</xmax>
        <ymax>925.3799835205078</ymax>
    </bndbox>
</object><object>
    <name>red ball</name>
    <pose>Unspecified</pose>
    <truncated>0</truncated>
    <difficult>0</difficult>
    <bndbox>
        <xmin>1755.891371836926</xmin>
        <ymin>751.140005493164</ymin>
        <xmax>1908.4835549437676</xmax>
        <ymax>923.9400054931641</ymax>
    </bndbox>
</object><object>
    <name>red ball</name>
    <pose>Unspecified</pose>
    <truncated>0</truncated>
    <difficult>0</difficult>
    <bndbox>
        <xmin>932.468625527179</xmin>
        <ymin>742.5000274658204</ymin>
        <xmax>1106.6541705716963</xmax>
        <ymax>962.8199615478517</ymax>
    </bndbox>
</object><object>
    <name>red ball</name>
    <pose>Unspecified</pose>
    <truncated>0</truncated>
    <difficult>0</difficult>
    <bndbox>
        <xmin>988.6111029756327</xmin>
        <ymin>584.1000274658203</ymin>
        <xmax>1116.7310874531397</xmax>
        <ymax>694.9799835205077</ymax>
    </bndbox>
</object><object>
    <name>red ball</name>
    <pose>Unspecified</pose>
    <truncated>0</truncated>
    <difficult>0</difficult>
    <bndbox>
        <xmin>928.1499311738519</xmin>
        <ymin>457.37998352050784</ymin>
        <xmax>1026.0393846649483</xmax>
        <ymax>561.059994506836</ymax>
    </bndbox>
</object>
</annotation>