<?xml version='1.0' encoding='utf-8'?>
<annotation verified="yes">
    <folder>Annotation</folder>
    <filename>frame_7407.jpg</filename>
    <path>wxt2-PascalVOC-export/Annotations/frame_7407.jpg</path>
    <source>
        <database>Unknown</database>
    </source>
    <size>
        <width>1920</width>
        <height>1080</height>
        <depth>3</depth>
    </size>
    <segmented>0</segmented>
    <object>
    <name>red ball</name>
    <pose>Unspecified</pose>
    <truncated>0</truncated>
    <difficult>0</difficult>
    <bndbox>
        <xmin>965.5783226921275</xmin>
        <ymin>370.9799835205078</ymin>
        <xmax>998.6879100281162</xmax>
        <ymax>415.62001647949216</ymax>
    </bndbox>
</object><object>
    <name>red ball</name>
    <pose>Unspecified</pose>
    <truncated>0</truncated>
    <difficult>0</difficult>
    <bndbox>
        <xmin>1158.477953666823</xmin>
        <ymin>401.2200164794922</ymin>
        <xmax>1221.818181818182</xmax>
        <ymax>457.37998352050784</ymax>
    </bndbox>
</object><object>
    <name>black ball</name>
    <pose>Unspecified</pose>
    <truncated>0</truncated>
    <difficult>0</difficult>
    <bndbox>
        <xmin>869.1283973758201</xmin>
        <ymin>363.7799835205078</ymin>
        <xmax>903.6776227155577</xmax>
        <ymax>424.25999450683594</ymax>
    </bndbox>
</object><object>
    <name>black ball</name>
    <pose>Unspecified</pose>
    <truncated>0</truncated>
    <difficult>0</difficult>
    <bndbox>
        <xmin>1093.6981973406748</xmin>
        <ymin>356.5799835205078</ymin>
        <xmax>1142.642924086223</xmax>
        <ymax>406.9799835205078</ymax>
    </bndbox>
</object><object>
    <name>black ball</name>
    <pose>Unspecified</pose>
    <truncated>0</truncated>
    <difficult>0</difficult>
    <bndbox>
        <xmin>1266.444214210403</xmin>
        <ymin>395.4599945068359</ymin>
        <xmax>1318.2681071344894</xmax>
        <ymax>451.62001647949216</ymax>
    </bndbox>
</object><object>
    <name>black ball</name>
    <pose>Unspecified</pose>
    <truncated>0</truncated>
    <difficult>0</difficult>
    <bndbox>
        <xmin>903.6776227155576</xmin>
        <ymin>392.5799835205078</ymin>
        <xmax>951.1828212863168</xmax>
        <ymax>448.74000549316406</ymax>
    </bndbox>
</object>
</annotation>