<?xml version='1.0' encoding='utf-8'?>
<annotation verified="yes">
    <folder>Annotation</folder>
    <filename>frame_7485.jpg</filename>
    <path>wxt2-PascalVOC-export/Annotations/frame_7485.jpg</path>
    <source>
        <database>Unknown</database>
    </source>
    <size>
        <width>1920</width>
        <height>1080</height>
        <depth>3</depth>
    </size>
    <segmented>0</segmented>
    <object>
    <name>black ball</name>
    <pose>Unspecified</pose>
    <truncated>0</truncated>
    <difficult>0</difficult>
    <bndbox>
        <xmin>430.0656044985942</xmin>
        <ymin>362.3400054931641</ymin>
        <xmax>542.3505593955015</xmax>
        <ymax>487.6200164794922</ymax>
    </bndbox>
</object><object>
    <name>black ball</name>
    <pose>Unspecified</pose>
    <truncated>0</truncated>
    <difficult>0</difficult>
    <bndbox>
        <xmin>530.8341143392689</xmin>
        <ymin>296.0999725341797</ymin>
        <xmax>627.2840396555763</xmax>
        <ymax>392.5799835205078</ymax>
    </bndbox>
</object><object>
    <name>red ball</name>
    <pose>Unspecified</pose>
    <truncated>0</truncated>
    <difficult>0</difficult>
    <bndbox>
        <xmin>694.9428523313027</xmin>
        <ymin>327.7799835205078</ymin>
        <xmax>778.4368044165885</xmax>
        <ymax>431.4599945068359</ymax>
    </bndbox>
</object><object>
    <name>red ball</name>
    <pose>Unspecified</pose>
    <truncated>0</truncated>
    <difficult>0</difficult>
    <bndbox>
        <xmin>818.7441424554827</xmin>
        <ymin>406.9799835205078</ymin>
        <xmax>907.9963170688848</xmax>
        <ymax>504.8999725341797</ymax>
    </bndbox>
</object><object>
    <name>black ball</name>
    <pose>Unspecified</pose>
    <truncated>0</truncated>
    <difficult>0</difficult>
    <bndbox>
        <xmin>978.5341860941893</xmin>
        <ymin>352.25999450683594</ymin>
        <xmax>1095.1378353444236</xmax>
        <ymax>457.37998352050784</ymax>
    </bndbox>
</object><object>
    <name>red ball</name>
    <pose>Unspecified</pose>
    <truncated>0</truncated>
    <difficult>0</difficult>
    <bndbox>
        <xmin>1178.6316776007498</xmin>
        <ymin>455.94000549316405</ymin>
        <xmax>1289.477104322868</xmax>
        <ymax>582.6600494384766</ymax>
    </bndbox>
</object><object>
    <name>red ball</name>
    <pose>Unspecified</pose>
    <truncated>0</truncated>
    <difficult>0</difficult>
    <bndbox>
        <xmin>1408.9597000937208</xmin>
        <ymin>425.6999725341797</ymin>
        <xmax>1514.0469042877228</xmax>
        <ymax>532.2599945068359</ymax>
    </bndbox>
</object><object>
    <name>black ball</name>
    <pose>Unspecified</pose>
    <truncated>0</truncated>
    <difficult>0</difficult>
    <bndbox>
        <xmin>1230.4554606958764</xmin>
        <ymin>566.8200164794922</ymin>
        <xmax>1351.377694470478</xmax>
        <ymax>702.1799835205079</ymax>
    </bndbox>
</object><object>
    <name>red ball</name>
    <pose>Unspecified</pose>
    <truncated>0</truncated>
    <difficult>0</difficult>
    <bndbox>
        <xmin>890.7216494845361</xmin>
        <ymin>516.4200164794922</ymin>
        <xmax>1047.6326367736644</xmax>
        <ymax>693.5400054931641</ymax>
    </bndbox>
</object><object>
    <name>black ball</name>
    <pose>Unspecified</pose>
    <truncated>0</truncated>
    <difficult>0</difficult>
    <bndbox>
        <xmin>644.5585974109653</xmin>
        <ymin>491.94000549316405</ymin>
        <xmax>758.2830804826616</xmax>
        <ymax>661.8600494384766</ymax>
    </bndbox>
</object>
</annotation>