<?xml version='1.0' encoding='utf-8'?>
<annotation verified="yes">
    <folder>Annotation</folder>
    <filename>frame_7478.jpg</filename>
    <path>wxt2-PascalVOC-export/Annotations/frame_7478.jpg</path>
    <source>
        <database>Unknown</database>
    </source>
    <size>
        <width>1920</width>
        <height>1080</height>
        <depth>3</depth>
    </size>
    <segmented>0</segmented>
    <object>
    <name>black ball</name>
    <pose>Unspecified</pose>
    <truncated>0</truncated>
    <difficult>0</difficult>
    <bndbox>
        <xmin>620.086288952671</xmin>
        <ymin>290.3400054931641</ymin>
        <xmax>706.4592973875351</xmax>
        <ymax>386.8200164794922</ymax>
    </bndbox>
</object><object>
    <name>black ball</name>
    <pose>Unspecified</pose>
    <truncated>0</truncated>
    <difficult>0</difficult>
    <bndbox>
        <xmin>814.4255579311152</xmin>
        <ymin>372.4200164794922</ymin>
        <xmax>896.4798720126522</xmax>
        <ymax>480.4200164794922</ymax>
    </bndbox>
</object><object>
    <name>red ball</name>
    <pose>Unspecified</pose>
    <truncated>0</truncated>
    <difficult>0</difficult>
    <bndbox>
        <xmin>981.4133522727273</xmin>
        <ymin>383.94000549316405</ymin>
        <xmax>1095.1378353444236</xmax>
        <ymax>499.14000549316404</ymax>
    </bndbox>
</object><object>
    <name>black ball</name>
    <pose>Unspecified</pose>
    <truncated>0</truncated>
    <difficult>0</difficult>
    <bndbox>
        <xmin>1208.8622085871602</xmin>
        <ymin>418.4999725341797</ymin>
        <xmax>1299.5539113753514</xmax>
        <ymax>506.3400054931641</ymax>
    </bndbox>
</object><object>
    <name>red ball</name>
    <pose>Unspecified</pose>
    <truncated>0</truncated>
    <difficult>0</difficult>
    <bndbox>
        <xmin>1188.7085944821931</xmin>
        <ymin>360.8999725341797</ymin>
        <xmax>1249.169656455014</xmax>
        <ymax>444.42001647949223</ymax>
    </bndbox>
</object><object>
    <name>red ball</name>
    <pose>Unspecified</pose>
    <truncated>0</truncated>
    <difficult>0</difficult>
    <bndbox>
        <xmin>1338.4217212394565</xmin>
        <ymin>332.0999725341797</ymin>
        <xmax>1410.39922826851</xmax>
        <ymax>414.17998352050785</ymax>
    </bndbox>
</object><object>
    <name>black ball</name>
    <pose>Unspecified</pose>
    <truncated>0</truncated>
    <difficult>0</difficult>
    <bndbox>
        <xmin>1013.0834114339269</xmin>
        <ymin>287.4599945068359</ymin>
        <xmax>1115.291449449391</xmax>
        <ymax>368.0999725341797</ymax>
    </bndbox>
</object><object>
    <name>red ball</name>
    <pose>Unspecified</pose>
    <truncated>0</truncated>
    <difficult>0</difficult>
    <bndbox>
        <xmin>899.3589283622306</xmin>
        <ymin>319.1400054931641</ymin>
        <xmax>971.336435391284</xmax>
        <ymax>399.77998352050787</ymax>
    </bndbox>
</object><object>
    <name>red ball</name>
    <pose>Unspecified</pose>
    <truncated>0</truncated>
    <difficult>0</difficult>
    <bndbox>
        <xmin>788.5136114690722</xmin>
        <ymin>268.74000549316406</ymin>
        <xmax>861.9306466729147</xmax>
        <ymax>345.05999450683595</ymax>
    </bndbox>
</object>
</annotation>