<?xml version='1.0' encoding='utf-8'?>
<annotation verified="yes">
    <folder>Annotation</folder>
    <filename>frame_7593.jpg</filename>
    <path>wxt2-PascalVOC-export/Annotations/frame_7593.jpg</path>
    <source>
        <database>Unknown</database>
    </source>
    <size>
        <width>1920</width>
        <height>1080</height>
        <depth>3</depth>
    </size>
    <segmented>0</segmented>
    <object>
    <name>black ball</name>
    <pose>Unspecified</pose>
    <truncated>0</truncated>
    <difficult>0</difficult>
    <bndbox>
        <xmin>863.3701748477039</xmin>
        <ymin>563.9400054931641</ymin>
        <xmax>972.7760733950329</xmax>
        <ymax>725.2199615478517</ymax>
    </bndbox>
</object><object>
    <name>red ball</name>
    <pose>Unspecified</pose>
    <truncated>0</truncated>
    <difficult>0</difficult>
    <bndbox>
        <xmin>995.808853678538</xmin>
        <ymin>414.17998352050785</ymin>
        <xmax>1118.1706156279288</xmax>
        <ymax>569.6999725341798</ymax>
    </bndbox>
</object><object>
    <name>red ball</name>
    <pose>Unspecified</pose>
    <truncated>0</truncated>
    <difficult>0</difficult>
    <bndbox>
        <xmin>1229.015932521087</xmin>
        <ymin>376.74000549316406</ymin>
        <xmax>1336.9821930646672</xmax>
        <ymax>497.69997253417966</ymax>
    </bndbox>
</object><object>
    <name>red ball</name>
    <pose>Unspecified</pose>
    <truncated>0</truncated>
    <difficult>0</difficult>
    <bndbox>
        <xmin>1357.1359169985942</xmin>
        <ymin>231.2999725341797</ymin>
        <xmax>1443.5089254334582</xmax>
        <ymax>342.1799835205078</ymax>
    </bndbox>
</object><object>
    <name>red ball</name>
    <pose>Unspecified</pose>
    <truncated>0</truncated>
    <difficult>0</difficult>
    <bndbox>
        <xmin>1252.0487128045922</xmin>
        <ymin>157.85999450683593</ymin>
        <xmax>1335.542664889878</xmax>
        <ymax>250.0200164794922</ymax>
    </bndbox>
</object><object>
    <name>red ball</name>
    <pose>Unspecified</pose>
    <truncated>0</truncated>
    <difficult>0</difficult>
    <bndbox>
        <xmin>1518.3655986410497</xmin>
        <ymin>336.4200164794922</ymin>
        <xmax>1678.1555324507967</xmax>
        <ymax>471.7799835205078</ymax>
    </bndbox>
</object><object>
    <name>black ball</name>
    <pose>Unspecified</pose>
    <truncated>0</truncated>
    <difficult>0</difficult>
    <bndbox>
        <xmin>1207.4226804123712</xmin>
        <ymin>607.140005493164</ymin>
        <xmax>1352.817222645267</xmax>
        <ymax>778.5000274658203</ymax>
    </bndbox>
</object><object>
    <name>black ball</name>
    <pose>Unspecified</pose>
    <truncated>0</truncated>
    <difficult>0</difficult>
    <bndbox>
        <xmin>1095.1378353444236</xmin>
        <ymin>258.659994506836</ymin>
        <xmax>1184.389900128866</xmax>
        <ymax>382.49997253417973</ymax>
    </bndbox>
</object><object>
    <name>black ball</name>
    <pose>Unspecified</pose>
    <truncated>0</truncated>
    <difficult>0</difficult>
    <bndbox>
        <xmin>1503.9700972352389</xmin>
        <ymin>260.0999725341797</ymin>
        <xmax>1583.1453549671976</xmax>
        <ymax>356.5799835205078</ymax>
    </bndbox>
</object><object>
    <name>black ball</name>
    <pose>Unspecified</pose>
    <truncated>0</truncated>
    <difficult>0</difficult>
    <bndbox>
        <xmin>1537.0797944001874</xmin>
        <ymin>455.94000549316405</ymin>
        <xmax>1688.2325591611996</xmax>
        <ymax>601.3799835205078</ymax>
    </bndbox>
</object>
</annotation>