<?xml version='1.0' encoding='utf-8'?>
<annotation verified="yes">
    <folder>Annotation</folder>
    <filename>frame_7892.jpg</filename>
    <path>wxt2-PascalVOC-export/Annotations/frame_7892.jpg</path>
    <source>
        <database>Unknown</database>
    </source>
    <size>
        <width>1920</width>
        <height>1080</height>
        <depth>3</depth>
    </size>
    <segmented>0</segmented>
    <object>
    <name>black ball</name>
    <pose>Unspecified</pose>
    <truncated>0</truncated>
    <difficult>0</difficult>
    <bndbox>
        <xmin>455.6555023923445</xmin>
        <ymin>597.8801524882414</ymin>
        <xmax>517.3895409688995</xmax>
        <ymax>639.0229423678651</ymax>
    </bndbox>
</object><object>
    <name>red ball</name>
    <pose>Unspecified</pose>
    <truncated>0</truncated>
    <difficult>0</difficult>
    <bndbox>
        <xmin>348.35599207535887</xmin>
        <ymin>609.6351872658244</ymin>
        <xmax>410.08997458133973</xmax>
        <ymax>656.6556626923231</ymax>
    </bndbox>
</object><object>
    <name>black ball</name>
    <pose>Unspecified</pose>
    <truncated>0</truncated>
    <difficult>0</difficult>
    <bndbox>
        <xmin>264.57416267942585</xmin>
        <ymin>615.5127607073102</ymin>
        <xmax>301.32057416267946</xmax>
        <ymax>658.1250280263472</ymax>
    </bndbox>
</object><object>
    <name>red ball</name>
    <pose>Unspecified</pose>
    <truncated>0</truncated>
    <difficult>0</difficult>
    <bndbox>
        <xmin>219.00863486842107</xmin>
        <ymin>612.5740300392619</ymin>
        <xmax>257.22488038277515</xmax>
        <ymax>664.0026014678333</ymax>
    </bndbox>
</object><object>
    <name>red ball</name>
    <pose>Unspecified</pose>
    <truncated>0</truncated>
    <difficult>0</difficult>
    <bndbox>
        <xmin>164.6239346590909</xmin>
        <ymin>603.7576138243384</ymin>
        <xmax>205.7799043062201</xmax>
        <ymax>647.8392464773996</ymax>
    </bndbox>
</object><object>
    <name>red start</name>
    <pose>Unspecified</pose>
    <truncated>0</truncated>
    <difficult>0</difficult>
    <bndbox>
        <xmin>845.1674641148326</xmin>
        <ymin>612.5740300392619</ymin>
        <xmax>1399.3034165669856</xmax>
        <ymax>668.410697469906</ymax>
    </bndbox>
</object><object>
    <name>crossing</name>
    <pose>Unspecified</pose>
    <truncated>0</truncated>
    <difficult>0</difficult>
    <bndbox>
        <xmin>1280.2449536483255</xmin>
        <ymin>815.34947298011</ymin>
        <xmax>1641.829620215311</xmax>
        <ymax>903.5127382862324</ymax>
    </bndbox>
</object>
</annotation>