<?xml version='1.0' encoding='utf-8'?>
<annotation verified="yes">
    <folder>Annotation</folder>
    <filename>frame_7472.jpg</filename>
    <path>wxt2-PascalVOC-export/Annotations/frame_7472.jpg</path>
    <source>
        <database>Unknown</database>
    </source>
    <size>
        <width>1920</width>
        <height>1080</height>
        <depth>3</depth>
    </size>
    <segmented>0</segmented>
    <object>
    <name>red ball</name>
    <pose>Unspecified</pose>
    <truncated>0</truncated>
    <difficult>0</difficult>
    <bndbox>
        <xmin>907.9963170688848</xmin>
        <ymin>409.85999450683596</ymin>
        <xmax>1018.8416339620431</xmax>
        <ymax>499.1400054931641</ymax>
    </bndbox>
</object><object>
    <name>red ball</name>
    <pose>Unspecified</pose>
    <truncated>0</truncated>
    <difficult>0</difficult>
    <bndbox>
        <xmin>1195.9063451850984</xmin>
        <ymin>378.17998352050785</ymin>
        <xmax>1250.6091846298032</xmax>
        <ymax>450.17998352050785</ymax>
    </bndbox>
</object><object>
    <name>red ball</name>
    <pose>Unspecified</pose>
    <truncated>0</truncated>
    <difficult>0</difficult>
    <bndbox>
        <xmin>1099.456419868791</xmin>
        <ymin>434.3400054931641</ymin>
        <xmax>1161.3571198453608</xmax>
        <ymax>504.8999725341797</ymax>
    </bndbox>
</object><object>
    <name>black ball</name>
    <pose>Unspecified</pose>
    <truncated>0</truncated>
    <difficult>0</difficult>
    <bndbox>
        <xmin>935.3476818767573</xmin>
        <ymin>333.5400054931641</ymin>
        <xmax>1004.4461325562324</xmax>
        <ymax>401.2200164794922</ymax>
    </bndbox>
</object><object>
    <name>black ball</name>
    <pose>Unspecified</pose>
    <truncated>0</truncated>
    <difficult>0</difficult>
    <bndbox>
        <xmin>779.8763325913777</xmin>
        <ymin>401.2200164794922</ymin>
        <xmax>856.1724241447985</xmax>
        <ymax>484.74000549316406</ymax>
    </bndbox>
</object><object>
    <name>red ball</name>
    <pose>Unspecified</pose>
    <truncated>0</truncated>
    <difficult>0</difficult>
    <bndbox>
        <xmin>746.7666354264293</xmin>
        <ymin>313.37998352050784</ymin>
        <xmax>804.348641049672</xmax>
        <ymax>383.9400054931641</ymax>
    </bndbox>
</object><object>
    <name>red ball</name>
    <pose>Unspecified</pose>
    <truncated>0</truncated>
    <difficult>0</difficult>
    <bndbox>
        <xmin>848.9746734418932</xmin>
        <ymin>376.74000549316406</ymin>
        <xmax>896.4798720126523</xmax>
        <ymax>421.37998352050784</ymax>
    </bndbox>
</object>
</annotation>