<?xml version='1.0' encoding='utf-8'?>
<annotation verified="yes">
    <folder>Annotation</folder>
    <filename>frame_7637.jpg</filename>
    <path>wxt2-PascalVOC-export/Annotations/frame_7637.jpg</path>
    <source>
        <database>Unknown</database>
    </source>
    <size>
        <width>1920</width>
        <height>1080</height>
        <depth>3</depth>
    </size>
    <segmented>0</segmented>
    <object>
    <name>black ball</name>
    <pose>Unspecified</pose>
    <truncated>0</truncated>
    <difficult>0</difficult>
    <bndbox>
        <xmin>717.9756326148079</xmin>
        <ymin>405.5400054931641</ymin>
        <xmax>756.8435523078725</xmax>
        <ymax>448.74000549316406</ymax>
    </bndbox>
</object><object>
    <name>black ball</name>
    <pose>Unspecified</pose>
    <truncated>0</truncated>
    <difficult>0</difficult>
    <bndbox>
        <xmin>935.3476818767573</xmin>
        <ymin>395.4599945068359</ymin>
        <xmax>972.7760733950329</xmax>
        <ymax>441.5400054931641</ymax>
    </bndbox>
</object><object>
    <name>red ball</name>
    <pose>Unspecified</pose>
    <truncated>0</truncated>
    <difficult>0</difficult>
    <bndbox>
        <xmin>781.3158607661668</xmin>
        <ymin>405.5400054931641</ymin>
        <xmax>830.260587511715</xmax>
        <ymax>454.4999725341797</ymax>
    </bndbox>
</object><object>
    <name>black ball</name>
    <pose>Unspecified</pose>
    <truncated>0</truncated>
    <difficult>0</difficult>
    <bndbox>
        <xmin>967.0178508669165</xmin>
        <ymin>430.0200164794922</ymin>
        <xmax>1013.0834114339268</xmax>
        <ymax>484.74000549316406</ymax>
    </bndbox>
</object>
</annotation>