<?xml version='1.0' encoding='utf-8'?>
<annotation verified="yes">
    <folder>Annotation</folder>
    <filename>frame_7908.jpg</filename>
    <path>wxt2-PascalVOC-export/Annotations/frame_7908.jpg</path>
    <source>
        <database>Unknown</database>
    </source>
    <size>
        <width>1920</width>
        <height>1080</height>
        <depth>3</depth>
    </size>
    <segmented>0</segmented>
    <object>
    <name>red start</name>
    <pose>Unspecified</pose>
    <truncated>0</truncated>
    <difficult>0</difficult>
    <bndbox>
        <xmin>824.5894512559809</xmin>
        <ymin>634.6148463657925</ymin>
        <xmax>1415.4718151913876</xmax>
        <ymax>686.0434177943639</ymax>
    </bndbox>
</object><object>
    <name>crossing</name>
    <pose>Unspecified</pose>
    <truncated>0</truncated>
    <difficult>0</difficult>
    <bndbox>
        <xmin>1344.9186602870814</xmin>
        <ymin>878.5331912916535</ymin>
        <xmax>1779.9962619617224</xmax>
        <ymax>991.676003592355</ymax>
    </bndbox>
</object><object>
    <name>black ball</name>
    <pose>Unspecified</pose>
    <truncated>0</truncated>
    <difficult>0</difficult>
    <bndbox>
        <xmin>408.6200844796651</xmin>
        <ymin>622.8596994828205</ymin>
        <xmax>465.94450882177034</xmax>
        <ymax>664.0026014678332</ymax>
    </bndbox>
</object><object>
    <name>red ball</name>
    <pose>Unspecified</pose>
    <truncated>0</truncated>
    <difficult>0</difficult>
    <bndbox>
        <xmin>286.622009569378</xmin>
        <ymin>630.2066382583307</ymin>
        <xmax>355.70527437200957</xmax>
        <ymax>683.1045750209264</ymax>
    </bndbox>
</object><object>
    <name>black ball</name>
    <pose>Unspecified</pose>
    <truncated>0</truncated>
    <difficult>0</difficult>
    <bndbox>
        <xmin>192.5512298145933</xmin>
        <ymin>641.9617851413026</ymin>
        <xmax>236.64692359449762</xmax>
        <ymax>686.0434177943638</ymax>
    </bndbox>
</object><object>
    <name>red ball</name>
    <pose>Unspecified</pose>
    <truncated>0</truncated>
    <difficult>0</difficult>
    <bndbox>
        <xmin>142.57608776913875</xmin>
        <ymin>639.0229423678651</ymin>
        <xmax>191.08133971291866</xmax>
        <ymax>694.8597219038983</ymax>
    </bndbox>
</object><object>
    <name>red ball</name>
    <pose>Unspecified</pose>
    <truncated>0</truncated>
    <difficult>0</difficult>
    <bndbox>
        <xmin>76.4325470992823</xmin>
        <ymin>619.920968814772</ymin>
        <xmax>138.16652960526318</xmax>
        <ymax>680.1658443528778</ymax>
    </bndbox>
</object>
</annotation>