<?xml version='1.0' encoding='utf-8'?>
<annotation verified="yes">
    <folder>Annotation</folder>
    <filename>frame_7439.jpg</filename>
    <path>wxt2-PascalVOC-export/Annotations/frame_7439.jpg</path>
    <source>
        <database>Unknown</database>
    </source>
    <size>
        <width>1920</width>
        <height>1080</height>
        <depth>3</depth>
    </size>
    <segmented>0</segmented>
    <object>
    <name>crossing</name>
    <pose>Unspecified</pose>
    <truncated>0</truncated>
    <difficult>0</difficult>
    <bndbox>
        <xmin>1223.2577099929708</xmin>
        <ymin>496.25999450683594</ymin>
        <xmax>1634.9690282333645</xmax>
        <ymax>686.3400054931641</ymax>
    </bndbox>
</object><object>
    <name>black ball</name>
    <pose>Unspecified</pose>
    <truncated>0</truncated>
    <difficult>0</difficult>
    <bndbox>
        <xmin>1711.265229615745</xmin>
        <ymin>291.7799835205078</ymin>
        <xmax>1748.6936211340205</xmax>
        <ymax>334.9799835205078</ymax>
    </bndbox>
</object><object>
    <name>red ball</name>
    <pose>Unspecified</pose>
    <truncated>0</truncated>
    <difficult>0</difficult>
    <bndbox>
        <xmin>1778.9240422914713</xmin>
        <ymin>264.4200164794922</ymin>
        <xmax>1826.4292408622305</xmax>
        <ymax>304.74000549316406</ymax>
    </bndbox>
</object><object>
    <name>red ball</name>
    <pose>Unspecified</pose>
    <truncated>0</truncated>
    <difficult>0</difficult>
    <bndbox>
        <xmin>1578.8266606138707</xmin>
        <ymin>280.25999450683594</ymin>
        <xmax>1647.925111293346</xmax>
        <ymax>329.2200164794922</ymax>
    </bndbox>
</object><object>
    <name>black ball</name>
    <pose>Unspecified</pose>
    <truncated>0</truncated>
    <difficult>0</difficult>
    <bndbox>
        <xmin>1493.8932901827554</xmin>
        <ymin>274.4999725341797</ymin>
        <xmax>1541.3982690955952</xmax>
        <ymax>326.340005493164</ymax>
    </bndbox>
</object><object>
    <name>red ball</name>
    <pose>Unspecified</pose>
    <truncated>0</truncated>
    <difficult>0</difficult>
    <bndbox>
        <xmin>1436.311174730553</xmin>
        <ymin>248.57998352050782</ymin>
        <xmax>1465.102287371134</xmax>
        <ymax>286.0200164794922</ymax>
    </bndbox>
</object><object>
    <name>black ball</name>
    <pose>Unspecified</pose>
    <truncated>0</truncated>
    <difficult>0</difficult>
    <bndbox>
        <xmin>1362.8941395267104</xmin>
        <ymin>254.34000549316406</ymin>
        <xmax>1403.2014775656046</xmax>
        <ymax>297.5400054931641</ymax>
    </bndbox>
</object>
</annotation>