<?xml version='1.0' encoding='utf-8'?>
<annotation verified="yes">
    <folder>Annotation</folder>
    <filename>frame_7930.jpg</filename>
    <path>wxt2-PascalVOC-export/Annotations/frame_7930.jpg</path>
    <source>
        <database>Unknown</database>
    </source>
    <size>
        <width>1920</width>
        <height>1080</height>
        <depth>3</depth>
    </size>
    <segmented>0</segmented>
    <object>
    <name>red start</name>
    <pose>Unspecified</pose>
    <truncated>0</truncated>
    <difficult>0</difficult>
    <bndbox>
        <xmin>804.0115505382776</xmin>
        <ymin>602.2882484903141</ymin>
        <xmax>1483.085302033493</xmax>
        <ymax>674.2882709113919</ymax>
    </bndbox>
</object><object>
    <name>crossing</name>
    <pose>Unspecified</pose>
    <truncated>0</truncated>
    <difficult>0</difficult>
    <bndbox>
        <xmin>1366.9665071770335</xmin>
        <ymin>928.4923973862007</ymin>
        <xmax>1899.0545005980862</xmax>
        <ymax>1079.8392688984775</ymax>
    </bndbox>
</object><object>
    <name>black ball</name>
    <pose>Unspecified</pose>
    <truncated>0</truncated>
    <difficult>0</difficult>
    <bndbox>
        <xmin>346.88615804425837</xmin>
        <ymin>600.8188831562899</ymin>
        <xmax>407.1502504485646</xmax>
        <ymax>652.2474545848613</ymax>
    </bndbox>
</object><object>
    <name>red ball</name>
    <pose>Unspecified</pose>
    <truncated>0</truncated>
    <difficult>0</difficult>
    <bndbox>
        <xmin>195.49089787679426</xmin>
        <ymin>614.0433953732861</ymin>
        <xmax>276.33300313995215</xmax>
        <ymax>675.7576362454162</ymax>
    </bndbox>
</object><object>
    <name>red ball</name>
    <pose>Unspecified</pose>
    <truncated>0</truncated>
    <difficult>0</difficult>
    <bndbox>
        <xmin>104.3598422547847</xmin>
        <ymin>594.9413097148039</ymin>
        <xmax>163.15410062799043</xmax>
        <ymax>652.2474545848613</ymax>
    </bndbox>
</object><object>
    <name>black ball</name>
    <pose>Unspecified</pose>
    <truncated>0</truncated>
    <difficult>0</difficult>
    <bndbox>
        <xmin>94.07083582535886</xmin>
        <ymin>628.7372729243065</ymin>
        <xmax>141.10625373803828</xmax>
        <ymax>687.5127831283882</ymax>
    </bndbox>
</object><object>
    <name>red ball</name>
    <pose>Unspecified</pose>
    <truncated>0</truncated>
    <difficult>0</difficult>
    <bndbox>
        <xmin>30.86701928827751</xmin>
        <ymin>627.2679075902822</ymin>
        <xmax>82.31199536483254</xmax>
        <ymax>691.9208791304608</ymax>
    </bndbox>
</object><object>
    <name>red ball</name>
    <pose>Unspecified</pose>
    <truncated>0</truncated>
    <difficult>0</difficult>
    <bndbox>
        <xmin>4.409586199162679</xmin>
        <ymin>600.8188831562899</ymin>
        <xmax>27.927295155502392</xmax>
        <ymax>666.9413321358817</ymax>
    </bndbox>
</object>
</annotation>