<?xml version='1.0' encoding='utf-8'?>
<annotation verified="yes">
    <folder>Annotation</folder>
    <filename>frame_7496.jpg</filename>
    <path>wxt2-PascalVOC-export/Annotations/frame_7496.jpg</path>
    <source>
        <database>Unknown</database>
    </source>
    <size>
        <width>1920</width>
        <height>1080</height>
        <depth>3</depth>
    </size>
    <segmented>0</segmented>
    <object>
    <name>black ball</name>
    <pose>Unspecified</pose>
    <truncated>0</truncated>
    <difficult>0</difficult>
    <bndbox>
        <xmin>1266.444214210403</xmin>
        <ymin>741.0600494384765</ymin>
        <xmax>1420.4761451499533</xmax>
        <ymax>922.5000274658203</ymax>
    </bndbox>
</object><object>
    <name>red ball</name>
    <pose>Unspecified</pose>
    <truncated>0</truncated>
    <difficult>0</difficult>
    <bndbox>
        <xmin>844.6560889175257</xmin>
        <ymin>568.2599945068359</ymin>
        <xmax>1011.6438832591377</xmax>
        <ymax>787.140005493164</ymax>
    </bndbox>
</object><object>
    <name>black ball</name>
    <pose>Unspecified</pose>
    <truncated>0</truncated>
    <difficult>0</difficult>
    <bndbox>
        <xmin>589.8556481373008</xmin>
        <ymin>510.659994506836</ymin>
        <xmax>746.7666354264293</xmax>
        <ymax>679.1400054931642</ymax>
    </bndbox>
</object><object>
    <name>black ball</name>
    <pose>Unspecified</pose>
    <truncated>0</truncated>
    <difficult>0</difficult>
    <bndbox>
        <xmin>513.5595016694002</xmin>
        <ymin>306.17998352050785</ymin>
        <xmax>641.6795410613871</xmax>
        <ymax>450.17998352050785</ymax>
    </bndbox>
</object><object>
    <name>black ball</name>
    <pose>Unspecified</pose>
    <truncated>0</truncated>
    <difficult>0</difficult>
    <bndbox>
        <xmin>679.1078227507029</xmin>
        <ymin>235.6200164794922</ymin>
        <xmax>758.2830804826617</xmax>
        <ymax>339.2999725341797</ymax>
    </bndbox>
</object><object>
    <name>red ball</name>
    <pose>Unspecified</pose>
    <truncated>0</truncated>
    <difficult>0</difficult>
    <bndbox>
        <xmin>805.7881692244611</xmin>
        <ymin>286.0200164794922</ymin>
        <xmax>896.4798720126522</xmax>
        <ymax>392.5799835205078</ymax>
    </bndbox>
</object><object>
    <name>red ball</name>
    <pose>Unspecified</pose>
    <truncated>0</truncated>
    <difficult>0</difficult>
    <bndbox>
        <xmin>889.2821213097469</xmin>
        <ymin>402.659994506836</ymin>
        <xmax>991.4901593252108</xmax>
        <ymax>517.859994506836</ymax>
    </bndbox>
</object><object>
    <name>red ball</name>
    <pose>Unspecified</pose>
    <truncated>0</truncated>
    <difficult>0</difficult>
    <bndbox>
        <xmin>1282.2793536199624</xmin>
        <ymin>562.4999725341797</ymin>
        <xmax>1429.1134240276474</xmax>
        <ymax>722.3400054931641</ymax>
    </bndbox>
</object><object>
    <name>red ball</name>
    <pose>Unspecified</pose>
    <truncated>0</truncated>
    <difficult>0</difficult>
    <bndbox>
        <xmin>1643.6064169400188</xmin>
        <ymin>540.8999725341797</ymin>
        <xmax>1832.1875732193066</xmax>
        <ymax>699.3000274658203</ymax>
    </bndbox>
</object><object>
    <name>black ball</name>
    <pose>Unspecified</pose>
    <truncated>0</truncated>
    <difficult>0</difficult>
    <bndbox>
        <xmin>1122.4892001522962</xmin>
        <ymin>353.6999725341797</ymin>
        <xmax>1243.4114339268979</xmax>
        <ymax>483.2999725341797</ymax>
    </bndbox>
</object>
</annotation>