<?xml version='1.0' encoding='utf-8'?>
<annotation verified="yes">
    <folder>Annotation</folder>
    <filename>frame_7565.jpg</filename>
    <path>wxt2-PascalVOC-export/Annotations/frame_7565.jpg</path>
    <source>
        <database>Unknown</database>
    </source>
    <size>
        <width>1920</width>
        <height>1080</height>
        <depth>3</depth>
    </size>
    <segmented>0</segmented>
    <object>
    <name>black ball</name>
    <pose>Unspecified</pose>
    <truncated>0</truncated>
    <difficult>0</difficult>
    <bndbox>
        <xmin>689.1846298031865</xmin>
        <ymin>392.5799835205078</ymin>
        <xmax>785.6345551194938</xmax>
        <ymax>513.540005493164</ymax>
    </bndbox>
</object><object>
    <name>black ball</name>
    <pose>Unspecified</pose>
    <truncated>0</truncated>
    <difficult>0</difficult>
    <bndbox>
        <xmin>788.5136114690722</xmin>
        <ymin>297.5400054931641</ymin>
        <xmax>856.1724241447986</xmax>
        <ymax>385.37998352050784</ymax>
    </bndbox>
</object><object>
    <name>red ball</name>
    <pose>Unspecified</pose>
    <truncated>0</truncated>
    <difficult>0</difficult>
    <bndbox>
        <xmin>926.7104029990628</xmin>
        <ymin>334.9799835205078</ymin>
        <xmax>1014.522939608716</xmax>
        <ymax>444.4200164794922</ymax>
    </bndbox>
</object><object>
    <name>red ball</name>
    <pose>Unspecified</pose>
    <truncated>0</truncated>
    <difficult>0</difficult>
    <bndbox>
        <xmin>1043.3139424203373</xmin>
        <ymin>467.4599945068359</ymin>
        <xmax>1134.0056452085284</xmax>
        <ymax>566.8200164794922</ymax>
    </bndbox>
</object><object>
    <name>black ball</name>
    <pose>Unspecified</pose>
    <truncated>0</truncated>
    <difficult>0</difficult>
    <bndbox>
        <xmin>1229.015932521087</xmin>
        <ymin>391.1400054931641</ymin>
        <xmax>1348.4986381208996</xmax>
        <ymax>507.77998352050787</ymax>
    </bndbox>
</object><object>
    <name>red ball</name>
    <pose>Unspecified</pose>
    <truncated>0</truncated>
    <difficult>0</difficult>
    <bndbox>
        <xmin>1442.0693972586691</xmin>
        <ymin>598.5000274658204</ymin>
        <xmax>1567.3102155576382</xmax>
        <ymax>736.7400054931642</ymax>
    </bndbox>
</object><object>
    <name>red ball</name>
    <pose>Unspecified</pose>
    <truncated>0</truncated>
    <difficult>0</difficult>
    <bndbox>
        <xmin>1721.3420366682287</xmin>
        <ymin>539.459994506836</ymin>
        <xmax>1888.3299408388004</xmax>
        <ymax>687.7799835205078</ymax>
    </bndbox>
</object><object>
    <name>black ball</name>
    <pose>Unspecified</pose>
    <truncated>0</truncated>
    <difficult>0</difficult>
    <bndbox>
        <xmin>1457.9045366682287</xmin>
        <ymin>775.6199615478516</ymin>
        <xmax>1619.1341084817245</xmax>
        <ymax>915.3000274658204</ymax>
    </bndbox>
</object><object>
    <name>red ball</name>
    <pose>Unspecified</pose>
    <truncated>0</truncated>
    <difficult>0</difficult>
    <bndbox>
        <xmin>1092.2586691658857</xmin>
        <ymin>651.7799835205078</ymin>
        <xmax>1257.8069353327087</xmax>
        <ymax>810.1799835205078</ymax>
    </bndbox>
</object><object>
    <name>black ball</name>
    <pose>Unspecified</pose>
    <truncated>0</truncated>
    <difficult>0</difficult>
    <bndbox>
        <xmin>853.2933677952202</xmin>
        <ymin>605.7000274658203</ymin>
        <xmax>972.7760733950328</xmax>
        <ymax>761.2199615478515</ymax>
    </bndbox>
</object>
</annotation>