<?xml version='1.0' encoding='utf-8'?>
<annotation verified="yes">
    <folder>Annotation</folder>
    <filename>frame_7564.jpg</filename>
    <path>wxt2-PascalVOC-export/Annotations/frame_7564.jpg</path>
    <source>
        <database>Unknown</database>
    </source>
    <size>
        <width>1920</width>
        <height>1080</height>
        <depth>3</depth>
    </size>
    <segmented>0</segmented>
    <object>
    <name>black ball</name>
    <pose>Unspecified</pose>
    <truncated>0</truncated>
    <difficult>0</difficult>
    <bndbox>
        <xmin>637.36084670806</xmin>
        <ymin>336.4200164794922</ymin>
        <xmax>743.887579076851</xmax>
        <ymax>458.8200164794922</ymax>
    </bndbox>
</object><object>
    <name>black ball</name>
    <pose>Unspecified</pose>
    <truncated>0</truncated>
    <difficult>0</difficult>
    <bndbox>
        <xmin>745.3271072516401</xmin>
        <ymin>251.45999450683595</ymin>
        <xmax>828.8210593369259</xmax>
        <ymax>352.25999450683594</ymax>
    </bndbox>
</object><object>
    <name>red ball</name>
    <pose>Unspecified</pose>
    <truncated>0</truncated>
    <difficult>0</difficult>
    <bndbox>
        <xmin>887.8425931349578</xmin>
        <ymin>300.4200164794922</ymin>
        <xmax>964.1386846883786</xmax>
        <ymax>406.9799835205078</ymax>
    </bndbox>
</object><object>
    <name>red ball</name>
    <pose>Unspecified</pose>
    <truncated>0</truncated>
    <difficult>0</difficult>
    <bndbox>
        <xmin>991.4901593252108</xmin>
        <ymin>414.17998352050785</ymin>
        <xmax>1074.9841114104966</xmax>
        <ymax>529.3799835205078</ymax>
    </bndbox>
</object><object>
    <name>black ball</name>
    <pose>Unspecified</pose>
    <truncated>0</truncated>
    <difficult>0</difficult>
    <bndbox>
        <xmin>1190.1481226569822</xmin>
        <ymin>353.6999725341797</ymin>
        <xmax>1289.477104322868</xmax>
        <ymax>473.22001647949224</ymax>
    </bndbox>
</object><object>
    <name>red ball</name>
    <pose>Unspecified</pose>
    <truncated>0</truncated>
    <difficult>0</difficult>
    <bndbox>
        <xmin>1360.0149733481724</xmin>
        <ymin>539.459994506836</ymin>
        <xmax>1489.5745958294283</xmax>
        <ymax>699.3000274658203</ymax>
    </bndbox>
</object><object>
    <name>red ball</name>
    <pose>Unspecified</pose>
    <truncated>0</truncated>
    <difficult>0</difficult>
    <bndbox>
        <xmin>1655.1228619962512</xmin>
        <ymin>504.8999725341797</ymin>
        <xmax>1822.1105465089036</xmax>
        <ymax>651.7799835205078</ymax>
    </bndbox>
</object><object>
    <name>black ball</name>
    <pose>Unspecified</pose>
    <truncated>0</truncated>
    <difficult>0</difficult>
    <bndbox>
        <xmin>1367.2127240510779</xmin>
        <ymin>713.7000274658203</ymin>
        <xmax>1501.0910408856607</xmax>
        <ymax>856.2600494384766</ymax>
    </bndbox>
</object><object>
    <name>red ball</name>
    <pose>Unspecified</pose>
    <truncated>0</truncated>
    <difficult>0</difficult>
    <bndbox>
        <xmin>1005.8856607310215</xmin>
        <ymin>586.9799835205079</ymin>
        <xmax>1181.5108437792876</xmax>
        <ymax>772.7400054931641</ymax>
    </bndbox>
</object><object>
    <name>black ball</name>
    <pose>Unspecified</pose>
    <truncated>0</truncated>
    <difficult>0</difficult>
    <bndbox>
        <xmin>1005.8856607310215</xmin>
        <ymin>586.9799835205079</ymin>
        <xmax>1181.5108437792876</xmax>
        <ymax>772.7400054931641</ymax>
    </bndbox>
</object><object>
    <name>black ball</name>
    <pose>Unspecified</pose>
    <truncated>0</truncated>
    <difficult>0</difficult>
    <bndbox>
        <xmin>774.1181100632615</xmin>
        <ymin>529.3799835205078</ymin>
        <xmax>903.6776227155576</xmax>
        <ymax>689.2199615478517</ymax>
    </bndbox>
</object>
</annotation>