<?xml version='1.0' encoding='utf-8'?>
<annotation verified="yes">
    <folder>Annotation</folder>
    <filename>frame_7628.jpg</filename>
    <path>wxt2-PascalVOC-export/Annotations/frame_7628.jpg</path>
    <source>
        <database>Unknown</database>
    </source>
    <size>
        <width>1920</width>
        <height>1080</height>
        <depth>3</depth>
    </size>
    <segmented>0</segmented>
    <object>
    <name>red ball</name>
    <pose>Unspecified</pose>
    <truncated>0</truncated>
    <difficult>0</difficult>
    <bndbox>
        <xmin>663.2727931701031</xmin>
        <ymin>516.4200164794922</ymin>
        <xmax>702.1406030342081</xmax>
        <ymax>578.3400054931641</ymax>
    </bndbox>
</object><object>
    <name>black ball</name>
    <pose>Unspecified</pose>
    <truncated>0</truncated>
    <difficult>0</difficult>
    <bndbox>
        <xmin>1077.863167760075</xmin>
        <ymin>481.85999450683596</ymin>
        <xmax>1121.049671977507</xmax>
        <ymax>520.7400054931641</ymax>
    </bndbox>
</object><object>
    <name>black ball</name>
    <pose>Unspecified</pose>
    <truncated>0</truncated>
    <difficult>0</difficult>
    <bndbox>
        <xmin>992.9296875</xmin>
        <ymin>496.25999450683594</ymin>
        <xmax>1054.8303874765697</xmax>
        <ymax>539.459994506836</ymax>
    </bndbox>
</object><object>
    <name>black ball</name>
    <pose>Unspecified</pose>
    <truncated>0</truncated>
    <difficult>0</difficult>
    <bndbox>
        <xmin>926.7104029990628</xmin>
        <ymin>476.0999725341797</ymin>
        <xmax>956.9409339854733</xmax>
        <ymax>525.0599945068359</ymax>
    </bndbox>
</object><object>
    <name>black ball</name>
    <pose>Unspecified</pose>
    <truncated>0</truncated>
    <difficult>0</difficult>
    <bndbox>
        <xmin>956.9409339854733</xmin>
        <ymin>520.7400054931641</ymin>
        <xmax>1018.8416339620431</xmax>
        <ymax>579.7799835205078</ymax>
    </bndbox>
</object><object>
    <name>red ball</name>
    <pose>Unspecified</pose>
    <truncated>0</truncated>
    <difficult>0</difficult>
    <bndbox>
        <xmin>879.2053142572634</xmin>
        <ymin>529.3799835205078</ymin>
        <xmax>942.5454325796626</xmax>
        <ymax>584.1000274658203</ymax>
    </bndbox>
</object><object>
    <name>red ball</name>
    <pose>Unspecified</pose>
    <truncated>0</truncated>
    <difficult>0</difficult>
    <bndbox>
        <xmin>853.2933677952202</xmin>
        <ymin>496.25999450683594</ymin>
        <xmax>899.3589283622305</xmax>
        <ymax>546.6599945068359</ymax>
    </bndbox>
</object><object>
    <name>red ball</name>
    <pose>Unspecified</pose>
    <truncated>0</truncated>
    <difficult>0</difficult>
    <bndbox>
        <xmin>762.601665007029</xmin>
        <ymin>494.8200164794922</ymin>
        <xmax>811.5463917525773</xmax>
        <ymax>536.5799835205079</ymax>
    </bndbox>
</object><object>
    <name>red ball</name>
    <pose>Unspecified</pose>
    <truncated>0</truncated>
    <difficult>0</difficult>
    <bndbox>
        <xmin>787.074083294283</xmin>
        <ymin>540.8999725341797</ymin>
        <xmax>824.5023649835989</xmax>
        <ymax>598.5000274658204</ymax>
    </bndbox>
</object><object>
    <name>black ball</name>
    <pose>Unspecified</pose>
    <truncated>0</truncated>
    <difficult>0</difficult>
    <bndbox>
        <xmin>686.3055734536082</xmin>
        <ymin>491.94000549316405</ymin>
        <xmax>742.4480509020618</xmax>
        <ymax>533.6999725341797</ymax>
    </bndbox>
</object>
</annotation>