<?xml version='1.0' encoding='utf-8'?>
<annotation verified="yes">
    <folder>Annotation</folder>
    <filename>frame_7936.jpg</filename>
    <path>wxt2-PascalVOC-export/Annotations/frame_7936.jpg</path>
    <source>
        <database>Unknown</database>
    </source>
    <size>
        <width>1920</width>
        <height>1080</height>
        <depth>3</depth>
    </size>
    <segmented>0</segmented>
    <object>
    <name>red start</name>
    <pose>Unspecified</pose>
    <truncated>0</truncated>
    <difficult>0</difficult>
    <bndbox>
        <xmin>796.6622682416269</xmin>
        <ymin>609.6351872658244</ymin>
        <xmax>1471.3264055023924</xmax>
        <ymax>681.6352096869022</ymax>
    </bndbox>
</object><object>
    <name>crossing</name>
    <pose>Unspecified</pose>
    <truncated>0</truncated>
    <difficult>0</difficult>
    <bndbox>
        <xmin>1419.881317284689</xmin>
        <ymin>953.4719443807796</ymin>
        <xmax>1912.2833433014355</xmax>
        <ymax>1071.022964788943</ymax>
    </bndbox>
</object><object>
    <name>black ball</name>
    <pose>Unspecified</pose>
    <truncated>0</truncated>
    <difficult>0</difficult>
    <bndbox>
        <xmin>321.8985870215311</xmin>
        <ymin>597.8801524882414</ymin>
        <xmax>388.0421276913876</xmax>
        <ymax>652.2474545848613</ymax>
    </bndbox>
</object><object>
    <name>red ball</name>
    <pose>Unspecified</pose>
    <truncated>0</truncated>
    <difficult>0</difficult>
    <bndbox>
        <xmin>157.2746523624402</xmin>
        <ymin>606.6964565977759</ymin>
        <xmax>242.5263157894737</xmax>
        <ymax>680.1658443528779</ymax>
    </bndbox>
</object><object>
    <name>red ball</name>
    <pose>Unspecified</pose>
    <truncated>0</truncated>
    <difficult>0</difficult>
    <bndbox>
        <xmin>70.55309883373207</xmin>
        <ymin>594.9413097148039</ymin>
        <xmax>126.40768914473685</xmax>
        <ymax>653.7168199188856</ymax>
    </bndbox>
</object><object>
    <name>black ball</name>
    <pose>Unspecified</pose>
    <truncated>0</truncated>
    <difficult>0</difficult>
    <bndbox>
        <xmin>55.854534240430624</xmin>
        <ymin>624.3290648168447</ymin>
        <xmax>105.82967628588517</xmax>
        <ymax>683.1045750209264</ymax>
    </bndbox>
</object><object>
    <name>red ball</name>
    <pose>Unspecified</pose>
    <truncated>0</truncated>
    <difficult>0</difficult>
    <bndbox>
        <xmin>1.46986206638756</xmin>
        <ymin>622.8596994828205</ymin>
        <xmax>38.21630158492823</xmax>
        <ymax>687.512783128388</ymax>
    </bndbox>
</object>
</annotation>