<?xml version='1.0' encoding='utf-8'?>
<annotation verified="yes">
    <folder>Annotation</folder>
    <filename>frame_7418.jpg</filename>
    <path>wxt2-PascalVOC-export/Annotations/frame_7418.jpg</path>
    <source>
        <database>Unknown</database>
    </source>
    <size>
        <width>1920</width>
        <height>1080</height>
        <depth>3</depth>
    </size>
    <segmented>0</segmented>
    <object>
    <name>crossing</name>
    <pose>Unspecified</pose>
    <truncated>0</truncated>
    <difficult>0</difficult>
    <bndbox>
        <xmin>1036.116191717432</xmin>
        <ymin>575.459994506836</ymin>
        <xmax>1678.1555324507967</xmax>
        <ymax>902.3400054931642</ymax>
    </bndbox>
</object><object>
    <name>black ball</name>
    <pose>Unspecified</pose>
    <truncated>0</truncated>
    <difficult>0</difficult>
    <bndbox>
        <xmin>1138.3243395618556</xmin>
        <ymin>228.4200164794922</ymin>
        <xmax>1197.3458733598875</xmax>
        <ymax>275.9400054931641</ymax>
    </bndbox>
</object><object>
    <name>black ball</name>
    <pose>Unspecified</pose>
    <truncated>0</truncated>
    <difficult>0</difficult>
    <bndbox>
        <xmin>1293.7956888472352</xmin>
        <ymin>252.89997253417968</ymin>
        <xmax>1339.8613592432052</xmax>
        <ymax>301.85999450683596</ymax>
    </bndbox>
</object><object>
    <name>black ball</name>
    <pose>Unspecified</pose>
    <truncated>0</truncated>
    <difficult>0</difficult>
    <bndbox>
        <xmin>1116.7310874531397</xmin>
        <ymin>267.2999725341797</ymin>
        <xmax>1167.115342373477</xmax>
        <ymax>313.37998352050784</ymax>
    </bndbox>
</object><object>
    <name>black ball</name>
    <pose>Unspecified</pose>
    <truncated>0</truncated>
    <difficult>0</difficult>
    <bndbox>
        <xmin>974.215601569822</xmin>
        <ymin>262.9799835205078</ymin>
        <xmax>1017.402105787254</xmax>
        <ymax>303.2999725341797</ymax>
    </bndbox>
</object><object>
    <name>red ball</name>
    <pose>Unspecified</pose>
    <truncated>0</truncated>
    <difficult>0</difficult>
    <bndbox>
        <xmin>1023.1603283153702</xmin>
        <ymin>238.4999725341797</ymin>
        <xmax>1062.0281381794753</xmax>
        <ymax>284.5799835205078</ymax>
    </bndbox>
</object><object>
    <name>red ball</name>
    <pose>Unspecified</pose>
    <truncated>0</truncated>
    <difficult>0</difficult>
    <bndbox>
        <xmin>1190.1481226569822</xmin>
        <ymin>261.5400054931641</ymin>
        <xmax>1244.850962101687</xmax>
        <ymax>310.4999725341797</ymax>
    </bndbox>
</object><object>
    <name>red ball</name>
    <pose>Unspecified</pose>
    <truncated>0</truncated>
    <difficult>0</difficult>
    <bndbox>
        <xmin>1331.2239705365512</xmin>
        <ymin>224.0999725341797</ymin>
        <xmax>1362.8941395267104</xmax>
        <ymax>271.6200164794922</ymax>
    </bndbox>
</object>
</annotation>