<?xml version='1.0' encoding='utf-8'?>
<annotation verified="yes">
    <folder>Annotation</folder>
    <filename>frame_7430.jpg</filename>
    <path>wxt2-PascalVOC-export/Annotations/frame_7430.jpg</path>
    <source>
        <database>Unknown</database>
    </source>
    <size>
        <width>1920</width>
        <height>1080</height>
        <depth>3</depth>
    </size>
    <segmented>0</segmented>
    <object>
    <name>crossing</name>
    <pose>Unspecified</pose>
    <truncated>0</truncated>
    <difficult>0</difficult>
    <bndbox>
        <xmin>1024.5998564901593</xmin>
        <ymin>445.85999450683596</ymin>
        <xmax>1472.3000380740393</xmax>
        <ymax>637.3799835205078</ymax>
    </bndbox>
</object><object>
    <name>black ball</name>
    <pose>Unspecified</pose>
    <truncated>0</truncated>
    <difficult>0</difficult>
    <bndbox>
        <xmin>1063.4676663542643</xmin>
        <ymin>202.4999725341797</ymin>
        <xmax>1095.1378353444236</xmax>
        <ymax>235.62001647949222</ymax>
    </bndbox>
</object><object>
    <name>black ball</name>
    <pose>Unspecified</pose>
    <truncated>0</truncated>
    <difficult>0</difficult>
    <bndbox>
        <xmin>1365.7731958762886</xmin>
        <ymin>234.17998352050782</ymin>
        <xmax>1400.3224212160262</xmax>
        <ymax>283.14000549316404</ymax>
    </bndbox>
</object><object>
    <name>red ball</name>
    <pose>Unspecified</pose>
    <truncated>0</truncated>
    <difficult>0</difficult>
    <bndbox>
        <xmin>1414.7179226218368</xmin>
        <ymin>214.0200164794922</ymin>
        <xmax>1443.5089254334582</xmax>
        <ymax>255.7799835205078</ymax>
    </bndbox>
</object><object>
    <name>red ball</name>
    <pose>Unspecified</pose>
    <truncated>0</truncated>
    <difficult>0</difficult>
    <bndbox>
        <xmin>1262.1256296860356</xmin>
        <ymin>224.0999725341797</ymin>
        <xmax>1322.5866916588566</xmax>
        <ymax>281.6999725341797</ymax>
    </bndbox>
</object><object>
    <name>black ball</name>
    <pose>Unspecified</pose>
    <truncated>0</truncated>
    <difficult>0</difficult>
    <bndbox>
        <xmin>1203.1040958880037</xmin>
        <ymin>231.2999725341797</ymin>
        <xmax>1244.850962101687</xmax>
        <ymax>275.94000549316405</ymax>
    </bndbox>
</object><object>
    <name>red ball</name>
    <pose>Unspecified</pose>
    <truncated>0</truncated>
    <difficult>0</difficult>
    <bndbox>
        <xmin>1139.763867736645</xmin>
        <ymin>206.82001647949218</ymin>
        <xmax>1168.5548705482663</xmax>
        <ymax>239.94000549316405</ymax>
    </bndbox>
</object><object>
    <name>black ball</name>
    <pose>Unspecified</pose>
    <truncated>0</truncated>
    <difficult>0</difficult>
    <bndbox>
        <xmin>1085.0609184629802</xmin>
        <ymin>214.0200164794922</ymin>
        <xmax>1116.7310874531395</xmax>
        <ymax>255.7799835205078</ymax>
    </bndbox>
</object>
</annotation>