<?xml version='1.0' encoding='utf-8'?>
<annotation verified="yes">
    <folder>Annotation</folder>
    <filename>frame_7589.jpg</filename>
    <path>wxt2-PascalVOC-export/Annotations/frame_7589.jpg</path>
    <source>
        <database>Unknown</database>
    </source>
    <size>
        <width>1920</width>
        <height>1080</height>
        <depth>3</depth>
    </size>
    <segmented>0</segmented>
    <object>
    <name>black ball</name>
    <pose>Unspecified</pose>
    <truncated>0</truncated>
    <difficult>0</difficult>
    <bndbox>
        <xmin>910.875373418463</xmin>
        <ymin>568.2599945068359</ymin>
        <xmax>1018.8416339620431</xmax>
        <ymax>720.9000274658204</ymax>
    </bndbox>
</object><object>
    <name>black ball</name>
    <pose>Unspecified</pose>
    <truncated>0</truncated>
    <difficult>0</difficult>
    <bndbox>
        <xmin>1227.576404346298</xmin>
        <ymin>677.7000274658203</ymin>
        <xmax>1381.6082254568885</xmax>
        <ymax>860.5799835205078</ymax>
    </bndbox>
</object><object>
    <name>black ball</name>
    <pose>Unspecified</pose>
    <truncated>0</truncated>
    <difficult>0</difficult>
    <bndbox>
        <xmin>1250.6091846298032</xmin>
        <ymin>311.94000549316405</ymin>
        <xmax>1352.817222645267</xmax>
        <ymax>428.5799835205078</ymax>
    </bndbox>
</object><object>
    <name>black ball</name>
    <pose>Unspecified</pose>
    <truncated>0</truncated>
    <difficult>0</difficult>
    <bndbox>
        <xmin>1732.8584817244612</xmin>
        <ymin>372.4200164794922</ymin>
        <xmax>1835.0666295688848</xmax>
        <ymax>481.85999450683596</ymax>
    </bndbox>
</object><object>
    <name>black ball</name>
    <pose>Unspecified</pose>
    <truncated>0</truncated>
    <difficult>0</difficult>
    <bndbox>
        <xmin>1691.111615510778</xmin>
        <ymin>605.7000274658203</ymin>
        <xmax>1859.538938027179</xmax>
        <ymax>756.9000274658204</ymax>
    </bndbox>
</object><object>
    <name>red ball</name>
    <pose>Unspecified</pose>
    <truncated>0</truncated>
    <difficult>0</difficult>
    <bndbox>
        <xmin>1367.2127240510779</xmin>
        <ymin>463.1400054931641</ymin>
        <xmax>1462.2230113636365</xmax>
        <ymax>566.8200164794922</ymax>
    </bndbox>
</object><object>
    <name>red ball</name>
    <pose>Unspecified</pose>
    <truncated>0</truncated>
    <difficult>0</difficult>
    <bndbox>
        <xmin>1099.456419868791</xmin>
        <ymin>466.0200164794922</ymin>
        <xmax>1203.1040958880037</xmax>
        <ymax>592.7400054931641</ymax>
    </bndbox>
</object><object>
    <name>red ball</name>
    <pose>Unspecified</pose>
    <truncated>0</truncated>
    <difficult>0</difficult>
    <bndbox>
        <xmin>1562.991521204311</xmin>
        <ymin>327.7799835205078</ymin>
        <xmax>1663.760031044986</xmax>
        <ymax>445.85999450683596</ymax>
    </bndbox>
</object><object>
    <name>red ball</name>
    <pose>Unspecified</pose>
    <truncated>0</truncated>
    <difficult>0</difficult>
    <bndbox>
        <xmin>1486.6955394798501</xmin>
        <ymin>221.2200164794922</ymin>
        <xmax>1573.0685479147141</xmax>
        <ymax>316.25999450683594</ymax>
    </bndbox>
</object><object>
    <name>red ball</name>
    <pose>Unspecified</pose>
    <truncated>0</truncated>
    <difficult>0</difficult>
    <bndbox>
        <xmin>1704.0674789128398</xmin>
        <ymin>484.74000549316406</ymin>
        <xmax>1891.2089971883786</xmax>
        <ymax>621.540005493164</ymax>
    </bndbox>
</object>
</annotation>