<?xml version='1.0' encoding='utf-8'?>
<annotation verified="yes">
    <folder>Annotation</folder>
    <filename>frame_7488.jpg</filename>
    <path>wxt2-PascalVOC-export/Annotations/frame_7488.jpg</path>
    <source>
        <database>Unknown</database>
    </source>
    <size>
        <width>1920</width>
        <height>1080</height>
        <depth>3</depth>
    </size>
    <segmented>0</segmented>
    <object>
    <name>black ball</name>
    <pose>Unspecified</pose>
    <truncated>0</truncated>
    <difficult>0</difficult>
    <bndbox>
        <xmin>404.1537129510309</xmin>
        <ymin>376.74000549316406</ymin>
        <xmax>542.3505593955014</xmax>
        <ymax>503.4599945068359</ymax>
    </bndbox>
</object><object>
    <name>black ball</name>
    <pose>Unspecified</pose>
    <truncated>0</truncated>
    <difficult>0</difficult>
    <bndbox>
        <xmin>542.3505593955014</xmin>
        <ymin>296.0999725341797</ymin>
        <xmax>631.6026241799437</xmax>
        <ymax>388.25999450683594</ymax>
    </bndbox>
</object><object>
    <name>red ball</name>
    <pose>Unspecified</pose>
    <truncated>0</truncated>
    <difficult>0</difficult>
    <bndbox>
        <xmin>702.1406030342081</xmin>
        <ymin>319.1400054931641</ymin>
        <xmax>798.5904185215558</xmax>
        <ymax>447.2999725341797</ymax>
    </bndbox>
</object><object>
    <name>red ball</name>
    <pose>Unspecified</pose>
    <truncated>0</truncated>
    <difficult>0</difficult>
    <bndbox>
        <xmin>827.3814213331772</xmin>
        <ymin>427.1400054931641</ymin>
        <xmax>920.9521804709466</xmax>
        <ymax>539.459994506836</ymax>
    </bndbox>
</object><object>
    <name>black ball</name>
    <pose>Unspecified</pose>
    <truncated>0</truncated>
    <difficult>0</difficult>
    <bndbox>
        <xmin>1023.1603283153702</xmin>
        <ymin>358.0200164794922</ymin>
        <xmax>1142.642924086223</xmax>
        <ymax>474.659994506836</ymax>
    </bndbox>
</object><object>
    <name>red ball</name>
    <pose>Unspecified</pose>
    <truncated>0</truncated>
    <difficult>0</difficult>
    <bndbox>
        <xmin>1239.0928494025304</xmin>
        <ymin>512.0999725341798</ymin>
        <xmax>1367.2127240510777</xmax>
        <ymax>658.9799835205079</ymax>
    </bndbox>
</object><object>
    <name>red ball</name>
    <pose>Unspecified</pose>
    <truncated>0</truncated>
    <difficult>0</difficult>
    <bndbox>
        <xmin>1486.6955394798501</xmin>
        <ymin>461.6999725341797</ymin>
        <xmax>1626.3318591846298</xmax>
        <ymax>591.3000274658203</ymax>
    </bndbox>
</object><object>
    <name>red ball</name>
    <pose>Unspecified</pose>
    <truncated>0</truncated>
    <difficult>0</difficult>
    <bndbox>
        <xmin>877.7656762535145</xmin>
        <ymin>574.0200164794923</ymin>
        <xmax>1083.6213902881912</xmax>
        <ymax>781.379983520508</ymax>
    </bndbox>
</object><object>
    <name>black ball</name>
    <pose>Unspecified</pose>
    <truncated>0</truncated>
    <difficult>0</difficult>
    <bndbox>
        <xmin>1275.0816029170571</xmin>
        <ymin>656.1000274658203</ymin>
        <xmax>1431.9924803772258</xmax>
        <ymax>810.1799835205078</ymax>
    </bndbox>
</object><object>
    <name>black ball</name>
    <pose>Unspecified</pose>
    <truncated>0</truncated>
    <difficult>0</difficult>
    <bndbox>
        <xmin>589.8556481373008</xmin>
        <ymin>545.2200164794922</ymin>
        <xmax>748.2061636012183</xmax>
        <ymax>722.3400054931641</ymax>
    </bndbox>
</object>
</annotation>