<?xml version='1.0' encoding='utf-8'?>
<annotation verified="yes">
    <folder>Annotation</folder>
    <filename>frame_7509.jpg</filename>
    <path>wxt2-PascalVOC-export/Annotations/frame_7509.jpg</path>
    <source>
        <database>Unknown</database>
    </source>
    <size>
        <width>1920</width>
        <height>1080</height>
        <depth>3</depth>
    </size>
    <segmented>0</segmented>
    <object>
    <name>red ball</name>
    <pose>Unspecified</pose>
    <truncated>0</truncated>
    <difficult>0</difficult>
    <bndbox>
        <xmin>1789.0010690018744</xmin>
        <ymin>571.140005493164</ymin>
        <xmax>1914.2418873008435</xmax>
        <ymax>775.6199615478515</ymax>
    </bndbox>
</object><object>
    <name>red ball</name>
    <pose>Unspecified</pose>
    <truncated>0</truncated>
    <difficult>0</difficult>
    <bndbox>
        <xmin>1335.542664889878</xmin>
        <ymin>545.2200164794922</ymin>
        <xmax>1462.2230113636363</xmax>
        <ymax>715.140005493164</ymax>
    </bndbox>
</object><object>
    <name>black ball</name>
    <pose>Unspecified</pose>
    <truncated>0</truncated>
    <difficult>0</difficult>
    <bndbox>
        <xmin>1223.2577099929708</xmin>
        <ymin>690.6600494384766</ymin>
        <xmax>1361.4546113519211</xmax>
        <ymax>856.2600494384766</ymax>
    </bndbox>
</object><object>
    <name>red ball</name>
    <pose>Unspecified</pose>
    <truncated>0</truncated>
    <difficult>0</difficult>
    <bndbox>
        <xmin>915.1940677717901</xmin>
        <ymin>516.4200164794922</ymin>
        <xmax>1059.1490818298969</xmax>
        <ymax>689.2199615478517</ymax>
    </bndbox>
</object><object>
    <name>black ball</name>
    <pose>Unspecified</pose>
    <truncated>0</truncated>
    <difficult>0</difficult>
    <bndbox>
        <xmin>792.8323058223992</xmin>
        <ymin>461.6999725341797</ymin>
        <xmax>895.0403438378631</xmax>
        <ymax>589.8600494384766</ymax>
    </bndbox>
</object><object>
    <name>red ball</name>
    <pose>Unspecified</pose>
    <truncated>0</truncated>
    <difficult>0</difficult>
    <bndbox>
        <xmin>1064.9071945290534</xmin>
        <ymin>411.2999725341797</ymin>
        <xmax>1154.1593691424555</xmax>
        <ymax>503.4599945068359</ymax>
    </bndbox>
</object><object>
    <name>black ball</name>
    <pose>Unspecified</pose>
    <truncated>0</truncated>
    <difficult>0</difficult>
    <bndbox>
        <xmin>1298.1143832005623</xmin>
        <ymin>372.4200164794922</ymin>
        <xmax>1419.036616975164</xmax>
        <ymax>496.25999450683594</ymax>
    </bndbox>
</object><object>
    <name>red ball</name>
    <pose>Unspecified</pose>
    <truncated>0</truncated>
    <difficult>0</difficult>
    <bndbox>
        <xmin>1044.7535804240863</xmin>
        <ymin>310.4999725341797</ymin>
        <xmax>1116.7310874531397</xmax>
        <ymax>405.5400054931641</ymax>
    </bndbox>
</object><object>
    <name>black ball</name>
    <pose>Unspecified</pose>
    <truncated>0</truncated>
    <difficult>0</difficult>
    <bndbox>
        <xmin>967.0178508669165</xmin>
        <ymin>275.94000549316405</ymin>
        <xmax>1028.9184410145267</xmax>
        <ymax>363.7799835205078</ymax>
    </bndbox>
</object><object>
    <name>black ball</name>
    <pose>Unspecified</pose>
    <truncated>0</truncated>
    <difficult>0</difficult>
    <bndbox>
        <xmin>802.9091128748828</xmin>
        <ymin>314.8200164794922</ymin>
        <xmax>897.9194001874414</xmax>
        <ymax>417.05999450683595</ymax>
    </bndbox>
</object>
</annotation>