<?xml version='1.0' encoding='utf-8'?>
<annotation verified="yes">
    <folder>Annotation</folder>
    <filename>frame_7931.jpg</filename>
    <path>wxt2-PascalVOC-export/Annotations/frame_7931.jpg</path>
    <source>
        <database>Unknown</database>
    </source>
    <size>
        <width>1920</width>
        <height>1080</height>
        <depth>3</depth>
    </size>
    <segmented>0</segmented>
    <object>
    <name>red start</name>
    <pose>Unspecified</pose>
    <truncated>0</truncated>
    <difficult>0</difficult>
    <bndbox>
        <xmin>808.421052631579</xmin>
        <ymin>608.1658219318001</ymin>
        <xmax>1463.9771232057417</xmax>
        <ymax>677.2270015794404</ymax>
    </bndbox>
</object><object>
    <name>crossing</name>
    <pose>Unspecified</pose>
    <truncated>0</truncated>
    <difficult>0</difficult>
    <bndbox>
        <xmin>1380.1952377392345</xmin>
        <ymin>937.308701495735</ymin>
        <xmax>1897.5847787081339</xmax>
        <ymax>1076.900538230429</ymax>
    </bndbox>
</object><object>
    <name>black ball</name>
    <pose>Unspecified</pose>
    <truncated>0</truncated>
    <difficult>0</difficult>
    <bndbox>
        <xmin>339.53687574760767</xmin>
        <ymin>596.4106750488281</ymin>
        <xmax>402.74069228468903</xmax>
        <ymax>656.6556626923231</ymax>
    </bndbox>
</object><object>
    <name>red ball</name>
    <pose>Unspecified</pose>
    <truncated>0</truncated>
    <difficult>0</difficult>
    <bndbox>
        <xmin>192.5512298145933</xmin>
        <ymin>614.0433953732861</ymin>
        <xmax>267.51388681220095</xmax>
        <ymax>678.6964790188537</ymax>
    </bndbox>
</object><object>
    <name>red ball</name>
    <pose>Unspecified</pose>
    <truncated>0</truncated>
    <difficult>0</difficult>
    <bndbox>
        <xmin>99.95022802033493</xmin>
        <ymin>596.4106750488281</ymin>
        <xmax>163.15410062799043</xmax>
        <ymax>653.7168199188856</ymax>
    </bndbox>
</object><object>
    <name>black ball</name>
    <pose>Unspecified</pose>
    <truncated>0</truncated>
    <difficult>0</difficult>
    <bndbox>
        <xmin>83.78182939593302</xmin>
        <ymin>630.2066382583307</ymin>
        <xmax>142.57608776913875</xmax>
        <ymax>687.5127831283882</ymax>
    </bndbox>
</object><object>
    <name>red ball</name>
    <pose>Unspecified</pose>
    <truncated>0</truncated>
    <difficult>0</difficult>
    <bndbox>
        <xmin>26.457405053827753</xmin>
        <ymin>625.798430150869</ymin>
        <xmax>74.96271306818183</xmax>
        <ymax>691.9208791304608</ymax>
    </bndbox>
</object>
</annotation>