<?xml version='1.0' encoding='utf-8'?>
<annotation verified="yes">
    <folder>Annotation</folder>
    <filename>frame_7437.jpg</filename>
    <path>wxt2-PascalVOC-export/Annotations/frame_7437.jpg</path>
    <source>
        <database>Unknown</database>
    </source>
    <size>
        <width>1920</width>
        <height>1080</height>
        <depth>3</depth>
    </size>
    <segmented>0</segmented>
    <object>
    <name>crossing</name>
    <pose>Unspecified</pose>
    <truncated>0</truncated>
    <difficult>0</difficult>
    <bndbox>
        <xmin>1308.191190253046</xmin>
        <ymin>466.0200164794922</ymin>
        <xmax>1812.0337394564199</xmax>
        <ymax>715.140005493164</ymax>
    </bndbox>
</object><object>
    <name>red ball</name>
    <pose>Unspecified</pose>
    <truncated>0</truncated>
    <difficult>0</difficult>
    <bndbox>
        <xmin>1714.1442859653234</xmin>
        <ymin>273.05999450683595</ymin>
        <xmax>1780.3636802952203</xmax>
        <ymax>324.8999725341797</ymax>
    </bndbox>
</object><object>
    <name>black ball</name>
    <pose>Unspecified</pose>
    <truncated>0</truncated>
    <difficult>0</difficult>
    <bndbox>
        <xmin>1860.9785760309278</xmin>
        <ymin>293.2200164794922</ymin>
        <xmax>1899.8463858950327</xmax>
        <ymax>337.85999450683596</ymax>
    </bndbox>
</object><object>
    <name>black ball</name>
    <pose>Unspecified</pose>
    <truncated>0</truncated>
    <difficult>0</difficult>
    <bndbox>
        <xmin>1623.4528028350514</xmin>
        <ymin>265.85999450683596</ymin>
        <xmax>1673.8370577553887</xmax>
        <ymax>310.49997253417973</ymax>
    </bndbox>
</object><object>
    <name>black ball</name>
    <pose>Unspecified</pose>
    <truncated>0</truncated>
    <difficult>0</difficult>
    <bndbox>
        <xmin>1483.8162634723524</xmin>
        <ymin>239.94000549316408</ymin>
        <xmax>1524.1237113402062</xmax>
        <ymax>281.6999725341797</ymax>
    </bndbox>
</object><object>
    <name>red ball</name>
    <pose>Unspecified</pose>
    <truncated>0</truncated>
    <difficult>0</difficult>
    <bndbox>
        <xmin>1554.3543521555764</xmin>
        <ymin>225.54000549316407</ymin>
        <xmax>1591.7825240159325</xmax>
        <ymax>277.37998352050784</ymax>
    </bndbox>
</object>
</annotation>