<?xml version='1.0' encoding='utf-8'?>
<annotation verified="yes">
    <folder>Annotation</folder>
    <filename>frame_7909.jpg</filename>
    <path>wxt2-PascalVOC-export/Annotations/frame_7909.jpg</path>
    <source>
        <database>Unknown</database>
    </source>
    <size>
        <width>1920</width>
        <height>1080</height>
        <depth>3</depth>
    </size>
    <segmented>0</segmented>
    <object>
    <name>red start</name>
    <pose>Unspecified</pose>
    <truncated>0</truncated>
    <difficult>0</difficult>
    <bndbox>
        <xmin>823.1196172248804</xmin>
        <ymin>628.7372729243065</ymin>
        <xmax>1416.9416492224882</xmax>
        <ymax>684.5739403549507</ymax>
    </bndbox>
</object><object>
    <name>crossing</name>
    <pose>Unspecified</pose>
    <truncated>0</truncated>
    <difficult>0</difficult>
    <bndbox>
        <xmin>1361.0870589114834</xmin>
        <ymin>874.1249831841917</ymin>
        <xmax>1756.4784688995217</xmax>
        <ymax>993.1453689263792</ymax>
    </bndbox>
</object><object>
    <name>black ball</name>
    <pose>Unspecified</pose>
    <truncated>0</truncated>
    <difficult>0</difficult>
    <bndbox>
        <xmin>398.33113412081343</xmin>
        <ymin>619.920968814772</ymin>
        <xmax>464.4746747906699</xmax>
        <ymax>661.0637586943957</ymax>
    </bndbox>
</object><object>
    <name>red ball</name>
    <pose>Unspecified</pose>
    <truncated>0</truncated>
    <difficult>0</difficult>
    <bndbox>
        <xmin>277.8028932416268</xmin>
        <ymin>621.3903341487962</ymin>
        <xmax>345.4162679425838</xmax>
        <ymax>680.1658443528779</ymax>
    </bndbox>
</object><object>
    <name>black ball</name>
    <pose>Unspecified</pose>
    <truncated>0</truncated>
    <difficult>0</difficult>
    <bndbox>
        <xmin>180.79233328349284</xmin>
        <ymin>634.6148463657925</ymin>
        <xmax>229.2976412978469</xmax>
        <ymax>680.1658443528779</ymax>
    </bndbox>
</object><object>
    <name>red ball</name>
    <pose>Unspecified</pose>
    <truncated>0</truncated>
    <difficult>0</difficult>
    <bndbox>
        <xmin>133.75697144138755</xmin>
        <ymin>631.676003592355</ymin>
        <xmax>183.73205741626793</xmax>
        <ymax>691.9208791304608</ymax>
    </bndbox>
</object><object>
    <name>red ball</name>
    <pose>Unspecified</pose>
    <truncated>0</truncated>
    <difficult>0</difficult>
    <bndbox>
        <xmin>67.6134307715311</xmin>
        <ymin>615.5127607073102</ymin>
        <xmax>121.99807491028707</xmax>
        <ymax>677.2270015794403</ymax>
    </bndbox>
</object>
</annotation>