<?xml version='1.0' encoding='utf-8'?>
<annotation verified="yes">
    <folder>Annotation</folder>
    <filename>frame_7505.jpg</filename>
    <path>wxt2-PascalVOC-export/Annotations/frame_7505.jpg</path>
    <source>
        <database>Unknown</database>
    </source>
    <size>
        <width>1920</width>
        <height>1080</height>
        <depth>3</depth>
    </size>
    <segmented>0</segmented>
    <object>
    <name>black ball</name>
    <pose>Unspecified</pose>
    <truncated>0</truncated>
    <difficult>0</difficult>
    <bndbox>
        <xmin>1273.6419649133084</xmin>
        <ymin>712.2600494384766</ymin>
        <xmax>1436.311174730553</xmax>
        <ymax>876.4199615478516</ymax>
    </bndbox>
</object><object>
    <name>red ball</name>
    <pose>Unspecified</pose>
    <truncated>0</truncated>
    <difficult>0</difficult>
    <bndbox>
        <xmin>936.7873198805061</xmin>
        <ymin>571.140005493164</ymin>
        <xmax>1092.2586691658857</xmax>
        <ymax>755.4600494384765</ymax>
    </bndbox>
</object><object>
    <name>red ball</name>
    <pose>Unspecified</pose>
    <truncated>0</truncated>
    <difficult>0</difficult>
    <bndbox>
        <xmin>1370.0918902296157</xmin>
        <ymin>571.140005493164</ymin>
        <xmax>1489.5745958294283</xmax>
        <ymax>730.9799835205079</ymax>
    </bndbox>
</object>
</annotation>