<?xml version='1.0' encoding='utf-8'?>
<annotation verified="yes">
    <folder>Annotation</folder>
    <filename>frame_7620.jpg</filename>
    <path>wxt2-PascalVOC-export/Annotations/frame_7620.jpg</path>
    <source>
        <database>Unknown</database>
    </source>
    <size>
        <width>1920</width>
        <height>1080</height>
        <depth>3</depth>
    </size>
    <segmented>0</segmented>
    <object>
    <name>red ball</name>
    <pose>Unspecified</pose>
    <truncated>0</truncated>
    <difficult>0</difficult>
    <bndbox>
        <xmin>687.7451016283974</xmin>
        <ymin>447.2999725341797</ymin>
        <xmax>742.4480509020618</xmax>
        <ymax>507.7799835205078</ymax>
    </bndbox>
</object><object>
    <name>red ball</name>
    <pose>Unspecified</pose>
    <truncated>0</truncated>
    <difficult>0</difficult>
    <bndbox>
        <xmin>820.1836706302718</xmin>
        <ymin>471.7799835205078</ymin>
        <xmax>869.12839737582</xmax>
        <ymax>529.3799835205078</ymax>
    </bndbox>
</object><object>
    <name>red ball</name>
    <pose>Unspecified</pose>
    <truncated>0</truncated>
    <difficult>0</difficult>
    <bndbox>
        <xmin>805.7881692244611</xmin>
        <ymin>421.37998352050784</ymin>
        <xmax>854.7328959700093</xmax>
        <ymax>477.5400054931641</ymax>
    </bndbox>
</object><object>
    <name>red ball</name>
    <pose>Unspecified</pose>
    <truncated>0</truncated>
    <difficult>0</difficult>
    <bndbox>
        <xmin>932.468625527179</xmin>
        <ymin>467.4599945068359</ymin>
        <xmax>982.8528804475164</xmax>
        <ymax>527.9400054931641</ymax>
    </bndbox>
</object><object>
    <name>red ball</name>
    <pose>Unspecified</pose>
    <truncated>0</truncated>
    <difficult>0</difficult>
    <bndbox>
        <xmin>906.5566790651359</xmin>
        <ymin>425.6999725341797</ymin>
        <xmax>952.6223494611058</xmax>
        <ymax>483.29997253417974</ymax>
    </bndbox>
</object><object>
    <name>black ball</name>
    <pose>Unspecified</pose>
    <truncated>0</truncated>
    <difficult>0</difficult>
    <bndbox>
        <xmin>733.8106621954076</xmin>
        <ymin>415.6200164794922</ymin>
        <xmax>784.194917115745</xmax>
        <ymax>471.77998352050787</ymax>
    </bndbox>
</object><object>
    <name>black ball</name>
    <pose>Unspecified</pose>
    <truncated>0</truncated>
    <difficult>0</difficult>
    <bndbox>
        <xmin>1152.7198409676664</xmin>
        <ymin>412.74000549316406</ymin>
        <xmax>1203.1040958880037</xmax>
        <ymax>464.5799835205078</ymax>
    </bndbox>
</object><object>
    <name>black ball</name>
    <pose>Unspecified</pose>
    <truncated>0</truncated>
    <difficult>0</difficult>
    <bndbox>
        <xmin>982.8528804475164</xmin>
        <ymin>404.0999725341797</ymin>
        <xmax>1028.9184410145267</xmax>
        <ymax>454.4999725341797</ymax>
    </bndbox>
</object><object>
    <name>black ball</name>
    <pose>Unspecified</pose>
    <truncated>0</truncated>
    <difficult>0</difficult>
    <bndbox>
        <xmin>1018.8416339620431</xmin>
        <ymin>458.8200164794922</ymin>
        <xmax>1079.3026959348642</xmax>
        <ymax>527.9400054931641</ymax>
    </bndbox>
</object><object>
    <name>black ball</name>
    <pose>Unspecified</pose>
    <truncated>0</truncated>
    <difficult>0</difficult>
    <bndbox>
        <xmin>1053.3908593017807</xmin>
        <ymin>422.8200164794922</ymin>
        <xmax>1109.5333367502342</xmax>
        <ymax>470.3400054931641</ymax>
    </bndbox>
</object>
</annotation>