<?xml version='1.0' encoding='utf-8'?>
<annotation verified="yes">
    <folder>Annotation</folder>
    <filename>frame_7574.jpg</filename>
    <path>wxt2-PascalVOC-export/Annotations/frame_7574.jpg</path>
    <source>
        <database>Unknown</database>
    </source>
    <size>
        <width>1920</width>
        <height>1080</height>
        <depth>3</depth>
    </size>
    <segmented>0</segmented>
    <object>
    <name>black ball</name>
    <pose>Unspecified</pose>
    <truncated>0</truncated>
    <difficult>0</difficult>
    <bndbox>
        <xmin>1089.3796128163074</xmin>
        <ymin>395.4599945068359</ymin>
        <xmax>1214.6204311152765</xmax>
        <ymax>510.6599945068359</ymax>
    </bndbox>
</object><object>
    <name>red ball</name>
    <pose>Unspecified</pose>
    <truncated>0</truncated>
    <difficult>0</difficult>
    <bndbox>
        <xmin>1406.0806437441424</xmin>
        <ymin>529.3799835205078</ymin>
        <xmax>1521.2446549906279</xmax>
        <ymax>660.4199615478516</ymax>
    </bndbox>
</object><object>
    <name>red ball</name>
    <pose>Unspecified</pose>
    <truncated>0</truncated>
    <difficult>0</difficult>
    <bndbox>
        <xmin>1531.3214620431115</xmin>
        <ymin>409.85999450683596</ymin>
        <xmax>1637.8483042408623</xmax>
        <ymax>527.9400054931641</ymax>
    </bndbox>
</object><object>
    <name>black ball</name>
    <pose>Unspecified</pose>
    <truncated>0</truncated>
    <difficult>0</difficult>
    <bndbox>
        <xmin>1548.5960197985005</xmin>
        <ymin>674.8199615478516</ymin>
        <xmax>1676.7161141049673</xmax>
        <ymax>810.1799835205078</ymax>
    </bndbox>
</object><object>
    <name>red ball</name>
    <pose>Unspecified</pose>
    <truncated>0</truncated>
    <difficult>0</difficult>
    <bndbox>
        <xmin>1259.2464635074975</xmin>
        <ymin>694.9799835205079</ymin>
        <xmax>1452.1462043111526</xmax>
        <ymax>910.9799835205079</ymax>
    </bndbox>
</object><object>
    <name>black ball</name>
    <pose>Unspecified</pose>
    <truncated>0</truncated>
    <difficult>0</difficult>
    <bndbox>
        <xmin>1036.116191717432</xmin>
        <ymin>758.3400054931641</ymin>
        <xmax>1180.0712057755388</xmax>
        <ymax>939.7799835205078</ymax>
    </bndbox>
</object><object>
    <name>red ball</name>
    <pose>Unspecified</pose>
    <truncated>0</truncated>
    <difficult>0</difficult>
    <bndbox>
        <xmin>1014.522939608716</xmin>
        <ymin>539.459994506836</ymin>
        <xmax>1110.9728649250235</xmax>
        <ymax>656.1000274658204</ymax>
    </bndbox>
</object><object>
    <name>red ball</name>
    <pose>Unspecified</pose>
    <truncated>0</truncated>
    <difficult>0</difficult>
    <bndbox>
        <xmin>788.5136114690722</xmin>
        <ymin>438.659994506836</ymin>
        <xmax>887.8425931349578</xmax>
        <ymax>555.2999725341797</ymax>
    </bndbox>
</object><object>
    <name>black ball</name>
    <pose>Unspecified</pose>
    <truncated>0</truncated>
    <difficult>0</difficult>
    <bndbox>
        <xmin>566.8228678537956</xmin>
        <ymin>438.659994506836</ymin>
        <xmax>664.7123213448922</xmax>
        <ymax>558.1799835205079</ymax>
    </bndbox>
</object><object>
    <name>black ball</name>
    <pose>Unspecified</pose>
    <truncated>0</truncated>
    <difficult>0</difficult>
    <bndbox>
        <xmin>562.5042833294283</xmin>
        <ymin>604.2600494384766</ymin>
        <xmax>703.5801312089972</xmax>
        <ymax>751.1400054931642</ymax>
    </bndbox>
</object>
</annotation>