<?xml version='1.0' encoding='utf-8'?>
<annotation verified="yes">
    <folder>Annotation</folder>
    <filename>frame_7422.jpg</filename>
    <path>wxt2-PascalVOC-export/Annotations/frame_7422.jpg</path>
    <source>
        <database>Unknown</database>
    </source>
    <size>
        <width>1920</width>
        <height>1080</height>
        <depth>3</depth>
    </size>
    <segmented>0</segmented>
    <object>
    <name>crossing</name>
    <pose>Unspecified</pose>
    <truncated>0</truncated>
    <difficult>0</difficult>
    <bndbox>
        <xmin>985.7319367970947</xmin>
        <ymin>514.9799835205079</ymin>
        <xmax>1511.1678479381444</xmax>
        <ymax>689.2199615478517</ymax>
    </bndbox>
</object><object>
    <name>black ball</name>
    <pose>Unspecified</pose>
    <truncated>0</truncated>
    <difficult>0</difficult>
    <bndbox>
        <xmin>1122.4892001522962</xmin>
        <ymin>189.54000549316407</ymin>
        <xmax>1155.5988973172448</xmax>
        <ymax>231.2999725341797</ymax>
    </bndbox>
</object><object>
    <name>black ball</name>
    <pose>Unspecified</pose>
    <truncated>0</truncated>
    <difficult>0</difficult>
    <bndbox>
        <xmin>1252.0487128045922</xmin>
        <ymin>221.2200164794922</ymin>
        <xmax>1280.8397156162137</xmax>
        <ymax>261.5400054931641</ymax>
    </bndbox>
</object><object>
    <name>black ball</name>
    <pose>Unspecified</pose>
    <truncated>0</truncated>
    <difficult>0</difficult>
    <bndbox>
        <xmin>945.4245987582005</xmin>
        <ymin>212.57998352050782</ymin>
        <xmax>988.6111029756325</xmax>
        <ymax>251.45999450683595</ymax>
    </bndbox>
</object><object>
    <name>red ball</name>
    <pose>Unspecified</pose>
    <truncated>0</truncated>
    <difficult>0</difficult>
    <bndbox>
        <xmin>1148.4011466143393</xmin>
        <ymin>221.2200164794922</ymin>
        <xmax>1203.1040958880037</xmax>
        <ymax>265.85999450683596</ymax>
    </bndbox>
</object><object>
    <name>black ball</name>
    <pose>Unspecified</pose>
    <truncated>0</truncated>
    <difficult>0</difficult>
    <bndbox>
        <xmin>1080.742333938613</xmin>
        <ymin>226.97998352050783</ymin>
        <xmax>1131.1265888589503</xmax>
        <ymax>271.6200164794922</ymax>
    </bndbox>
</object><object>
    <name>red ball</name>
    <pose>Unspecified</pose>
    <truncated>0</truncated>
    <difficult>0</difficult>
    <bndbox>
        <xmin>1004.4461325562324</xmin>
        <ymin>199.6200164794922</ymin>
        <xmax>1034.676663542643</xmax>
        <ymax>238.4999725341797</ymax>
    </bndbox>
</object>
</annotation>