<?xml version='1.0' encoding='utf-8'?>
<annotation verified="yes">
    <folder>Annotation</folder>
    <filename>frame_7604.jpg</filename>
    <path>wxt2-PascalVOC-export/Annotations/frame_7604.jpg</path>
    <source>
        <database>Unknown</database>
    </source>
    <size>
        <width>1920</width>
        <height>1080</height>
        <depth>3</depth>
    </size>
    <segmented>0</segmented>
    <object>
    <name>black ball</name>
    <pose>Unspecified</pose>
    <truncated>0</truncated>
    <difficult>0</difficult>
    <bndbox>
        <xmin>946.8641269329897</xmin>
        <ymin>408.4200164794922</ymin>
        <xmax>1018.8416339620431</xmax>
        <ymax>517.859994506836</ymax>
    </bndbox>
</object><object>
    <name>black ball</name>
    <pose>Unspecified</pose>
    <truncated>0</truncated>
    <difficult>0</difficult>
    <bndbox>
        <xmin>1187.2689564784441</xmin>
        <ymin>368.0999725341797</ymin>
        <xmax>1272.202436738519</xmax>
        <ymax>493.37998352050784</ymax>
    </bndbox>
</object><object>
    <name>black ball</name>
    <pose>Unspecified</pose>
    <truncated>0</truncated>
    <difficult>0</difficult>
    <bndbox>
        <xmin>1308.191190253046</xmin>
        <ymin>275.94000549316405</ymin>
        <xmax>1378.7291691073103</xmax>
        <ymax>365.2200164794922</ymax>
    </bndbox>
</object><object>
    <name>red ball</name>
    <pose>Unspecified</pose>
    <truncated>0</truncated>
    <difficult>0</difficult>
    <bndbox>
        <xmin>1259.2464635074975</xmin>
        <ymin>228.4200164794922</ymin>
        <xmax>1339.8613592432052</xmax>
        <ymax>311.9400054931641</ymax>
    </bndbox>
</object><object>
    <name>black ball</name>
    <pose>Unspecified</pose>
    <truncated>0</truncated>
    <difficult>0</difficult>
    <bndbox>
        <xmin>1213.1809029404874</xmin>
        <ymin>192.4200164794922</ymin>
        <xmax>1256.3674071579194</xmax>
        <ymax>255.77998352050784</ymax>
    </bndbox>
</object><object>
    <name>red ball</name>
    <pose>Unspecified</pose>
    <truncated>0</truncated>
    <difficult>0</difficult>
    <bndbox>
        <xmin>1115.2914494493907</xmin>
        <ymin>188.0999725341797</ymin>
        <xmax>1175.7526212511714</xmax>
        <ymax>262.97998352050786</ymax>
    </bndbox>
</object><object>
    <name>red ball</name>
    <pose>Unspecified</pose>
    <truncated>0</truncated>
    <difficult>0</difficult>
    <bndbox>
        <xmin>1003.0066043814433</xmin>
        <ymin>134.82001647949218</ymin>
        <xmax>1066.3468325328022</xmax>
        <ymax>212.57998352050782</ymax>
    </bndbox>
</object><object>
    <name>black ball</name>
    <pose>Unspecified</pose>
    <truncated>0</truncated>
    <difficult>0</difficult>
    <bndbox>
        <xmin>941.1059044048735</xmin>
        <ymin>218.34000549316406</ymin>
        <xmax>1026.0393846649486</xmax>
        <ymax>304.74000549316406</ymax>
    </bndbox>
</object><object>
    <name>red ball</name>
    <pose>Unspecified</pose>
    <truncated>0</truncated>
    <difficult>0</difficult>
    <bndbox>
        <xmin>971.336435391284</xmin>
        <ymin>319.1400054931641</ymin>
        <xmax>1056.269915651359</xmax>
        <ymax>406.97998352050786</ymax>
    </bndbox>
</object><object>
    <name>red ball</name>
    <pose>Unspecified</pose>
    <truncated>0</truncated>
    <difficult>0</difficult>
    <bndbox>
        <xmin>1096.5773635192127</xmin>
        <ymin>273.05999450683595</ymin>
        <xmax>1161.3571198453608</xmax>
        <ymax>352.25999450683594</ymax>
    </bndbox>
</object>
</annotation>