<?xml version='1.0' encoding='utf-8'?>
<annotation verified="yes">
    <folder>Annotation</folder>
    <filename>frame_7561.jpg</filename>
    <path>wxt2-PascalVOC-export/Annotations/frame_7561.jpg</path>
    <source>
        <database>Unknown</database>
    </source>
    <size>
        <width>1920</width>
        <height>1080</height>
        <depth>3</depth>
    </size>
    <segmented>0</segmented>
    <object>
    <name>red ball</name>
    <pose>Unspecified</pose>
    <truncated>0</truncated>
    <difficult>0</difficult>
    <bndbox>
        <xmin>779.8763325913777</xmin>
        <ymin>578.3400054931641</ymin>
        <xmax>915.1940677717901</xmax>
        <ymax>778.5000274658204</ymax>
    </bndbox>
</object><object>
    <name>red ball</name>
    <pose>Unspecified</pose>
    <truncated>0</truncated>
    <difficult>0</difficult>
    <bndbox>
        <xmin>810.1068635777882</xmin>
        <ymin>419.94000549316405</ymin>
        <xmax>909.4358452436738</xmax>
        <ymax>538.0200164794921</ymax>
    </bndbox>
</object><object>
    <name>red ball</name>
    <pose>Unspecified</pose>
    <truncated>0</truncated>
    <difficult>0</difficult>
    <bndbox>
        <xmin>746.7666354264293</xmin>
        <ymin>309.05999450683595</ymin>
        <xmax>827.3814213331772</xmax>
        <ymax>398.3400054931641</ymax>
    </bndbox>
</object><object>
    <name>red ball</name>
    <pose>Unspecified</pose>
    <truncated>0</truncated>
    <difficult>0</difficult>
    <bndbox>
        <xmin>1152.7198409676664</xmin>
        <ymin>559.6200164794922</ymin>
        <xmax>1259.2464635074978</xmax>
        <ymax>697.8600494384766</ymax>
    </bndbox>
</object><object>
    <name>red ball</name>
    <pose>Unspecified</pose>
    <truncated>0</truncated>
    <difficult>0</difficult>
    <bndbox>
        <xmin>1446.3880916119963</xmin>
        <ymin>519.2999725341797</ymin>
        <xmax>1590.3431056701031</xmax>
        <ymax>666.1799835205078</ymax>
    </bndbox>
</object><object>
    <name>black ball</name>
    <pose>Unspecified</pose>
    <truncated>0</truncated>
    <difficult>0</difficult>
    <bndbox>
        <xmin>1118.1706156279288</xmin>
        <ymin>716.5799835205079</ymin>
        <xmax>1240.5323775773195</xmax>
        <ymax>854.8199615478517</ymax>
    </bndbox>
</object><object>
    <name>black ball</name>
    <pose>Unspecified</pose>
    <truncated>0</truncated>
    <difficult>0</difficult>
    <bndbox>
        <xmin>1033.2371353678539</xmin>
        <ymin>366.659994506836</ymin>
        <xmax>1138.3243395618558</xmax>
        <ymax>477.54000549316413</ymax>
    </bndbox>
</object><object>
    <name>black ball</name>
    <pose>Unspecified</pose>
    <truncated>0</truncated>
    <difficult>0</difficult>
    <bndbox>
        <xmin>553.8668946227741</xmin>
        <ymin>526.4999725341797</ymin>
        <xmax>686.3055734536082</xmax>
        <ymax>682.0199615478516</ymax>
    </bndbox>
</object><object>
    <name>black ball</name>
    <pose>Unspecified</pose>
    <truncated>0</truncated>
    <difficult>0</difficult>
    <bndbox>
        <xmin>627.2840396555764</xmin>
        <ymin>258.659994506836</ymin>
        <xmax>697.821908680881</xmax>
        <ymax>353.6999725341797</ymax>
    </bndbox>
</object><object>
    <name>black ball</name>
    <pose>Unspecified</pose>
    <truncated>0</truncated>
    <difficult>0</difficult>
    <bndbox>
        <xmin>484.7684988577788</xmin>
        <ymin>340.74000549316406</ymin>
        <xmax>578.3393129100281</xmax>
        <ymax>454.4999725341797</ymax>
    </bndbox>
</object>
</annotation>