<?xml version='1.0' encoding='utf-8'?>
<annotation verified="yes">
    <folder>Annotation</folder>
    <filename>frame_7610.jpg</filename>
    <path>wxt2-PascalVOC-export/Annotations/frame_7610.jpg</path>
    <source>
        <database>Unknown</database>
    </source>
    <size>
        <width>1920</width>
        <height>1080</height>
        <depth>3</depth>
    </size>
    <segmented>0</segmented>
    <object>
    <name>red ball</name>
    <pose>Unspecified</pose>
    <truncated>0</truncated>
    <difficult>0</difficult>
    <bndbox>
        <xmin>539.4713932169634</xmin>
        <ymin>355.1400054931641</ymin>
        <xmax>584.0975354381443</xmax>
        <ymax>421.37998352050784</ymax>
    </bndbox>
</object><object>
    <name>red ball</name>
    <pose>Unspecified</pose>
    <truncated>0</truncated>
    <difficult>0</difficult>
    <bndbox>
        <xmin>681.9868791002812</xmin>
        <ymin>395.4599945068359</ymin>
        <xmax>732.3711340206186</xmax>
        <ymax>454.4999725341797</ymax>
    </bndbox>
</object><object>
    <name>red ball</name>
    <pose>Unspecified</pose>
    <truncated>0</truncated>
    <difficult>0</difficult>
    <bndbox>
        <xmin>669.0309058692596</xmin>
        <ymin>330.659994506836</ymin>
        <xmax>728.0525494962512</xmax>
        <ymax>389.6999725341797</ymax>
    </bndbox>
</object><object>
    <name>red ball</name>
    <pose>Unspecified</pose>
    <truncated>0</truncated>
    <difficult>0</difficult>
    <bndbox>
        <xmin>805.7881692244611</xmin>
        <ymin>372.4200164794922</ymin>
        <xmax>866.2493410262417</xmax>
        <ymax>453.05999450683595</ymax>
    </bndbox>
</object><object>
    <name>black ball</name>
    <pose>Unspecified</pose>
    <truncated>0</truncated>
    <difficult>0</difficult>
    <bndbox>
        <xmin>906.5566790651359</xmin>
        <ymin>372.4200164794922</ymin>
        <xmax>975.655129744611</xmax>
        <ymax>448.74000549316406</ymax>
    </bndbox>
</object><object>
    <name>black ball</name>
    <pose>Unspecified</pose>
    <truncated>0</truncated>
    <difficult>0</difficult>
    <bndbox>
        <xmin>1066.3468325328022</xmin>
        <ymin>316.25999450683594</ymin>
        <xmax>1115.2914494493907</xmax>
        <ymax>372.4200164794922</ymax>
    </bndbox>
</object><object>
    <name>black ball</name>
    <pose>Unspecified</pose>
    <truncated>0</truncated>
    <difficult>0</difficult>
    <bndbox>
        <xmin>879.2053142572634</xmin>
        <ymin>307.6200164794922</ymin>
        <xmax>916.6335959465791</xmax>
        <ymax>368.0999725341797</ymax>
    </bndbox>
</object><object>
    <name>black ball</name>
    <pose>Unspecified</pose>
    <truncated>0</truncated>
    <difficult>0</difficult>
    <bndbox>
        <xmin>951.1828212863168</xmin>
        <ymin>342.17998352050785</ymin>
        <xmax>1017.402105787254</xmax>
        <ymax>389.6999725341797</ymax>
    </bndbox>
</object><object>
    <name>black ball</name>
    <pose>Unspecified</pose>
    <truncated>0</truncated>
    <difficult>0</difficult>
    <bndbox>
        <xmin>582.6578974343955</xmin>
        <ymin>322.0200164794922</ymin>
        <xmax>643.1190692361762</xmax>
        <ymax>386.8200164794922</ymax>
    </bndbox>
</object>
</annotation>