<?xml version='1.0' encoding='utf-8'?>
<annotation verified="yes">
    <folder>Annotation</folder>
    <filename>frame_7491.jpg</filename>
    <path>wxt2-PascalVOC-export/Annotations/frame_7491.jpg</path>
    <source>
        <database>Unknown</database>
    </source>
    <size>
        <width>1920</width>
        <height>1080</height>
        <depth>3</depth>
    </size>
    <segmented>0</segmented>
    <object>
    <name>black ball</name>
    <pose>Unspecified</pose>
    <truncated>0</truncated>
    <difficult>0</difficult>
    <bndbox>
        <xmin>1253.4883508083412</xmin>
        <ymin>732.4199615478516</ymin>
        <xmax>1470.8604000702906</xmax>
        <ymax>936.9000274658204</ymax>
    </bndbox>
</object><object>
    <name>red ball</name>
    <pose>Unspecified</pose>
    <truncated>0</truncated>
    <difficult>0</difficult>
    <bndbox>
        <xmin>846.0956170923149</xmin>
        <ymin>627.3000274658203</ymin>
        <xmax>1066.3468325328022</xmax>
        <ymax>853.3799835205078</ymax>
    </bndbox>
</object><object>
    <name>black ball</name>
    <pose>Unspecified</pose>
    <truncated>0</truncated>
    <difficult>0</difficult>
    <bndbox>
        <xmin>533.7132805178069</xmin>
        <ymin>579.7799835205078</ymin>
        <xmax>728.0525494962511</xmax>
        <ymax>784.2600494384766</ymax>
    </bndbox>
</object><object>
    <name>black ball</name>
    <pose>Unspecified</pose>
    <truncated>0</truncated>
    <difficult>0</difficult>
    <bndbox>
        <xmin>366.7254312617151</xmin>
        <ymin>353.6999725341797</ymin>
        <xmax>509.2408622305529</xmax>
        <ymax>497.6999725341797</ymax>
    </bndbox>
</object><object>
    <name>black ball</name>
    <pose>Unspecified</pose>
    <truncated>0</truncated>
    <difficult>0</difficult>
    <bndbox>
        <xmin>538.0318650421743</xmin>
        <ymin>271.6200164794922</ymin>
        <xmax>634.4817903584817</xmax>
        <ymax>404.09997253417976</ymax>
    </bndbox>
</object><object>
    <name>red ball</name>
    <pose>Unspecified</pose>
    <truncated>0</truncated>
    <difficult>0</difficult>
    <bndbox>
        <xmin>696.3823805060919</xmin>
        <ymin>311.94000549316405</ymin>
        <xmax>810.1068635777882</xmax>
        <ymax>431.4599945068359</ymax>
    </bndbox>
</object><object>
    <name>red ball</name>
    <pose>Unspecified</pose>
    <truncated>0</truncated>
    <difficult>0</difficult>
    <bndbox>
        <xmin>825.941893158388</xmin>
        <ymin>434.3400054931641</ymin>
        <xmax>951.1828212863168</xmax>
        <ymax>565.3799835205078</ymax>
    </bndbox>
</object><object>
    <name>black ball</name>
    <pose>Unspecified</pose>
    <truncated>0</truncated>
    <difficult>0</difficult>
    <bndbox>
        <xmin>1033.2371353678539</xmin>
        <ymin>358.0200164794922</ymin>
        <xmax>1178.6316776007498</xmax>
        <ymax>502.0200164794922</ymax>
    </bndbox>
</object><object>
    <name>red ball</name>
    <pose>Unspecified</pose>
    <truncated>0</truncated>
    <difficult>0</difficult>
    <bndbox>
        <xmin>1247.730128280225</xmin>
        <ymin>545.2200164794922</ymin>
        <xmax>1394.56419868791</xmax>
        <ymax>718.0199615478516</ymax>
    </bndbox>
</object><object>
    <name>red ball</name>
    <pose>Unspecified</pose>
    <truncated>0</truncated>
    <difficult>0</difficult>
    <bndbox>
        <xmin>1558.6730465089036</xmin>
        <ymin>496.25999450683594</ymin>
        <xmax>1702.6280605670104</xmax>
        <ymax>663.3000274658203</ymax>
    </bndbox>
</object>
</annotation>