<?xml version='1.0' encoding='utf-8'?>
<annotation verified="yes">
    <folder>Annotation</folder>
    <filename>frame_7476.jpg</filename>
    <path>wxt2-PascalVOC-export/Annotations/frame_7476.jpg</path>
    <source>
        <database>Unknown</database>
    </source>
    <size>
        <width>1920</width>
        <height>1080</height>
        <depth>3</depth>
    </size>
    <segmented>0</segmented>
    <object>
    <name>black ball</name>
    <pose>Unspecified</pose>
    <truncated>0</truncated>
    <difficult>0</difficult>
    <bndbox>
        <xmin>1193.0271790065603</xmin>
        <ymin>379.6200164794922</ymin>
        <xmax>1270.76290856373</xmax>
        <ymax>473.22001647949224</ymax>
    </bndbox>
</object><object>
    <name>red ball</name>
    <pose>Unspecified</pose>
    <truncated>0</truncated>
    <difficult>0</difficult>
    <bndbox>
        <xmin>1299.5539113753514</xmin>
        <ymin>310.4999725341797</ymin>
        <xmax>1364.3336677014995</xmax>
        <ymax>383.94000549316405</ymax>
    </bndbox>
</object><object>
    <name>red ball</name>
    <pose>Unspecified</pose>
    <truncated>0</truncated>
    <difficult>0</difficult>
    <bndbox>
        <xmin>1154.1593691424555</xmin>
        <ymin>330.659994506836</ymin>
        <xmax>1221.8181818181818</xmax>
        <ymax>409.85999450683596</ymax>
    </bndbox>
</object><object>
    <name>red ball</name>
    <pose>Unspecified</pose>
    <truncated>0</truncated>
    <difficult>0</difficult>
    <bndbox>
        <xmin>978.5341860941893</xmin>
        <ymin>353.6999725341797</ymin>
        <xmax>1085.0609184629802</xmax>
        <ymax>458.8200164794922</ymax>
    </bndbox>
</object><object>
    <name>black ball</name>
    <pose>Unspecified</pose>
    <truncated>0</truncated>
    <difficult>0</difficult>
    <bndbox>
        <xmin>1005.8856607310215</xmin>
        <ymin>271.6200164794922</ymin>
        <xmax>1083.6213902881912</xmax>
        <ymax>343.6200164794922</ymax>
    </bndbox>
</object><object>
    <name>red ball</name>
    <pose>Unspecified</pose>
    <truncated>0</truncated>
    <difficult>0</difficult>
    <bndbox>
        <xmin>907.9963170688848</xmin>
        <ymin>307.6200164794922</ymin>
        <xmax>962.6991565135895</xmax>
        <ymax>369.5400054931641</ymax>
    </bndbox>
</object><object>
    <name>black ball</name>
    <pose>Unspecified</pose>
    <truncated>0</truncated>
    <difficult>0</difficult>
    <bndbox>
        <xmin>824.5023649835989</xmin>
        <ymin>340.74000549316406</ymin>
        <xmax>902.2380945407685</xmax>
        <ymax>440.0999725341797</ymax>
    </bndbox>
</object><object>
    <name>red ball</name>
    <pose>Unspecified</pose>
    <truncated>0</truncated>
    <difficult>0</difficult>
    <bndbox>
        <xmin>791.3926678186505</xmin>
        <ymin>250.0200164794922</ymin>
        <xmax>859.0515903233365</xmax>
        <ymax>327.7799835205078</ymax>
    </bndbox>
</object><object>
    <name>black ball</name>
    <pose>Unspecified</pose>
    <truncated>0</truncated>
    <difficult>0</difficult>
    <bndbox>
        <xmin>628.7235678303655</xmin>
        <ymin>273.05999450683595</ymin>
        <xmax>709.3383537371134</xmax>
        <ymax>368.0999725341797</ymax>
    </bndbox>
</object>
</annotation>