<?xml version='1.0' encoding='utf-8'?>
<annotation verified="yes">
    <folder>Annotation</folder>
    <filename>frame_7406.jpg</filename>
    <path>wxt2-PascalVOC-export/Annotations/frame_7406.jpg</path>
    <source>
        <database>Unknown</database>
    </source>
    <size>
        <width>1920</width>
        <height>1080</height>
        <depth>3</depth>
    </size>
    <segmented>0</segmented>
    <object>
    <name>black ball</name>
    <pose>Unspecified</pose>
    <truncated>0</truncated>
    <difficult>0</difficult>
    <bndbox>
        <xmin>912.3149015932521</xmin>
        <ymin>379.6200164794922</ymin>
        <xmax>943.9850705834115</xmax>
        <ymax>427.1400054931641</ymax>
    </bndbox>
</object><object>
    <name>black ball</name>
    <pose>Unspecified</pose>
    <truncated>0</truncated>
    <difficult>0</difficult>
    <bndbox>
        <xmin>954.061877635895</xmin>
        <ymin>402.659994506836</ymin>
        <xmax>985.7319367970947</xmax>
        <ymax>461.6999725341797</ymax>
    </bndbox>
</object><object>
    <name>black ball</name>
    <pose>Unspecified</pose>
    <truncated>0</truncated>
    <difficult>0</difficult>
    <bndbox>
        <xmin>1128.2474226804125</xmin>
        <ymin>419.94000549316405</ymin>
        <xmax>1171.4339268978445</xmax>
        <ymax>470.340005493164</ymax>
    </bndbox>
</object><object>
    <name>black ball</name>
    <pose>Unspecified</pose>
    <truncated>0</truncated>
    <difficult>0</difficult>
    <bndbox>
        <xmin>1134.0056452085287</xmin>
        <ymin>370.9799835205078</ymin>
        <xmax>1188.7085944821931</xmax>
        <ymax>406.9799835205078</ymax>
    </bndbox>
</object><object>
    <name>black ball</name>
    <pose>Unspecified</pose>
    <truncated>0</truncated>
    <difficult>0</difficult>
    <bndbox>
        <xmin>1322.5866916588566</xmin>
        <ymin>402.659994506836</ymin>
        <xmax>1355.6963888238051</xmax>
        <ymax>447.29997253417974</ymax>
    </bndbox>
</object><object>
    <name>red ball</name>
    <pose>Unspecified</pose>
    <truncated>0</truncated>
    <difficult>0</difficult>
    <bndbox>
        <xmin>1004.4461325562324</xmin>
        <ymin>382.4999725341797</ymin>
        <xmax>1040.4348860707591</xmax>
        <ymax>422.82001647949215</ymax>
    </bndbox>
</object><object>
    <name>red ball</name>
    <pose>Unspecified</pose>
    <truncated>0</truncated>
    <difficult>0</difficult>
    <bndbox>
        <xmin>1203.1040958880037</xmin>
        <ymin>401.2200164794922</ymin>
        <xmax>1267.8838522141518</xmax>
        <ymax>467.4599945068359</ymax>
    </bndbox>
</object><object>
    <name>red ball</name>
    <pose>Unspecified</pose>
    <truncated>0</truncated>
    <difficult>0</difficult>
    <bndbox>
        <xmin>1336.9821930646672</xmin>
        <ymin>360.8999725341797</ymin>
        <xmax>1372.9709465791939</xmax>
        <ymax>412.74000549316406</ymax>
    </bndbox>
</object><object>
    <name>red ball</name>
    <pose>Unspecified</pose>
    <truncated>0</truncated>
    <difficult>0</difficult>
    <bndbox>
        <xmin>1272.2024367385193</xmin>
        <ymin>379.6200164794922</ymin>
        <xmax>1322.5866916588566</xmax>
        <ymax>430.0200164794922</ymax>
    </bndbox>
</object><object>
    <name>red ball</name>
    <pose>Unspecified</pose>
    <truncated>0</truncated>
    <difficult>0</difficult>
    <bndbox>
        <xmin>1106.6541705716963</xmin>
        <ymin>389.6999725341797</ymin>
        <xmax>1141.203395911434</xmax>
        <ymax>435.77998352050787</ymax>
    </bndbox>
</object>
</annotation>