<?xml version='1.0' encoding='utf-8'?>
<annotation verified="yes">
    <folder>Annotation</folder>
    <filename>frame_7403.jpg</filename>
    <path>wxt2-PascalVOC-export/Annotations/frame_7403.jpg</path>
    <source>
        <database>Unknown</database>
    </source>
    <size>
        <width>1920</width>
        <height>1080</height>
        <depth>3</depth>
    </size>
    <segmented>0</segmented>
    <object>
    <name>black ball</name>
    <pose>Unspecified</pose>
    <truncated>0</truncated>
    <difficult>0</difficult>
    <bndbox>
        <xmin>997.248381853327</xmin>
        <ymin>471.7799835205078</ymin>
        <xmax>1036.116191717432</xmax>
        <ymax>525.0599945068359</ymax>
    </bndbox>
</object><object>
    <name>black ball</name>
    <pose>Unspecified</pose>
    <truncated>0</truncated>
    <difficult>0</difficult>
    <bndbox>
        <xmin>1040.4348860707591</xmin>
        <ymin>502.0200164794922</ymin>
        <xmax>1086.5004466377695</xmax>
        <ymax>559.6200164794922</ymax>
    </bndbox>
</object><object>
    <name>black ball</name>
    <pose>Unspecified</pose>
    <truncated>0</truncated>
    <difficult>0</difficult>
    <bndbox>
        <xmin>1241.9719057521088</xmin>
        <ymin>525.059994506836</ymin>
        <xmax>1285.1584099695408</xmax>
        <ymax>581.2199615478517</ymax>
    </bndbox>
</object><object>
    <name>black ball</name>
    <pose>Unspecified</pose>
    <truncated>0</truncated>
    <difficult>0</difficult>
    <bndbox>
        <xmin>1450.7067859653234</xmin>
        <ymin>506.3400054931641</ymin>
        <xmax>1501.0910408856607</xmax>
        <ymax>559.6200164794922</ymax>
    </bndbox>
</object><object>
    <name>black ball</name>
    <pose>Unspecified</pose>
    <truncated>0</truncated>
    <difficult>0</difficult>
    <bndbox>
        <xmin>1239.0928494025304</xmin>
        <ymin>460.25999450683594</ymin>
        <xmax>1298.1143832005623</xmax>
        <ymax>503.4599945068359</ymax>
    </bndbox>
</object><object>
    <name>red ball</name>
    <pose>Unspecified</pose>
    <truncated>0</truncated>
    <difficult>0</difficult>
    <bndbox>
        <xmin>1096.5773635192127</xmin>
        <ymin>473.2200164794922</ymin>
        <xmax>1139.7638677366447</xmax>
        <ymax>517.859994506836</ymax>
    </bndbox>
</object><object>
    <name>red ball</name>
    <pose>Unspecified</pose>
    <truncated>0</truncated>
    <difficult>0</difficult>
    <bndbox>
        <xmin>1319.7076353092784</xmin>
        <ymin>509.2200164794922</ymin>
        <xmax>1390.2456141635428</xmax>
        <ymax>572.5799835205078</ymax>
    </bndbox>
</object><object>
    <name>red ball</name>
    <pose>Unspecified</pose>
    <truncated>0</truncated>
    <difficult>0</difficult>
    <bndbox>
        <xmin>1444.9484536082475</xmin>
        <ymin>455.94000549316405</ymin>
        <xmax>1511.1678479381444</xmax>
        <ymax>496.25999450683594</ymax>
    </bndbox>
</object><object>
    <name>red ball</name>
    <pose>Unspecified</pose>
    <truncated>0</truncated>
    <difficult>0</difficult>
    <bndbox>
        <xmin>1396.003726862699</xmin>
        <ymin>477.5400054931641</ymin>
        <xmax>1444.9484536082473</xmax>
        <ymax>530.8200164794922</ymax>
    </bndbox>
</object><object>
    <name>red ball</name>
    <pose>Unspecified</pose>
    <truncated>0</truncated>
    <difficult>0</difficult>
    <bndbox>
        <xmin>1207.4226804123712</xmin>
        <ymin>494.8200164794922</ymin>
        <xmax>1259.2464635074978</xmax>
        <ymax>539.459994506836</ymax>
    </bndbox>
</object>
</annotation>