<?xml version='1.0' encoding='utf-8'?>
<annotation verified="yes">
    <folder>Annotation</folder>
    <filename>frame_7524.jpg</filename>
    <path>wxt2-PascalVOC-export/Annotations/frame_7524.jpg</path>
    <source>
        <database>Unknown</database>
    </source>
    <size>
        <width>1920</width>
        <height>1080</height>
        <depth>3</depth>
    </size>
    <segmented>0</segmented>
    <object>
    <name>red ball</name>
    <pose>Unspecified</pose>
    <truncated>0</truncated>
    <difficult>0</difficult>
    <bndbox>
        <xmin>645.9981255857545</xmin>
        <ymin>309.05999450683595</ymin>
        <xmax>775.5576382380506</xmax>
        <ymax>418.49997253417973</ymax>
    </bndbox>
</object><object>
    <name>red ball</name>
    <pose>Unspecified</pose>
    <truncated>0</truncated>
    <difficult>0</difficult>
    <bndbox>
        <xmin>889.2821213097469</xmin>
        <ymin>365.2200164794922</ymin>
        <xmax>981.4133522727273</xmax>
        <ymax>481.85999450683596</ymax>
    </bndbox>
</object><object>
    <name>red ball</name>
    <pose>Unspecified</pose>
    <truncated>0</truncated>
    <difficult>0</difficult>
    <bndbox>
        <xmin>1165.6757043697282</xmin>
        <ymin>435.7799835205078</ymin>
        <xmax>1288.037466319119</xmax>
        <ymax>584.1000274658203</ymax>
    </bndbox>
</object><object>
    <name>black ball</name>
    <pose>Unspecified</pose>
    <truncated>0</truncated>
    <difficult>0</difficult>
    <bndbox>
        <xmin>732.3711340206186</xmin>
        <ymin>417.05999450683595</ymin>
        <xmax>815.8650861059044</xmax>
        <ymax>536.5799835205078</ymax>
    </bndbox>
</object><object>
    <name>black ball</name>
    <pose>Unspecified</pose>
    <truncated>0</truncated>
    <difficult>0</difficult>
    <bndbox>
        <xmin>1057.7094438261481</xmin>
        <ymin>247.14000549316407</ymin>
        <xmax>1182.950371954077</xmax>
        <ymax>353.69997253417966</ymax>
    </bndbox>
</object><object>
    <name>red ball</name>
    <pose>Unspecified</pose>
    <truncated>0</truncated>
    <difficult>0</difficult>
    <bndbox>
        <xmin>968.4573790417057</xmin>
        <ymin>192.4200164794922</ymin>
        <xmax>1034.676663542643</xmax>
        <ymax>261.5400054931641</ymax>
    </bndbox>
</object><object>
    <name>red ball</name>
    <pose>Unspecified</pose>
    <truncated>0</truncated>
    <difficult>0</difficult>
    <bndbox>
        <xmin>884.9634269564199</xmin>
        <ymin>252.89997253417968</ymin>
        <xmax>962.6991565135895</xmax>
        <ymax>332.0999725341797</ymax>
    </bndbox>
</object><object>
    <name>black ball</name>
    <pose>Unspecified</pose>
    <truncated>0</truncated>
    <difficult>0</difficult>
    <bndbox>
        <xmin>795.7113621719775</xmin>
        <ymin>180.89997253417968</ymin>
        <xmax>869.12839737582</xmax>
        <ymax>258.6599945068359</ymax>
    </bndbox>
</object>
</annotation>