<?xml version='1.0' encoding='utf-8'?>
<annotation verified="yes">
    <folder>Annotation</folder>
    <filename>frame_7614.jpg</filename>
    <path>wxt2-PascalVOC-export/Annotations/frame_7614.jpg</path>
    <source>
        <database>Unknown</database>
    </source>
    <size>
        <width>1920</width>
        <height>1080</height>
        <depth>3</depth>
    </size>
    <segmented>0</segmented>
    <object>
    <name>red ball</name>
    <pose>Unspecified</pose>
    <truncated>0</truncated>
    <difficult>0</difficult>
    <bndbox>
        <xmin>588.4161199625117</xmin>
        <ymin>373.85999450683596</ymin>
        <xmax>641.6795410613871</xmax>
        <ymax>435.7799835205078</ymax>
    </bndbox>
</object><object>
    <name>black ball</name>
    <pose>Unspecified</pose>
    <truncated>0</truncated>
    <difficult>0</difficult>
    <bndbox>
        <xmin>1100.8959480435801</xmin>
        <ymin>330.659994506836</ymin>
        <xmax>1154.1593691424555</xmax>
        <ymax>370.97998352050786</ymax>
    </bndbox>
</object><object>
    <name>black ball</name>
    <pose>Unspecified</pose>
    <truncated>0</truncated>
    <difficult>0</difficult>
    <bndbox>
        <xmin>988.6111029756327</xmin>
        <ymin>342.17998352050785</ymin>
        <xmax>1057.7094438261481</xmax>
        <ymax>396.8999725341797</ymax>
    </bndbox>
</object><object>
    <name>black ball</name>
    <pose>Unspecified</pose>
    <truncated>0</truncated>
    <difficult>0</difficult>
    <bndbox>
        <xmin>942.5454325796626</xmin>
        <ymin>375.2999725341797</ymin>
        <xmax>1026.0393846649483</xmax>
        <ymax>450.1799835205078</ymax>
    </bndbox>
</object><object>
    <name>black ball</name>
    <pose>Unspecified</pose>
    <truncated>0</truncated>
    <difficult>0</difficult>
    <bndbox>
        <xmin>925.2708748242736</xmin>
        <ymin>330.659994506836</ymin>
        <xmax>959.8201001640113</xmax>
        <ymax>378.17998352050785</ymax>
    </bndbox>
</object><object>
    <name>red ball</name>
    <pose>Unspecified</pose>
    <truncated>0</truncated>
    <difficult>0</difficult>
    <bndbox>
        <xmin>843.2165607427366</xmin>
        <ymin>383.94000549316405</ymin>
        <xmax>915.1940677717901</xmax>
        <ymax>450.1799835205078</ymax>
    </bndbox>
</object><object>
    <name>red ball</name>
    <pose>Unspecified</pose>
    <truncated>0</truncated>
    <difficult>0</difficult>
    <bndbox>
        <xmin>723.7338551429241</xmin>
        <ymin>342.17998352050785</ymin>
        <xmax>772.6785818884723</xmax>
        <ymax>404.0999725341797</ymax>
    </bndbox>
</object><object>
    <name>black ball</name>
    <pose>Unspecified</pose>
    <truncated>0</truncated>
    <difficult>0</difficult>
    <bndbox>
        <xmin>630.1630960051547</xmin>
        <ymin>333.5400054931641</ymin>
        <xmax>694.9428523313028</xmax>
        <ymax>402.659994506836</ymax>
    </bndbox>
</object><object>
    <name>red ball</name>
    <pose>Unspecified</pose>
    <truncated>0</truncated>
    <difficult>0</difficult>
    <bndbox>
        <xmin>728.0525494962511</xmin>
        <ymin>395.4599945068359</ymin>
        <xmax>781.3158607661668</xmax>
        <ymax>463.14000549316404</ymax>
    </bndbox>
</object>
</annotation>