<?xml version='1.0' encoding='utf-8'?>
<annotation verified="yes">
    <folder>Annotation</folder>
    <filename>frame_7492.jpg</filename>
    <path>wxt2-PascalVOC-export/Annotations/frame_7492.jpg</path>
    <source>
        <database>Unknown</database>
    </source>
    <size>
        <width>1920</width>
        <height>1080</height>
        <depth>3</depth>
    </size>
    <segmented>0</segmented>
    <object>
    <name>black ball</name>
    <pose>Unspecified</pose>
    <truncated>0</truncated>
    <difficult>0</difficult>
    <bndbox>
        <xmin>417.1096861820525</xmin>
        <ymin>353.6999725341797</ymin>
        <xmax>549.5483100984068</xmax>
        <ymax>493.37998352050784</ymax>
    </bndbox>
</object><object>
    <name>black ball</name>
    <pose>Unspecified</pose>
    <truncated>0</truncated>
    <difficult>0</difficult>
    <bndbox>
        <xmin>572.5810903819118</xmin>
        <ymin>548.0999725341798</ymin>
        <xmax>742.4480509020618</xmax>
        <ymax>765.5400054931641</ymax>
    </bndbox>
</object><object>
    <name>red ball</name>
    <pose>Unspecified</pose>
    <truncated>0</truncated>
    <difficult>0</difficult>
    <bndbox>
        <xmin>886.4030649601686</xmin>
        <ymin>599.9400054931641</ymin>
        <xmax>1073.5445832357075</xmax>
        <ymax>831.7799835205078</ymax>
    </bndbox>
</object><object>
    <name>black ball</name>
    <pose>Unspecified</pose>
    <truncated>0</truncated>
    <difficult>0</difficult>
    <bndbox>
        <xmin>1336.9821930646672</xmin>
        <ymin>710.8199615478516</ymin>
        <xmax>1489.5745958294283</xmax>
        <ymax>892.2600494384766</ymax>
    </bndbox>
</object><object>
    <name>red ball</name>
    <pose>Unspecified</pose>
    <truncated>0</truncated>
    <difficult>0</difficult>
    <bndbox>
        <xmin>1308.191190253046</xmin>
        <ymin>532.2599945068359</ymin>
        <xmax>1427.6738958528585</xmax>
        <ymax>692.1000274658203</ymax>
    </bndbox>
</object><object>
    <name>red ball</name>
    <pose>Unspecified</pose>
    <truncated>0</truncated>
    <difficult>0</difficult>
    <bndbox>
        <xmin>1601.8595507263356</xmin>
        <ymin>476.0999725341797</ymin>
        <xmax>1757.3307901827554</xmax>
        <ymax>620.1000274658203</ymax>
    </bndbox>
</object><object>
    <name>red ball</name>
    <pose>Unspecified</pose>
    <truncated>0</truncated>
    <difficult>0</difficult>
    <bndbox>
        <xmin>847.535145267104</xmin>
        <ymin>419.94000549316405</ymin>
        <xmax>955.5014058106841</xmax>
        <ymax>549.540005493164</ymax>
    </bndbox>
</object><object>
    <name>red ball</name>
    <pose>Unspecified</pose>
    <truncated>0</truncated>
    <difficult>0</difficult>
    <bndbox>
        <xmin>713.6570480904405</xmin>
        <ymin>300.4200164794922</ymin>
        <xmax>827.3814213331772</xmax>
        <ymax>417.05999450683595</ymax>
    </bndbox>
</object><object>
    <name>black ball</name>
    <pose>Unspecified</pose>
    <truncated>0</truncated>
    <difficult>0</difficult>
    <bndbox>
        <xmin>559.6251171508903</xmin>
        <ymin>261.5400054931641</ymin>
        <xmax>667.5913776944705</xmax>
        <ymax>368.0999725341797</ymax>
    </bndbox>
</object><object>
    <name>black ball</name>
    <pose>Unspecified</pose>
    <truncated>0</truncated>
    <difficult>0</difficult>
    <bndbox>
        <xmin>1067.7863607075913</xmin>
        <ymin>345.05999450683595</ymin>
        <xmax>1188.708594482193</xmax>
        <ymax>470.3400054931641</ymax>
    </bndbox>
</object>
</annotation>