<?xml version='1.0' encoding='utf-8'?>
<annotation verified="yes">
    <folder>Annotation</folder>
    <filename>frame_7580.jpg</filename>
    <path>wxt2-PascalVOC-export/Annotations/frame_7580.jpg</path>
    <source>
        <database>Unknown</database>
    </source>
    <size>
        <width>1920</width>
        <height>1080</height>
        <depth>3</depth>
    </size>
    <segmented>0</segmented>
    <object>
    <name>black ball</name>
    <pose>Unspecified</pose>
    <truncated>0</truncated>
    <difficult>0</difficult>
    <bndbox>
        <xmin>625.8444016518275</xmin>
        <ymin>489.05999450683595</ymin>
        <xmax>730.9316058458294</xmax>
        <ymax>615.7799835205078</ymax>
    </bndbox>
</object><object>
    <name>red ball</name>
    <pose>Unspecified</pose>
    <truncated>0</truncated>
    <difficult>0</difficult>
    <bndbox>
        <xmin>838.8978663894095</xmin>
        <ymin>445.85999450683596</ymin>
        <xmax>942.5454325796626</xmax>
        <ymax>553.859994506836</ymax>
    </bndbox>
</object><object>
    <name>black ball</name>
    <pose>Unspecified</pose>
    <truncated>0</truncated>
    <difficult>0</difficult>
    <bndbox>
        <xmin>1110.9728649250235</xmin>
        <ymin>349.37998352050784</ymin>
        <xmax>1230.4554606958764</xmax>
        <ymax>461.6999725341797</ymax>
    </bndbox>
</object><object>
    <name>red ball</name>
    <pose>Unspecified</pose>
    <truncated>0</truncated>
    <difficult>0</difficult>
    <bndbox>
        <xmin>1467.9813437207122</xmin>
        <ymin>304.74000549316406</ymin>
        <xmax>1560.1124648547327</xmax>
        <ymax>406.9799835205078</ymax>
    </bndbox>
</object><object>
    <name>red ball</name>
    <pose>Unspecified</pose>
    <truncated>0</truncated>
    <difficult>0</difficult>
    <bndbox>
        <xmin>1443.5089254334582</xmin>
        <ymin>418.4999725341797</ymin>
        <xmax>1548.5960197985005</xmax>
        <ymax>535.140005493164</ymax>
    </bndbox>
</object><object>
    <name>red ball</name>
    <pose>Unspecified</pose>
    <truncated>0</truncated>
    <difficult>0</difficult>
    <bndbox>
        <xmin>1431.9924803772258</xmin>
        <ymin>588.4199615478516</ymin>
        <xmax>1603.298969072165</xmax>
        <ymax>764.1000274658204</ymax>
    </bndbox>
</object><object>
    <name>black ball</name>
    <pose>Unspecified</pose>
    <truncated>0</truncated>
    <difficult>0</difficult>
    <bndbox>
        <xmin>1597.5408563730084</xmin>
        <ymin>507.7799835205078</ymin>
        <xmax>1704.0674789128398</xmax>
        <ymax>622.9799835205079</ymax>
    </bndbox>
</object><object>
    <name>red ball</name>
    <pose>Unspecified</pose>
    <truncated>0</truncated>
    <difficult>0</difficult>
    <bndbox>
        <xmin>1122.4892001522962</xmin>
        <ymin>494.8200164794922</ymin>
        <xmax>1216.0599592900658</xmax>
        <ymax>612.9000274658204</ymax>
    </bndbox>
</object><object>
    <name>black ball</name>
    <pose>Unspecified</pose>
    <truncated>0</truncated>
    <difficult>0</difficult>
    <bndbox>
        <xmin>1298.1143832005623</xmin>
        <ymin>686.3400054931641</ymin>
        <xmax>1434.8716465557638</xmax>
        <ymax>854.8199615478516</ymax>
    </bndbox>
</object><object>
    <name>black ball</name>
    <pose>Unspecified</pose>
    <truncated>0</truncated>
    <difficult>0</difficult>
    <bndbox>
        <xmin>758.2830804826617</xmin>
        <ymin>643.140005493164</ymin>
        <xmax>897.9194001874415</xmax>
        <ymax>798.6600494384766</ymax>
    </bndbox>
</object>
</annotation>