<?xml version='1.0' encoding='utf-8'?>
<annotation verified="yes">
    <folder>Annotation</folder>
    <filename>frame_7608.jpg</filename>
    <path>wxt2-PascalVOC-export/Annotations/frame_7608.jpg</path>
    <source>
        <database>Unknown</database>
    </source>
    <size>
        <width>1920</width>
        <height>1080</height>
        <depth>3</depth>
    </size>
    <segmented>0</segmented>
    <object>
    <name>red ball</name>
    <pose>Unspecified</pose>
    <truncated>0</truncated>
    <difficult>0</difficult>
    <bndbox>
        <xmin>1041.8744142455482</xmin>
        <ymin>108.9</ymin>
        <xmax>1093.6981973406748</xmax>
        <ymax>183.7799835205078</ymax>
    </bndbox>
</object><object>
    <name>red ball</name>
    <pose>Unspecified</pose>
    <truncated>0</truncated>
    <difficult>0</difficult>
    <bndbox>
        <xmin>1135.4451733833178</xmin>
        <ymin>231.2999725341797</ymin>
        <xmax>1188.7085944821931</xmax>
        <ymax>320.5799835205078</ymax>
    </bndbox>
</object><object>
    <name>red ball</name>
    <pose>Unspecified</pose>
    <truncated>0</truncated>
    <difficult>0</difficult>
    <bndbox>
        <xmin>1145.522090264761</xmin>
        <ymin>156.4200164794922</ymin>
        <xmax>1210.301846590909</xmax>
        <ymax>232.74000549316406</ymax>
    </bndbox>
</object><object>
    <name>red ball</name>
    <pose>Unspecified</pose>
    <truncated>0</truncated>
    <difficult>0</difficult>
    <bndbox>
        <xmin>1288.037466319119</xmin>
        <ymin>195.2999725341797</ymin>
        <xmax>1375.850112757732</xmax>
        <ymax>284.5799835205078</ymax>
    </bndbox>
</object><object>
    <name>red ball</name>
    <pose>Unspecified</pose>
    <truncated>0</truncated>
    <difficult>0</difficult>
    <bndbox>
        <xmin>1010.2043550843487</xmin>
        <ymin>284.5799835205078</ymin>
        <xmax>1086.5004466377695</xmax>
        <ymax>383.9400054931641</ymax>
    </bndbox>
</object><object>
    <name>black ball</name>
    <pose>Unspecified</pose>
    <truncated>0</truncated>
    <difficult>0</difficult>
    <bndbox>
        <xmin>977.0946579194002</xmin>
        <ymin>190.97998352050783</ymin>
        <xmax>1054.8303874765697</xmax>
        <ymax>267.2999725341797</ymax>
    </bndbox>
</object><object>
    <name>black ball</name>
    <pose>Unspecified</pose>
    <truncated>0</truncated>
    <difficult>0</difficult>
    <bndbox>
        <xmin>974.215601569822</xmin>
        <ymin>366.659994506836</ymin>
        <xmax>1046.1931085988754</xmax>
        <ymax>491.9400054931641</ymax>
    </bndbox>
</object><object>
    <name>black ball</name>
    <pose>Unspecified</pose>
    <truncated>0</truncated>
    <difficult>0</difficult>
    <bndbox>
        <xmin>1214.6204311152765</xmin>
        <ymin>342.17998352050785</ymin>
        <xmax>1309.630718427835</xmax>
        <ymax>461.6999725341797</ymax>
    </bndbox>
</object><object>
    <name>black ball</name>
    <pose>Unspecified</pose>
    <truncated>0</truncated>
    <difficult>0</difficult>
    <bndbox>
        <xmin>1339.8613592432052</xmin>
        <ymin>247.14000549316407</ymin>
        <xmax>1419.036616975164</xmax>
        <ymax>336.4200164794922</ymax>
    </bndbox>
</object><object>
    <name>black ball</name>
    <pose>Unspecified</pose>
    <truncated>0</truncated>
    <difficult>0</difficult>
    <bndbox>
        <xmin>1240.5323775773195</xmin>
        <ymin>160.74000549316406</ymin>
        <xmax>1295.2352170220242</xmax>
        <ymax>225.54000549316407</ymax>
    </bndbox>
</object>
</annotation>