<?xml version='1.0' encoding='utf-8'?>
<annotation verified="yes">
    <folder>Annotation</folder>
    <filename>frame_7631.jpg</filename>
    <path>wxt2-PascalVOC-export/Annotations/frame_7631.jpg</path>
    <source>
        <database>Unknown</database>
    </source>
    <size>
        <width>1920</width>
        <height>1080</height>
        <depth>3</depth>
    </size>
    <segmented>0</segmented>
    <object>
    <name>black ball</name>
    <pose>Unspecified</pose>
    <truncated>0</truncated>
    <difficult>0</difficult>
    <bndbox>
        <xmin>975.655129744611</xmin>
        <ymin>491.94000549316405</ymin>
        <xmax>1033.2371353678539</xmax>
        <ymax>543.7799835205078</ymax>
    </bndbox>
</object><object>
    <name>black ball</name>
    <pose>Unspecified</pose>
    <truncated>0</truncated>
    <difficult>0</difficult>
    <bndbox>
        <xmin>726.6129114925023</xmin>
        <ymin>471.7799835205078</ymin>
        <xmax>761.16213683224</xmax>
        <ymax>519.2999725341797</ymax>
    </bndbox>
</object><object>
    <name>black ball</name>
    <pose>Unspecified</pose>
    <truncated>0</truncated>
    <difficult>0</difficult>
    <bndbox>
        <xmin>1096.5773635192127</xmin>
        <ymin>466.0200164794922</ymin>
        <xmax>1134.0056452085284</xmax>
        <ymax>502.0200164794922</ymax>
    </bndbox>
</object><object>
    <name>red ball</name>
    <pose>Unspecified</pose>
    <truncated>0</truncated>
    <difficult>0</difficult>
    <bndbox>
        <xmin>896.4798720126523</xmin>
        <ymin>499.1400054931641</ymin>
        <xmax>956.9409339854733</xmax>
        <ymax>552.4200164794922</ymax>
    </bndbox>
</object><object>
    <name>red ball</name>
    <pose>Unspecified</pose>
    <truncated>0</truncated>
    <difficult>0</difficult>
    <bndbox>
        <xmin>789.9531396438613</xmin>
        <ymin>470.3400054931641</ymin>
        <xmax>831.7001156865042</xmax>
        <ymax>517.859994506836</ymax>
    </bndbox>
</object>
</annotation>