<?xml version='1.0' encoding='utf-8'?>
<annotation verified="yes">
    <folder>Annotation</folder>
    <filename>frame_7477.jpg</filename>
    <path>wxt2-PascalVOC-export/Annotations/frame_7477.jpg</path>
    <source>
        <database>Unknown</database>
    </source>
    <size>
        <width>1920</width>
        <height>1080</height>
        <depth>3</depth>
    </size>
    <segmented>0</segmented>
    <object>
    <name>black ball</name>
    <pose>Unspecified</pose>
    <truncated>0</truncated>
    <difficult>0</difficult>
    <bndbox>
        <xmin>617.207122774133</xmin>
        <ymin>290.3400054931641</ymin>
        <xmax>705.0196593837862</xmax>
        <ymax>385.37998352050784</ymax>
    </bndbox>
</object><object>
    <name>black ball</name>
    <pose>Unspecified</pose>
    <truncated>0</truncated>
    <difficult>0</difficult>
    <bndbox>
        <xmin>821.6233086340206</xmin>
        <ymin>366.659994506836</ymin>
        <xmax>890.7216494845361</xmax>
        <ymax>470.3400054931641</ymax>
    </bndbox>
</object><object>
    <name>black ball</name>
    <pose>Unspecified</pose>
    <truncated>0</truncated>
    <difficult>0</difficult>
    <bndbox>
        <xmin>1008.7648269095595</xmin>
        <ymin>286.0200164794922</ymin>
        <xmax>1083.6213902881912</xmax>
        <ymax>358.0200164794922</ymax>
    </bndbox>
</object><object>
    <name>black ball</name>
    <pose>Unspecified</pose>
    <truncated>0</truncated>
    <difficult>0</difficult>
    <bndbox>
        <xmin>1191.5876508317713</xmin>
        <ymin>389.6999725341797</ymin>
        <xmax>1262.1256296860356</xmax>
        <ymax>484.7400054931641</ymax>
    </bndbox>
</object><object>
    <name>red ball</name>
    <pose>Unspecified</pose>
    <truncated>0</truncated>
    <difficult>0</difficult>
    <bndbox>
        <xmin>1305.3121339034676</xmin>
        <ymin>329.2200164794922</ymin>
        <xmax>1375.850112757732</xmax>
        <ymax>404.0999725341797</ymax>
    </bndbox>
</object><object>
    <name>red ball</name>
    <pose>Unspecified</pose>
    <truncated>0</truncated>
    <difficult>0</difficult>
    <bndbox>
        <xmin>1172.8734550726335</xmin>
        <ymin>347.94000549316405</ymin>
        <xmax>1224.6973479967198</xmax>
        <ymax>431.4599945068359</ymax>
    </bndbox>
</object><object>
    <name>red ball</name>
    <pose>Unspecified</pose>
    <truncated>0</truncated>
    <difficult>0</difficult>
    <bndbox>
        <xmin>978.5341860941893</xmin>
        <ymin>370.9799835205078</ymin>
        <xmax>1074.9841114104968</xmax>
        <ymax>478.9799835205078</ymax>
    </bndbox>
</object><object>
    <name>red ball</name>
    <pose>Unspecified</pose>
    <truncated>0</truncated>
    <difficult>0</difficult>
    <bndbox>
        <xmin>899.3589283622306</xmin>
        <ymin>314.8200164794922</ymin>
        <xmax>967.0178508669167</xmax>
        <ymax>394.0200164794922</ymax>
    </bndbox>
</object><object>
    <name>red ball</name>
    <pose>Unspecified</pose>
    <truncated>0</truncated>
    <difficult>0</difficult>
    <bndbox>
        <xmin>784.194917115745</xmin>
        <ymin>260.0999725341797</ymin>
        <xmax>853.2933677952202</xmax>
        <ymax>342.17998352050785</ymax>
    </bndbox>
</object>
</annotation>