<?xml version='1.0' encoding='utf-8'?>
<annotation verified="yes">
    <folder>Annotation</folder>
    <filename>frame_7579.jpg</filename>
    <path>wxt2-PascalVOC-export/Annotations/frame_7579.jpg</path>
    <source>
        <database>Unknown</database>
    </source>
    <size>
        <width>1920</width>
        <height>1080</height>
        <depth>3</depth>
    </size>
    <segmented>0</segmented>
    <object>
    <name>black ball</name>
    <pose>Unspecified</pose>
    <truncated>0</truncated>
    <difficult>0</difficult>
    <bndbox>
        <xmin>761.1621368322399</xmin>
        <ymin>584.1000274658203</ymin>
        <xmax>912.314901593252</xmax>
        <ymax>764.1000274658203</ymax>
    </bndbox>
</object><object>
    <name>black ball</name>
    <pose>Unspecified</pose>
    <truncated>0</truncated>
    <difficult>0</difficult>
    <bndbox>
        <xmin>656.0750424671977</xmin>
        <ymin>431.4599945068359</ymin>
        <xmax>756.8435523078725</xmax>
        <ymax>574.0200164794921</ymax>
    </bndbox>
</object><object>
    <name>black ball</name>
    <pose>Unspecified</pose>
    <truncated>0</truncated>
    <difficult>0</difficult>
    <bndbox>
        <xmin>1142.642924086223</xmin>
        <ymin>313.37998352050784</ymin>
        <xmax>1273.6419649133084</xmax>
        <ymax>454.49997253417973</ymax>
    </bndbox>
</object><object>
    <name>black ball</name>
    <pose>Unspecified</pose>
    <truncated>0</truncated>
    <difficult>0</difficult>
    <bndbox>
        <xmin>1639.2877225866916</xmin>
        <ymin>506.3400054931641</ymin>
        <xmax>1764.5285408856607</xmax>
        <ymax>621.5400054931641</ymax>
    </bndbox>
</object><object>
    <name>black ball</name>
    <pose>Unspecified</pose>
    <truncated>0</truncated>
    <difficult>0</difficult>
    <bndbox>
        <xmin>1303.1527867268042</xmin>
        <ymin>657.1799835205079</ymin>
        <xmax>1445.668272610122</xmax>
        <ymax>832.8600494384767</ymax>
    </bndbox>
</object><object>
    <name>red ball</name>
    <pose>Unspecified</pose>
    <truncated>0</truncated>
    <difficult>0</difficult>
    <bndbox>
        <xmin>1462.2230113636363</xmin>
        <ymin>572.5799835205079</ymin>
        <xmax>1640.7273605904404</xmax>
        <ymax>756.9000274658204</ymax>
    </bndbox>
</object><object>
    <name>red ball</name>
    <pose>Unspecified</pose>
    <truncated>0</truncated>
    <difficult>0</difficult>
    <bndbox>
        <xmin>1485.2559014761011</xmin>
        <ymin>404.0999725341797</ymin>
        <xmax>1601.8595507263353</xmax>
        <ymax>532.2599945068359</ymax>
    </bndbox>
</object><object>
    <name>red ball</name>
    <pose>Unspecified</pose>
    <truncated>0</truncated>
    <difficult>0</difficult>
    <bndbox>
        <xmin>1524.1237113402062</xmin>
        <ymin>293.2200164794922</ymin>
        <xmax>1636.4086662371135</xmax>
        <ymax>389.69997253417966</ymax>
    </bndbox>
</object><object>
    <name>red ball</name>
    <pose>Unspecified</pose>
    <truncated>0</truncated>
    <difficult>0</difficult>
    <bndbox>
        <xmin>1139.763867736645</xmin>
        <ymin>474.659994506836</ymin>
        <xmax>1241.9719057521088</xmax>
        <ymax>586.9799835205079</ymax>
    </bndbox>
</object><object>
    <name>red ball</name>
    <pose>Unspecified</pose>
    <truncated>0</truncated>
    <difficult>0</difficult>
    <bndbox>
        <xmin>869.1283973758201</xmin>
        <ymin>412.74000549316406</ymin>
        <xmax>975.6551297446111</xmax>
        <ymax>533.6999725341797</ymax>
    </bndbox>
</object>
</annotation>