<?xml version='1.0' encoding='utf-8'?>
<annotation verified="yes">
    <folder>Annotation</folder>
    <filename>frame_7919.jpg</filename>
    <path>wxt2-PascalVOC-export/Annotations/frame_7919.jpg</path>
    <source>
        <database>Unknown</database>
    </source>
    <size>
        <width>1920</width>
        <height>1080</height>
        <depth>3</depth>
    </size>
    <segmented>0</segmented>
    <object>
    <name>red ball</name>
    <pose>Unspecified</pose>
    <truncated>0</truncated>
    <difficult>0</difficult>
    <bndbox>
        <xmin>52.914866178229666</xmin>
        <ymin>544.9821596729512</ymin>
        <xmax>124.9377990430622</xmax>
        <ymax>608.1658219318</ymax>
    </bndbox>
</object><object>
    <name>black ball</name>
    <pose>Unspecified</pose>
    <truncated>0</truncated>
    <difficult>0</difficult>
    <bndbox>
        <xmin>196.96078797846891</xmin>
        <ymin>537.6352208974411</ymin>
        <xmax>263.10432864832535</xmax>
        <ymax>581.7167974978078</ymax>
    </bndbox>
</object><object>
    <name>red start</name>
    <pose>Unspecified</pose>
    <truncated>0</truncated>
    <difficult>0</difficult>
    <bndbox>
        <xmin>651.1464563397129</xmin>
        <ymin>542.0433729522082</ymin>
        <xmax>1277.3052855861245</xmax>
        <ymax>606.6964565977758</ymax>
    </bndbox>
</object><object>
    <name>crossing</name>
    <pose>Unspecified</pose>
    <truncated>0</truncated>
    <difficult>0</difficult>
    <bndbox>
        <xmin>1224.390475478469</xmin>
        <ymin>824.1657770896445</ymin>
        <xmax>1674.1666417464116</xmax>
        <ymax>950.5332137127313</ymax>
    </bndbox>
</object>
</annotation>