<?xml version='1.0' encoding='utf-8'?>
<annotation verified="yes">
    <folder>Annotation</folder>
    <filename>frame_7512.jpg</filename>
    <path>wxt2-PascalVOC-export/Annotations/frame_7512.jpg</path>
    <source>
        <database>Unknown</database>
    </source>
    <size>
        <width>1920</width>
        <height>1080</height>
        <depth>3</depth>
    </size>
    <segmented>0</segmented>
    <object>
    <name>black ball</name>
    <pose>Unspecified</pose>
    <truncated>0</truncated>
    <difficult>0</difficult>
    <bndbox>
        <xmin>830.2605875117151</xmin>
        <ymin>372.4200164794922</ymin>
        <xmax>896.4798720126523</xmax>
        <ymax>453.05999450683595</ymax>
    </bndbox>
</object><object>
    <name>red ball</name>
    <pose>Unspecified</pose>
    <truncated>0</truncated>
    <difficult>0</difficult>
    <bndbox>
        <xmin>834.5791720360825</xmin>
        <ymin>558.1799835205078</ymin>
        <xmax>971.336435391284</xmax>
        <ymax>712.2600494384766</ymax>
    </bndbox>
</object><object>
    <name>black ball</name>
    <pose>Unspecified</pose>
    <truncated>0</truncated>
    <difficult>0</difficult>
    <bndbox>
        <xmin>1066.3468325328022</xmin>
        <ymin>739.6199615478516</ymin>
        <xmax>1187.2689564784441</xmax>
        <ymax>886.5000274658204</ymax>
    </bndbox>
</object><object>
    <name>red ball</name>
    <pose>Unspecified</pose>
    <truncated>0</truncated>
    <difficult>0</difficult>
    <bndbox>
        <xmin>1217.4995972938145</xmin>
        <ymin>640.2600494384766</ymin>
        <xmax>1342.7404155927836</xmax>
        <ymax>771.3000274658203</ymax>
    </bndbox>
</object>
</annotation>