<?xml version='1.0' encoding='utf-8'?>
<annotation verified="yes">
    <folder>Annotation</folder>
    <filename>frame_7615.jpg</filename>
    <path>wxt2-PascalVOC-export/Annotations/frame_7615.jpg</path>
    <source>
        <database>Unknown</database>
    </source>
    <size>
        <width>1920</width>
        <height>1080</height>
        <depth>3</depth>
    </size>
    <segmented>0</segmented>
    <object>
    <name>red ball</name>
    <pose>Unspecified</pose>
    <truncated>0</truncated>
    <difficult>0</difficult>
    <bndbox>
        <xmin>628.7235678303655</xmin>
        <ymin>349.37998352050784</ymin>
        <xmax>687.7451016283974</xmax>
        <ymax>422.8200164794922</ymax>
    </bndbox>
</object><object>
    <name>black ball</name>
    <pose>Unspecified</pose>
    <truncated>0</truncated>
    <difficult>0</difficult>
    <bndbox>
        <xmin>677.6682945759138</xmin>
        <ymin>323.4599945068359</ymin>
        <xmax>725.1733833177133</xmax>
        <ymax>383.94000549316405</ymax>
    </bndbox>
</object><object>
    <name>black ball</name>
    <pose>Unspecified</pose>
    <truncated>0</truncated>
    <difficult>0</difficult>
    <bndbox>
        <xmin>1138.3243395618556</xmin>
        <ymin>310.4999725341797</ymin>
        <xmax>1184.389900128866</xmax>
        <ymax>360.89997253417965</ymax>
    </bndbox>
</object><object>
    <name>black ball</name>
    <pose>Unspecified</pose>
    <truncated>0</truncated>
    <difficult>0</difficult>
    <bndbox>
        <xmin>1031.7976071930646</xmin>
        <ymin>323.4599945068359</ymin>
        <xmax>1100.8959480435801</xmax>
        <ymax>375.2999725341797</ymax>
    </bndbox>
</object><object>
    <name>black ball</name>
    <pose>Unspecified</pose>
    <truncated>0</truncated>
    <difficult>0</difficult>
    <bndbox>
        <xmin>979.9738240979382</xmin>
        <ymin>360.8999725341797</ymin>
        <xmax>1059.1490818298969</xmax>
        <ymax>435.7799835205078</ymax>
    </bndbox>
</object><object>
    <name>black ball</name>
    <pose>Unspecified</pose>
    <truncated>0</truncated>
    <difficult>0</difficult>
    <bndbox>
        <xmin>948.3036551077788</xmin>
        <ymin>307.6200164794922</ymin>
        <xmax>995.808853678538</xmax>
        <ymax>352.259994506836</ymax>
    </bndbox>
</object><object>
    <name>red ball</name>
    <pose>Unspecified</pose>
    <truncated>0</truncated>
    <difficult>0</difficult>
    <bndbox>
        <xmin>851.8538396204311</xmin>
        <ymin>330.659994506836</ymin>
        <xmax>910.875373418463</xmax>
        <ymax>382.49997253417973</ymax>
    </bndbox>
</object><object>
    <name>red ball</name>
    <pose>Unspecified</pose>
    <truncated>0</truncated>
    <difficult>0</difficult>
    <bndbox>
        <xmin>892.1611776593252</xmin>
        <ymin>365.2200164794922</ymin>
        <xmax>945.4245987582005</xmax>
        <ymax>438.6599945068359</ymax>
    </bndbox>
</object><object>
    <name>red ball</name>
    <pose>Unspecified</pose>
    <truncated>0</truncated>
    <difficult>0</difficult>
    <bndbox>
        <xmin>756.8435523078725</xmin>
        <ymin>322.0200164794922</ymin>
        <xmax>814.4255579311152</xmax>
        <ymax>385.37998352050784</ymax>
    </bndbox>
</object><object>
    <name>red ball</name>
    <pose>Unspecified</pose>
    <truncated>0</truncated>
    <difficult>0</difficult>
    <bndbox>
        <xmin>762.601665007029</xmin>
        <ymin>369.5400054931641</ymin>
        <xmax>815.8650861059044</xmax>
        <ymax>442.97998352050786</ymax>
    </bndbox>
</object>
</annotation>