<?xml version='1.0' encoding='utf-8'?>
<annotation verified="yes">
    <folder>Annotation</folder>
    <filename>frame_7484.jpg</filename>
    <path>wxt2-PascalVOC-export/Annotations/frame_7484.jpg</path>
    <source>
        <database>Unknown</database>
    </source>
    <size>
        <width>1920</width>
        <height>1080</height>
        <depth>3</depth>
    </size>
    <segmented>0</segmented>
    <object>
    <name>black ball</name>
    <pose>Unspecified</pose>
    <truncated>0</truncated>
    <difficult>0</difficult>
    <bndbox>
        <xmin>425.74696505974697</xmin>
        <ymin>342.17998352050785</ymin>
        <xmax>532.2736425140581</xmax>
        <ymax>463.1400054931641</ymax>
    </bndbox>
</object><object>
    <name>black ball</name>
    <pose>Unspecified</pose>
    <truncated>0</truncated>
    <difficult>0</difficult>
    <bndbox>
        <xmin>530.8341143392689</xmin>
        <ymin>280.25999450683594</ymin>
        <xmax>605.6907875468603</xmax>
        <ymax>375.2999725341797</ymax>
    </bndbox>
</object><object>
    <name>red ball</name>
    <pose>Unspecified</pose>
    <truncated>0</truncated>
    <difficult>0</difficult>
    <bndbox>
        <xmin>677.6682945759138</xmin>
        <ymin>303.2999725341797</ymin>
        <xmax>759.7226086574508</xmax>
        <ymax>409.85999450683596</ymax>
    </bndbox>
</object><object>
    <name>red ball</name>
    <pose>Unspecified</pose>
    <truncated>0</truncated>
    <difficult>0</difficult>
    <bndbox>
        <xmin>798.5904185215558</xmin>
        <ymin>376.74000549316406</ymin>
        <xmax>884.9634269564199</xmax>
        <ymax>480.4200164794922</ymax>
    </bndbox>
</object><object>
    <name>red ball</name>
    <pose>Unspecified</pose>
    <truncated>0</truncated>
    <difficult>0</difficult>
    <bndbox>
        <xmin>872.0075635543581</xmin>
        <ymin>476.0999725341797</ymin>
        <xmax>1026.0393846649486</xmax>
        <ymax>637.3799835205078</ymax>
    </bndbox>
</object><object>
    <name>black ball</name>
    <pose>Unspecified</pose>
    <truncated>0</truncated>
    <difficult>0</difficult>
    <bndbox>
        <xmin>951.1828212863168</xmin>
        <ymin>326.3400054931641</ymin>
        <xmax>1064.9071945290534</xmax>
        <ymax>428.5799835205078</ymax>
    </bndbox>
</object><object>
    <name>red ball</name>
    <pose>Unspecified</pose>
    <truncated>0</truncated>
    <difficult>0</difficult>
    <bndbox>
        <xmin>1152.7198409676664</xmin>
        <ymin>422.8200164794922</ymin>
        <xmax>1240.5323775773197</xmax>
        <ymax>545.2200164794922</ymax>
    </bndbox>
</object><object>
    <name>black ball</name>
    <pose>Unspecified</pose>
    <truncated>0</truncated>
    <difficult>0</difficult>
    <bndbox>
        <xmin>1194.4667071813496</xmin>
        <ymin>522.1799835205078</ymin>
        <xmax>1309.630718427835</xmax>
        <ymax>656.1000274658203</ymax>
    </bndbox>
</object><object>
    <name>red ball</name>
    <pose>Unspecified</pose>
    <truncated>0</truncated>
    <difficult>0</difficult>
    <bndbox>
        <xmin>1360.0149733481724</xmin>
        <ymin>392.5799835205078</ymin>
        <xmax>1453.5858423149016</xmax>
        <ymax>506.3400054931641</ymax>
    </bndbox>
</object><object>
    <name>black ball</name>
    <pose>Unspecified</pose>
    <truncated>0</truncated>
    <difficult>0</difficult>
    <bndbox>
        <xmin>622.9653453022493</xmin>
        <ymin>454.4999725341797</ymin>
        <xmax>752.5248579545454</xmax>
        <ymax>611.4600494384765</ymax>
    </bndbox>
</object>
</annotation>