<?xml version='1.0' encoding='utf-8'?>
<annotation verified="yes">
    <folder>Annotation</folder>
    <filename>frame_7506.jpg</filename>
    <path>wxt2-PascalVOC-export/Annotations/frame_7506.jpg</path>
    <source>
        <database>Unknown</database>
    </source>
    <size>
        <width>1920</width>
        <height>1080</height>
        <depth>3</depth>
    </size>
    <segmented>0</segmented>
    <object>
    <name>black ball</name>
    <pose>Unspecified</pose>
    <truncated>0</truncated>
    <difficult>0</difficult>
    <bndbox>
        <xmin>831.7001156865042</xmin>
        <ymin>274.4999725341797</ymin>
        <xmax>926.7104029990628</xmax>
        <ymax>372.4200164794922</ymax>
    </bndbox>
</object><object>
    <name>black ball</name>
    <pose>Unspecified</pose>
    <truncated>0</truncated>
    <difficult>0</difficult>
    <bndbox>
        <xmin>851.8538396204311</xmin>
        <ymin>419.94000549316405</ymin>
        <xmax>959.8201001640113</xmax>
        <ymax>553.859994506836</ymax>
    </bndbox>
</object><object>
    <name>black ball</name>
    <pose>Unspecified</pose>
    <truncated>0</truncated>
    <difficult>0</difficult>
    <bndbox>
        <xmin>971.336435391284</xmin>
        <ymin>214.0200164794922</ymin>
        <xmax>1044.7535804240863</xmax>
        <ymax>310.49997253417973</ymax>
    </bndbox>
</object><object>
    <name>red ball</name>
    <pose>Unspecified</pose>
    <truncated>0</truncated>
    <difficult>0</difficult>
    <bndbox>
        <xmin>1003.0066043814433</xmin>
        <ymin>473.2200164794922</ymin>
        <xmax>1146.96161843955</xmax>
        <ymax>640.2600494384766</ymax>
    </bndbox>
</object><object>
    <name>red ball</name>
    <pose>Unspecified</pose>
    <truncated>0</truncated>
    <difficult>0</difficult>
    <bndbox>
        <xmin>1069.2258888823806</xmin>
        <ymin>252.89997253417968</ymin>
        <xmax>1142.642924086223</xmax>
        <ymax>345.05999450683595</ymax>
    </bndbox>
</object><object>
    <name>red ball</name>
    <pose>Unspecified</pose>
    <truncated>0</truncated>
    <difficult>0</difficult>
    <bndbox>
        <xmin>1108.0936987464854</xmin>
        <ymin>353.6999725341797</ymin>
        <xmax>1195.9063451850984</xmax>
        <ymax>451.6200164794922</ymax>
    </bndbox>
</object><object>
    <name>red ball</name>
    <pose>Unspecified</pose>
    <truncated>0</truncated>
    <difficult>0</difficult>
    <bndbox>
        <xmin>1436.311174730553</xmin>
        <ymin>478.9799835205078</ymin>
        <xmax>1565.8707972118088</xmax>
        <ymax>630.1799835205078</ymax>
    </bndbox>
</object><object>
    <name>black ball</name>
    <pose>Unspecified</pose>
    <truncated>0</truncated>
    <difficult>0</difficult>
    <bndbox>
        <xmin>1345.6194719423618</xmin>
        <ymin>624.4199615478516</ymin>
        <xmax>1511.1678479381444</xmax>
        <ymax>784.2600494384766</ymax>
    </bndbox>
</object><object>
    <name>black ball</name>
    <pose>Unspecified</pose>
    <truncated>0</truncated>
    <difficult>0</difficult>
    <bndbox>
        <xmin>1349.938166295689</xmin>
        <ymin>301.85999450683596</ymin>
        <xmax>1463.6626493673853</xmax>
        <ymax>414.17998352050785</ymax>
    </bndbox>
</object>
</annotation>