<?xml version='1.0' encoding='utf-8'?>
<annotation verified="yes">
    <folder>Annotation</folder>
    <filename>frame_7498.jpg</filename>
    <path>wxt2-PascalVOC-export/Annotations/frame_7498.jpg</path>
    <source>
        <database>Unknown</database>
    </source>
    <size>
        <width>1920</width>
        <height>1080</height>
        <depth>3</depth>
    </size>
    <segmented>0</segmented>
    <object>
    <name>black ball</name>
    <pose>Unspecified</pose>
    <truncated>0</truncated>
    <difficult>0</difficult>
    <bndbox>
        <xmin>663.2727931701031</xmin>
        <ymin>476.0999725341797</ymin>
        <xmax>752.5248579545455</xmax>
        <ymax>584.1000274658203</ymax>
    </bndbox>
</object><object>
    <name>black ball</name>
    <pose>Unspecified</pose>
    <truncated>0</truncated>
    <difficult>0</difficult>
    <bndbox>
        <xmin>807.2278072282099</xmin>
        <ymin>408.4200164794922</ymin>
        <xmax>883.5238987816308</xmax>
        <ymax>489.05999450683595</ymax>
    </bndbox>
</object><object>
    <name>black ball</name>
    <pose>Unspecified</pose>
    <truncated>0</truncated>
    <difficult>0</difficult>
    <bndbox>
        <xmin>1221.8181818181818</xmin>
        <ymin>516.4200164794922</ymin>
        <xmax>1336.9821930646672</xmax>
        <ymax>663.3000274658203</ymax>
    </bndbox>
</object><object>
    <name>red ball</name>
    <pose>Unspecified</pose>
    <truncated>0</truncated>
    <difficult>0</difficult>
    <bndbox>
        <xmin>926.7104029990628</xmin>
        <ymin>444.4200164794922</ymin>
        <xmax>992.9296875</xmax>
        <ymax>552.4200164794922</ymax>
    </bndbox>
</object><object>
    <name>red ball</name>
    <pose>Unspecified</pose>
    <truncated>0</truncated>
    <difficult>0</difficult>
    <bndbox>
        <xmin>975.655129744611</xmin>
        <ymin>576.8999725341797</ymin>
        <xmax>1079.302695934864</xmax>
        <ymax>689.2199615478515</ymax>
    </bndbox>
</object><object>
    <name>red ball</name>
    <pose>Unspecified</pose>
    <truncated>0</truncated>
    <difficult>0</difficult>
    <bndbox>
        <xmin>907.9963170688848</xmin>
        <ymin>741.0600494384765</ymin>
        <xmax>1082.181862113402</xmax>
        <ymax>985.8600494384766</ymax>
    </bndbox>
</object><object>
    <name>red ball</name>
    <pose>Unspecified</pose>
    <truncated>0</truncated>
    <difficult>0</difficult>
    <bndbox>
        <xmin>1355.6963888238051</xmin>
        <ymin>758.3400054931641</ymin>
        <xmax>1505.4095155810685</xmax>
        <ymax>926.8199615478516</ymax>
    </bndbox>
</object><object>
    <name>red ball</name>
    <pose>Unspecified</pose>
    <truncated>0</truncated>
    <difficult>0</difficult>
    <bndbox>
        <xmin>1777.484623945642</xmin>
        <ymin>742.5000274658204</ymin>
        <xmax>1914.2418873008435</xmax>
        <ymax>931.1400054931642</ymax>
    </bndbox>
</object><object>
    <name>black ball</name>
    <pose>Unspecified</pose>
    <truncated>0</truncated>
    <difficult>0</difficult>
    <bndbox>
        <xmin>1305.3121339034676</xmin>
        <ymin>958.5000274658204</ymin>
        <xmax>1476.618512769447</xmax>
        <ymax>1076.579983520508</ymax>
    </bndbox>
</object><object>
    <name>black ball</name>
    <pose>Unspecified</pose>
    <truncated>0</truncated>
    <difficult>0</difficult>
    <bndbox>
        <xmin>699.2615466846298</xmin>
        <ymin>666.1799835205078</ymin>
        <xmax>843.2165607427366</xmax>
        <ymax>836.1000274658203</ymax>
    </bndbox>
</object>
</annotation>