<?xml version='1.0' encoding='utf-8'?>
<annotation verified="yes">
    <folder>Annotation</folder>
    <filename>frame_7901.jpg</filename>
    <path>wxt2-PascalVOC-export/Annotations/frame_7901.jpg</path>
    <source>
        <database>Unknown</database>
    </source>
    <size>
        <width>1920</width>
        <height>1080</height>
        <depth>3</depth>
    </size>
    <segmented>0</segmented>
    <object>
    <name>black ball</name>
    <pose>Unspecified</pose>
    <truncated>0</truncated>
    <difficult>0</difficult>
    <bndbox>
        <xmin>435.077545604067</xmin>
        <ymin>614.0433953732861</ymin>
        <xmax>496.81152811004785</xmax>
        <ymax>656.6556626923231</ymax>
    </bndbox>
</object><object>
    <name>red ball</name>
    <pose>Unspecified</pose>
    <truncated>0</truncated>
    <difficult>0</difficult>
    <bndbox>
        <xmin>317.4890288576555</xmin>
        <ymin>619.920968814772</ymin>
        <xmax>383.632569527512</xmax>
        <ymax>672.8189055773677</ymax>
    </bndbox>
</object><object>
    <name>black ball</name>
    <pose>Unspecified</pose>
    <truncated>0</truncated>
    <difficult>0</difficult>
    <bndbox>
        <xmin>230.76747532894737</xmin>
        <ymin>628.7372729243065</ymin>
        <xmax>276.33300313995215</xmax>
        <ymax>675.7576362454162</ymax>
    </bndbox>
</object><object>
    <name>red ball</name>
    <pose>Unspecified</pose>
    <truncated>0</truncated>
    <difficult>0</difficult>
    <bndbox>
        <xmin>185.20194751794259</xmin>
        <ymin>627.2679075902822</ymin>
        <xmax>226.35791716507177</xmax>
        <ymax>680.1658443528779</ymax>
    </bndbox>
</object><object>
    <name>red ball</name>
    <pose>Unspecified</pose>
    <truncated>0</truncated>
    <difficult>0</difficult>
    <bndbox>
        <xmin>119.05840684808612</xmin>
        <ymin>608.1658219318001</ymin>
        <xmax>169.0334928229665</xmax>
        <ymax>664.0026014678333</ymax>
    </bndbox>
</object><object>
    <name>red start</name>
    <pose>Unspecified</pose>
    <truncated>0</truncated>
    <difficult>0</difficult>
    <bndbox>
        <xmin>833.4086797248804</xmin>
        <ymin>630.2066382583307</ymin>
        <xmax>1409.5923669258373</xmax>
        <ymax>686.0434177943639</ymax>
    </bndbox>
</object><object>
    <name>crossing</name>
    <pose>Unspecified</pose>
    <truncated>0</truncated>
    <difficult>0</difficult>
    <bndbox>
        <xmin>1311.1120290071772</xmin>
        <ymin>855.0230096310986</ymin>
        <xmax>1682.9856459330144</xmax>
        <ymax>949.063736273318</ymax>
    </bndbox>
</object>
</annotation>