<?xml version='1.0' encoding='utf-8'?>
<annotation verified="yes">
    <folder>Annotation</folder>
    <filename>frame_7474.jpg</filename>
    <path>wxt2-PascalVOC-export/Annotations/frame_7474.jpg</path>
    <source>
        <database>Unknown</database>
    </source>
    <size>
        <width>1920</width>
        <height>1080</height>
        <depth>3</depth>
    </size>
    <segmented>0</segmented>
    <object>
    <name>red ball</name>
    <pose>Unspecified</pose>
    <truncated>0</truncated>
    <difficult>0</difficult>
    <bndbox>
        <xmin>968.4573790417057</xmin>
        <ymin>356.5799835205078</ymin>
        <xmax>1090.8191409910964</xmax>
        <ymax>458.8200164794922</ymax>
    </bndbox>
</object><object>
    <name>red ball</name>
    <pose>Unspecified</pose>
    <truncated>0</truncated>
    <difficult>0</difficult>
    <bndbox>
        <xmin>1273.6419649133084</xmin>
        <ymin>317.6999725341797</ymin>
        <xmax>1334.103136715089</xmax>
        <ymax>395.459994506836</ymax>
    </bndbox>
</object><object>
    <name>red ball</name>
    <pose>Unspecified</pose>
    <truncated>0</truncated>
    <difficult>0</difficult>
    <bndbox>
        <xmin>1146.9616184395502</xmin>
        <ymin>334.9799835205078</ymin>
        <xmax>1201.664457884255</xmax>
        <ymax>415.62001647949216</ymax>
    </bndbox>
</object><object>
    <name>black ball</name>
    <pose>Unspecified</pose>
    <truncated>0</truncated>
    <difficult>0</difficult>
    <bndbox>
        <xmin>1003.0066043814433</xmin>
        <ymin>284.5799835205078</ymin>
        <xmax>1066.3468325328022</xmax>
        <ymax>352.25999450683594</ymax>
    </bndbox>
</object><object>
    <name>black ball</name>
    <pose>Unspecified</pose>
    <truncated>0</truncated>
    <difficult>0</difficult>
    <bndbox>
        <xmin>823.0628368088097</xmin>
        <ymin>355.1400054931641</ymin>
        <xmax>900.7985663659794</xmax>
        <ymax>442.97998352050786</ymax>
    </bndbox>
</object><object>
    <name>black ball</name>
    <pose>Unspecified</pose>
    <truncated>0</truncated>
    <difficult>0</difficult>
    <bndbox>
        <xmin>651.7563481138707</xmin>
        <ymin>291.7799835205078</ymin>
        <xmax>719.415160789597</xmax>
        <ymax>373.85999450683596</ymax>
    </bndbox>
</object><object>
    <name>red ball</name>
    <pose>Unspecified</pose>
    <truncated>0</truncated>
    <difficult>0</difficult>
    <bndbox>
        <xmin>800.0300565253045</xmin>
        <ymin>262.9799835205078</ymin>
        <xmax>863.3701748477038</xmax>
        <ymax>340.74000549316406</ymax>
    </bndbox>
</object><object>
    <name>red ball</name>
    <pose>Unspecified</pose>
    <truncated>0</truncated>
    <difficult>0</difficult>
    <bndbox>
        <xmin>909.4358452436738</xmin>
        <ymin>319.1400054931641</ymin>
        <xmax>959.8201001640113</xmax>
        <ymax>375.29997253417974</ymax>
    </bndbox>
</object>
</annotation>