<?xml version='1.0' encoding='utf-8'?>
<annotation verified="yes">
    <folder>Annotation</folder>
    <filename>frame_7570.jpg</filename>
    <path>wxt2-PascalVOC-export/Annotations/frame_7570.jpg</path>
    <source>
        <database>Unknown</database>
    </source>
    <size>
        <width>1920</width>
        <height>1080</height>
        <depth>3</depth>
    </size>
    <segmented>0</segmented>
    <object>
    <name>red ball</name>
    <pose>Unspecified</pose>
    <truncated>0</truncated>
    <difficult>0</difficult>
    <bndbox>
        <xmin>1122.4892001522962</xmin>
        <ymin>661.8600494384766</ymin>
        <xmax>1289.477104322868</xmax>
        <ymax>857.7000274658203</ymax>
    </bndbox>
</object><object>
    <name>red ball</name>
    <pose>Unspecified</pose>
    <truncated>0</truncated>
    <difficult>0</difficult>
    <bndbox>
        <xmin>984.2924086223055</xmin>
        <ymin>490.4999725341797</ymin>
        <xmax>1082.181862113402</xmax>
        <ymax>599.9400054931641</ymax>
    </bndbox>
</object><object>
    <name>red ball</name>
    <pose>Unspecified</pose>
    <truncated>0</truncated>
    <difficult>0</difficult>
    <bndbox>
        <xmin>823.0628368088097</xmin>
        <ymin>375.2999725341797</ymin>
        <xmax>906.5566790651359</xmax>
        <ymax>471.7799835205078</ymax>
    </bndbox>
</object><object>
    <name>black ball</name>
    <pose>Unspecified</pose>
    <truncated>0</truncated>
    <difficult>0</difficult>
    <bndbox>
        <xmin>653.1958762886597</xmin>
        <ymin>347.94000549316405</ymin>
        <xmax>729.4920776710403</xmax>
        <ymax>442.9799835205078</ymax>
    </bndbox>
</object><object>
    <name>black ball</name>
    <pose>Unspecified</pose>
    <truncated>0</truncated>
    <difficult>0</difficult>
    <bndbox>
        <xmin>582.6578974343955</xmin>
        <ymin>466.0200164794922</ymin>
        <xmax>690.6241579779756</xmax>
        <ymax>598.5000274658203</ymax>
    </bndbox>
</object><object>
    <name>black ball</name>
    <pose>Unspecified</pose>
    <truncated>0</truncated>
    <difficult>0</difficult>
    <bndbox>
        <xmin>1115.2914494493907</xmin>
        <ymin>385.37998352050784</ymin>
        <xmax>1236.2136832239923</xmax>
        <ymax>496.25999450683594</ymax>
    </bndbox>
</object><object>
    <name>red ball</name>
    <pose>Unspecified</pose>
    <truncated>0</truncated>
    <difficult>0</difficult>
    <bndbox>
        <xmin>1384.4873916354263</xmin>
        <ymin>550.9799835205079</ymin>
        <xmax>1485.2559014761011</xmax>
        <ymax>699.3000274658203</ymax>
    </bndbox>
</object><object>
    <name>black ball</name>
    <pose>Unspecified</pose>
    <truncated>0</truncated>
    <difficult>0</difficult>
    <bndbox>
        <xmin>1452.1462043111528</xmin>
        <ymin>713.7000274658203</ymin>
        <xmax>1583.1453549671978</xmax>
        <ymax>844.7400054931641</ymax>
    </bndbox>
</object><object>
    <name>red ball</name>
    <pose>Unspecified</pose>
    <truncated>0</truncated>
    <difficult>0</difficult>
    <bndbox>
        <xmin>1580.2662986176194</xmin>
        <ymin>467.4599945068359</ymin>
        <xmax>1691.111615510778</xmax>
        <ymax>585.540005493164</ymax>
    </bndbox>
</object><object>
    <name>black ball</name>
    <pose>Unspecified</pose>
    <truncated>0</truncated>
    <difficult>0</difficult>
    <bndbox>
        <xmin>880.6448424320524</xmin>
        <ymin>664.7400054931641</ymin>
        <xmax>994.3693255037488</xmax>
        <ymax>836.1000274658203</ymax>
    </bndbox>
</object>
</annotation>