<?xml version='1.0' encoding='utf-8'?>
<annotation verified="yes">
    <folder>Annotation</folder>
    <filename>frame_7480.jpg</filename>
    <path>wxt2-PascalVOC-export/Annotations/frame_7480.jpg</path>
    <source>
        <database>Unknown</database>
    </source>
    <size>
        <width>1920</width>
        <height>1080</height>
        <depth>3</depth>
    </size>
    <segmented>0</segmented>
    <object>
    <name>black ball</name>
    <pose>Unspecified</pose>
    <truncated>0</truncated>
    <difficult>0</difficult>
    <bndbox>
        <xmin>549.5483100984068</xmin>
        <ymin>332.0999725341797</ymin>
        <xmax>640.2399030576382</xmax>
        <ymax>428.5799835205078</ymax>
    </bndbox>
</object><object>
    <name>black ball</name>
    <pose>Unspecified</pose>
    <truncated>0</truncated>
    <difficult>0</difficult>
    <bndbox>
        <xmin>761.1621368322399</xmin>
        <ymin>419.94000549316405</ymin>
        <xmax>830.260587511715</xmax>
        <ymax>536.5799835205078</ymax>
    </bndbox>
</object><object>
    <name>black ball</name>
    <pose>Unspecified</pose>
    <truncated>0</truncated>
    <difficult>0</difficult>
    <bndbox>
        <xmin>1193.0271790065603</xmin>
        <ymin>477.5400054931641</ymin>
        <xmax>1269.323380388941</xmax>
        <ymax>572.5799835205078</ymax>
    </bndbox>
</object><object>
    <name>red ball</name>
    <pose>Unspecified</pose>
    <truncated>0</truncated>
    <difficult>0</difficult>
    <bndbox>
        <xmin>1326.9053860121837</xmin>
        <ymin>383.94000549316405</ymin>
        <xmax>1404.6411155693534</xmax>
        <ymax>476.0999725341797</ymax>
    </bndbox>
</object><object>
    <name>red ball</name>
    <pose>Unspecified</pose>
    <truncated>0</truncated>
    <difficult>0</difficult>
    <bndbox>
        <xmin>1155.5988973172446</xmin>
        <ymin>409.85999450683596</ymin>
        <xmax>1226.136876171509</xmax>
        <ymax>504.8999725341797</ymax>
    </bndbox>
</object><object>
    <name>red ball</name>
    <pose>Unspecified</pose>
    <truncated>0</truncated>
    <difficult>0</difficult>
    <bndbox>
        <xmin>923.8313466494845</xmin>
        <ymin>444.4200164794922</ymin>
        <xmax>1059.1490818298969</xmax>
        <ymax>566.8200164794922</ymax>
    </bndbox>
</object><object>
    <name>red ball</name>
    <pose>Unspecified</pose>
    <truncated>0</truncated>
    <difficult>0</difficult>
    <bndbox>
        <xmin>861.9306466729147</xmin>
        <ymin>368.0999725341797</ymin>
        <xmax>929.5895691776008</xmax>
        <ymax>451.6200164794922</ymax>
    </bndbox>
</object><object>
    <name>red ball</name>
    <pose>Unspecified</pose>
    <truncated>0</truncated>
    <difficult>0</difficult>
    <bndbox>
        <xmin>741.008412898313</xmin>
        <ymin>304.74000549316406</ymin>
        <xmax>814.4255579311153</xmax>
        <ymax>389.69997253417966</ymax>
    </bndbox>
</object><object>
    <name>black ball</name>
    <pose>Unspecified</pose>
    <truncated>0</truncated>
    <difficult>0</difficult>
    <bndbox>
        <xmin>988.6111029756327</xmin>
        <ymin>329.2200164794922</ymin>
        <xmax>1077.863167760075</xmax>
        <ymax>417.05999450683595</ymax>
    </bndbox>
</object><object>
    <name>black ball</name>
    <pose>Unspecified</pose>
    <truncated>0</truncated>
    <difficult>0</difficult>
    <bndbox>
        <xmin>611.4489002460168</xmin>
        <ymin>280.25999450683594</ymin>
        <xmax>693.5033241565136</xmax>
        <ymax>362.3400054931641</ymax>
    </bndbox>
</object>
</annotation>