<?xml version='1.0' encoding='utf-8'?>
<annotation verified="yes">
    <folder>Annotation</folder>
    <filename>frame_7924.jpg</filename>
    <path>wxt2-PascalVOC-export/Annotations/frame_7924.jpg</path>
    <source>
        <database>Unknown</database>
    </source>
    <size>
        <width>1920</width>
        <height>1080</height>
        <depth>3</depth>
    </size>
    <segmented>0</segmented>
    <object>
    <name>red ball</name>
    <pose>Unspecified</pose>
    <truncated>0</truncated>
    <difficult>0</difficult>
    <bndbox>
        <xmin>10.289006429425838</xmin>
        <ymin>567.0229759994818</ymin>
        <xmax>69.08326480263158</xmax>
        <ymax>628.7372729243064</ymax>
    </bndbox>
</object><object>
    <name>red start</name>
    <pose>Unspecified</pose>
    <truncated>0</truncated>
    <difficult>0</difficult>
    <bndbox>
        <xmin>771.6746411483253</xmin>
        <ymin>558.2066158372529</ymin>
        <xmax>1403.712918660287</xmax>
        <ymax>619.9209688147721</ymax>
    </bndbox>
</object><object>
    <name>crossing</name>
    <pose>Unspecified</pose>
    <truncated>0</truncated>
    <difficult>0</difficult>
    <bndbox>
        <xmin>1340.50915819378</xmin>
        <ymin>850.6148015236369</ymin>
        <xmax>1799.1044407894738</xmax>
        <ymax>984.3290648168447</ymax>
    </bndbox>
</object><object>
    <name>black ball</name>
    <pose>Unspecified</pose>
    <truncated>0</truncated>
    <difficult>0</difficult>
    <bndbox>
        <xmin>318.95886288875596</xmin>
        <ymin>547.9208903409997</ymin>
        <xmax>383.6325695275119</xmax>
        <ymax>597.8801524882414</ymax>
    </bndbox>
</object><object>
    <name>red ball</name>
    <pose>Unspecified</pose>
    <truncated>0</truncated>
    <difficult>0</difficult>
    <bndbox>
        <xmin>174.91294108851676</xmin>
        <ymin>558.2066158372529</ymin>
        <xmax>255.75504635167465</xmax>
        <ymax>616.9821260413346</ymax>
    </bndbox>
</object><object>
    <name>black ball</name>
    <pose>Unspecified</pose>
    <truncated>0</truncated>
    <difficult>0</difficult>
    <bndbox>
        <xmin>72.0229889354067</xmin>
        <ymin>568.492341333506</ymin>
        <xmax>123.46796501196172</xmax>
        <ymax>616.9821260413345</ymax>
    </bndbox>
</object>
</annotation>