<?xml version='1.0' encoding='utf-8'?>
<annotation verified="yes">
    <folder>Annotation</folder>
    <filename>frame_7634.jpg</filename>
    <path>wxt2-PascalVOC-export/Annotations/frame_7634.jpg</path>
    <source>
        <database>Unknown</database>
    </source>
    <size>
        <width>1920</width>
        <height>1080</height>
        <depth>3</depth>
    </size>
    <segmented>0</segmented>
    <object>
    <name>black ball</name>
    <pose>Unspecified</pose>
    <truncated>0</truncated>
    <difficult>0</difficult>
    <bndbox>
        <xmin>1086.5004466377695</xmin>
        <ymin>411.2999725341797</ymin>
        <xmax>1131.1265888589503</xmax>
        <ymax>444.4200164794922</ymax>
    </bndbox>
</object><object>
    <name>black ball</name>
    <pose>Unspecified</pose>
    <truncated>0</truncated>
    <difficult>0</difficult>
    <bndbox>
        <xmin>1010.2043550843487</xmin>
        <ymin>428.5799835205078</ymin>
        <xmax>1057.7094438261481</xmax>
        <ymax>461.6999725341797</ymax>
    </bndbox>
</object><object>
    <name>black ball</name>
    <pose>Unspecified</pose>
    <truncated>0</truncated>
    <difficult>0</difficult>
    <bndbox>
        <xmin>974.215601569822</xmin>
        <ymin>441.5400054931641</ymin>
        <xmax>1033.2371353678539</xmax>
        <ymax>500.5799835205078</ymax>
    </bndbox>
</object><object>
    <name>black ball</name>
    <pose>Unspecified</pose>
    <truncated>0</truncated>
    <difficult>0</difficult>
    <bndbox>
        <xmin>941.1059044048735</xmin>
        <ymin>405.5400054931641</ymin>
        <xmax>979.9738240979382</xmax>
        <ymax>455.94000549316405</ymax>
    </bndbox>
</object><object>
    <name>red ball</name>
    <pose>Unspecified</pose>
    <truncated>0</truncated>
    <difficult>0</difficult>
    <bndbox>
        <xmin>906.5566790651359</xmin>
        <ymin>444.4200164794922</ymin>
        <xmax>952.6223494611058</xmax>
        <ymax>500.5799835205078</ymax>
    </bndbox>
</object><object>
    <name>red ball</name>
    <pose>Unspecified</pose>
    <truncated>0</truncated>
    <difficult>0</difficult>
    <bndbox>
        <xmin>880.6448424320524</xmin>
        <ymin>430.0200164794922</ymin>
        <xmax>925.2708748242736</xmax>
        <ymax>471.7799835205078</ymax>
    </bndbox>
</object><object>
    <name>red ball</name>
    <pose>Unspecified</pose>
    <truncated>0</truncated>
    <difficult>0</difficult>
    <bndbox>
        <xmin>794.2718339971884</xmin>
        <ymin>422.8200164794922</ymin>
        <xmax>838.8978663894096</xmax>
        <ymax>468.8999725341797</ymax>
    </bndbox>
</object><object>
    <name>red ball</name>
    <pose>Unspecified</pose>
    <truncated>0</truncated>
    <difficult>0</difficult>
    <bndbox>
        <xmin>810.1068635777882</xmin>
        <ymin>460.25999450683594</ymin>
        <xmax>856.1724241447985</xmax>
        <ymax>514.9799835205079</ymax>
    </bndbox>
</object><object>
    <name>black ball</name>
    <pose>Unspecified</pose>
    <truncated>0</truncated>
    <difficult>0</difficult>
    <bndbox>
        <xmin>728.0525494962511</xmin>
        <ymin>425.6999725341797</ymin>
        <xmax>766.9203593603561</xmax>
        <ymax>470.3400054931641</ymax>
    </bndbox>
</object><object>
    <name>red ball</name>
    <pose>Unspecified</pose>
    <truncated>0</truncated>
    <difficult>0</difficult>
    <bndbox>
        <xmin>703.5801312089972</xmin>
        <ymin>444.4200164794922</ymin>
        <xmax>749.6458016049671</xmax>
        <ymax>496.25999450683594</ymax>
    </bndbox>
</object>
</annotation>