<?xml version='1.0' encoding='utf-8'?>
<annotation verified="yes">
    <folder>Annotation</folder>
    <filename>frame_7643.jpg</filename>
    <path>wxt2-PascalVOC-export/Annotations/frame_7643.jpg</path>
    <source>
        <database>Unknown</database>
    </source>
    <size>
        <width>1920</width>
        <height>1080</height>
        <depth>3</depth>
    </size>
    <segmented>0</segmented>
    <object>
    <name>black ball</name>
    <pose>Unspecified</pose>
    <truncated>0</truncated>
    <difficult>0</difficult>
    <bndbox>
        <xmin>1053.3908593017807</xmin>
        <ymin>450.17998352050785</ymin>
        <xmax>1087.9400846415183</xmax>
        <ymax>480.42001647949223</ymax>
    </bndbox>
</object><object>
    <name>black ball</name>
    <pose>Unspecified</pose>
    <truncated>0</truncated>
    <difficult>0</difficult>
    <bndbox>
        <xmin>951.1828212863168</xmin>
        <ymin>466.0200164794922</ymin>
        <xmax>994.3693255037488</xmax>
        <ymax>510.659994506836</ymax>
    </bndbox>
</object><object>
    <name>black ball</name>
    <pose>Unspecified</pose>
    <truncated>0</truncated>
    <difficult>0</difficult>
    <bndbox>
        <xmin>912.3149015932521</xmin>
        <ymin>444.4200164794922</ymin>
        <xmax>956.9409339854733</xmax>
        <ymax>484.74000549316406</ymax>
    </bndbox>
</object><object>
    <name>red ball</name>
    <pose>Unspecified</pose>
    <truncated>0</truncated>
    <difficult>0</difficult>
    <bndbox>
        <xmin>787.074083294283</xmin>
        <ymin>453.05999450683595</ymin>
        <xmax>830.260587511715</xmax>
        <ymax>497.6999725341797</ymax>
    </bndbox>
</object><object>
    <name>black ball</name>
    <pose>Unspecified</pose>
    <truncated>0</truncated>
    <difficult>0</difficult>
    <bndbox>
        <xmin>725.1733833177132</xmin>
        <ymin>451.6200164794922</ymin>
        <xmax>764.0413030107778</xmax>
        <ymax>489.05999450683595</ymax>
    </bndbox>
</object><object>
    <name>red ball</name>
    <pose>Unspecified</pose>
    <truncated>0</truncated>
    <difficult>0</difficult>
    <bndbox>
        <xmin>705.0196593837863</xmin>
        <ymin>468.8999725341797</ymin>
        <xmax>736.6898283739457</xmax>
        <ymax>509.2200164794922</ymax>
    </bndbox>
</object><object>
    <name>red ball</name>
    <pose>Unspecified</pose>
    <truncated>0</truncated>
    <difficult>0</difficult>
    <bndbox>
        <xmin>866.2493410262418</xmin>
        <ymin>458.8200164794922</ymin>
        <xmax>900.7985663659795</xmax>
        <ymax>499.1400054931641</ymax>
    </bndbox>
</object><object>
    <name>red ball</name>
    <pose>Unspecified</pose>
    <truncated>0</truncated>
    <difficult>0</difficult>
    <bndbox>
        <xmin>805.7881692244611</xmin>
        <ymin>487.6200164794922</ymin>
        <xmax>848.9746734418931</xmax>
        <ymax>523.6200164794923</ymax>
    </bndbox>
</object><object>
    <name>black ball</name>
    <pose>Unspecified</pose>
    <truncated>0</truncated>
    <difficult>0</difficult>
    <bndbox>
        <xmin>984.2924086223055</xmin>
        <ymin>453.05999450683595</ymin>
        <xmax>1017.402105787254</xmax>
        <ymax>494.8200164794922</ymax>
    </bndbox>
</object>
</annotation>