<?xml version='1.0' encoding='utf-8'?>
<annotation verified="yes">
    <folder>Annotation</folder>
    <filename>frame_7559.jpg</filename>
    <path>wxt2-PascalVOC-export/Annotations/frame_7559.jpg</path>
    <source>
        <database>Unknown</database>
    </source>
    <size>
        <width>1920</width>
        <height>1080</height>
        <depth>3</depth>
    </size>
    <segmented>0</segmented>
    <object>
    <name>black ball</name>
    <pose>Unspecified</pose>
    <truncated>0</truncated>
    <difficult>0</difficult>
    <bndbox>
        <xmin>624.4048734770384</xmin>
        <ymin>329.2200164794922</ymin>
        <xmax>725.1733833177133</xmax>
        <ymax>432.8999725341797</ymax>
    </bndbox>
</object><object>
    <name>black ball</name>
    <pose>Unspecified</pose>
    <truncated>0</truncated>
    <difficult>0</difficult>
    <bndbox>
        <xmin>771.2390537136832</xmin>
        <ymin>267.2999725341797</ymin>
        <xmax>825.941893158388</xmax>
        <ymax>346.4999725341797</ymax>
    </bndbox>
</object><object>
    <name>red ball</name>
    <pose>Unspecified</pose>
    <truncated>0</truncated>
    <difficult>0</difficult>
    <bndbox>
        <xmin>859.0515903233364</xmin>
        <ymin>311.94000549316405</ymin>
        <xmax>942.5454325796626</xmax>
        <ymax>401.2200164794922</ymax>
    </bndbox>
</object><object>
    <name>red ball</name>
    <pose>Unspecified</pose>
    <truncated>0</truncated>
    <difficult>0</difficult>
    <bndbox>
        <xmin>920.9521804709466</xmin>
        <ymin>425.6999725341797</ymin>
        <xmax>992.9296875</xmax>
        <ymax>514.9799835205079</ymax>
    </bndbox>
</object><object>
    <name>black ball</name>
    <pose>Unspecified</pose>
    <truncated>0</truncated>
    <difficult>0</difficult>
    <bndbox>
        <xmin>1122.4892001522962</xmin>
        <ymin>363.7799835205078</ymin>
        <xmax>1218.9391254686036</xmax>
        <ymax>487.62001647949216</ymax>
    </bndbox>
</object><object>
    <name>red ball</name>
    <pose>Unspecified</pose>
    <truncated>0</truncated>
    <difficult>0</difficult>
    <bndbox>
        <xmin>1217.4995972938145</xmin>
        <ymin>558.1799835205078</ymin>
        <xmax>1313.9494127811622</xmax>
        <ymax>684.9000274658202</ymax>
    </bndbox>
</object><object>
    <name>red ball</name>
    <pose>Unspecified</pose>
    <truncated>0</truncated>
    <difficult>0</difficult>
    <bndbox>
        <xmin>1539.9588507497656</xmin>
        <ymin>545.2200164794922</ymin>
        <xmax>1676.7161141049671</xmax>
        <ymax>682.0199615478516</ymax>
    </bndbox>
</object><object>
    <name>red ball</name>
    <pose>Unspecified</pose>
    <truncated>0</truncated>
    <difficult>0</difficult>
    <bndbox>
        <xmin>850.4143114456419</xmin>
        <ymin>538.0200164794923</ymin>
        <xmax>967.0178508669165</xmax>
        <ymax>719.4600494384766</ymax>
    </bndbox>
</object><object>
    <name>black ball</name>
    <pose>Unspecified</pose>
    <truncated>0</truncated>
    <difficult>0</difficult>
    <bndbox>
        <xmin>669.0309058692596</xmin>
        <ymin>484.74000549316406</ymin>
        <xmax>789.9531396438613</xmax>
        <ymax>634.5000274658203</ymax>
    </bndbox>
</object><object>
    <name>black ball</name>
    <pose>Unspecified</pose>
    <truncated>0</truncated>
    <difficult>0</difficult>
    <bndbox>
        <xmin>1154.1593691424555</xmin>
        <ymin>689.2199615478515</ymin>
        <xmax>1275.0816029170571</xmax>
        <ymax>818.8199615478516</ymax>
    </bndbox>
</object>
</annotation>