<?xml version='1.0' encoding='utf-8'?>
<annotation verified="yes">
    <folder>Annotation</folder>
    <filename>frame_7544.jpg</filename>
    <path>wxt2-PascalVOC-export/Annotations/frame_7544.jpg</path>
    <source>
        <database>Unknown</database>
    </source>
    <size>
        <width>1920</width>
        <height>1080</height>
        <depth>3</depth>
    </size>
    <segmented>0</segmented>
    <object>
    <name>red ball</name>
    <pose>Unspecified</pose>
    <truncated>0</truncated>
    <difficult>0</difficult>
    <bndbox>
        <xmin>673.3496002225867</xmin>
        <ymin>494.8200164794922</ymin>
        <xmax>785.6345551194938</xmax>
        <ymax>607.140005493164</ymax>
    </bndbox>
</object><object>
    <name>red ball</name>
    <pose>Unspecified</pose>
    <truncated>0</truncated>
    <difficult>0</difficult>
    <bndbox>
        <xmin>1216.0599592900655</xmin>
        <ymin>625.8600494384766</ymin>
        <xmax>1315.3889409559513</xmax>
        <ymax>746.8199615478516</ymax>
    </bndbox>
</object><object>
    <name>red ball</name>
    <pose>Unspecified</pose>
    <truncated>0</truncated>
    <difficult>0</difficult>
    <bndbox>
        <xmin>945.4245987582005</xmin>
        <ymin>563.9400054931641</ymin>
        <xmax>1014.522939608716</xmax>
        <ymax>667.6199615478516</ymax>
    </bndbox>
</object><object>
    <name>red ball</name>
    <pose>Unspecified</pose>
    <truncated>0</truncated>
    <difficult>0</difficult>
    <bndbox>
        <xmin>880.6448424320524</xmin>
        <ymin>434.3400054931641</ymin>
        <xmax>946.8641269329896</xmax>
        <ymax>503.459994506836</ymax>
    </bndbox>
</object><object>
    <name>red ball</name>
    <pose>Unspecified</pose>
    <truncated>0</truncated>
    <difficult>0</difficult>
    <bndbox>
        <xmin>931.0290973523898</xmin>
        <ymin>355.1400054931641</ymin>
        <xmax>985.7319367970946</xmax>
        <ymax>430.02001647949226</ymax>
    </bndbox>
</object><object>
    <name>black ball</name>
    <pose>Unspecified</pose>
    <truncated>0</truncated>
    <difficult>0</difficult>
    <bndbox>
        <xmin>1054.8303874765697</xmin>
        <ymin>432.8999725341797</ymin>
        <xmax>1148.4011466143393</xmax>
        <ymax>530.8200164794922</ymax>
    </bndbox>
</object><object>
    <name>black ball</name>
    <pose>Unspecified</pose>
    <truncated>0</truncated>
    <difficult>0</difficult>
    <bndbox>
        <xmin>784.194917115745</xmin>
        <ymin>617.2199615478515</ymin>
        <xmax>882.0843706068416</xmax>
        <ymax>729.540005493164</ymax>
    </bndbox>
</object><object>
    <name>black ball</name>
    <pose>Unspecified</pose>
    <truncated>0</truncated>
    <difficult>0</difficult>
    <bndbox>
        <xmin>761.1621368322399</xmin>
        <ymin>358.0200164794922</ymin>
        <xmax>828.8210593369259</xmax>
        <ymax>424.25999450683594</ymax>
    </bndbox>
</object>
</annotation>