<?xml version='1.0' encoding='utf-8'?>
<annotation verified="yes">
    <folder>Annotation</folder>
    <filename>frame_7515.jpg</filename>
    <path>wxt2-PascalVOC-export/Annotations/frame_7515.jpg</path>
    <source>
        <database>Unknown</database>
    </source>
    <size>
        <width>1920</width>
        <height>1080</height>
        <depth>3</depth>
    </size>
    <segmented>0</segmented>
    <object>
    <name>red ball</name>
    <pose>Unspecified</pose>
    <truncated>0</truncated>
    <difficult>0</difficult>
    <bndbox>
        <xmin>758.2830804826617</xmin>
        <ymin>437.2200164794922</ymin>
        <xmax>922.3918184746955</xmax>
        <ymax>585.540005493164</ymax>
    </bndbox>
</object><object>
    <name>black ball</name>
    <pose>Unspecified</pose>
    <truncated>0</truncated>
    <difficult>0</difficult>
    <bndbox>
        <xmin>952.6223494611058</xmin>
        <ymin>575.459994506836</ymin>
        <xmax>1077.863167760075</xmax>
        <ymax>723.7799835205078</ymax>
    </bndbox>
</object><object>
    <name>red ball</name>
    <pose>Unspecified</pose>
    <truncated>0</truncated>
    <difficult>0</difficult>
    <bndbox>
        <xmin>1122.4892001522962</xmin>
        <ymin>493.37998352050784</ymin>
        <xmax>1220.3786536433927</xmax>
        <ymax>625.8600494384766</ymax>
    </bndbox>
</object><object>
    <name>red ball</name>
    <pose>Unspecified</pose>
    <truncated>0</truncated>
    <difficult>0</difficult>
    <bndbox>
        <xmin>1503.9700972352389</xmin>
        <ymin>543.7799835205078</ymin>
        <xmax>1663.760031044986</xmax>
        <ymax>715.140005493164</ymax>
    </bndbox>
</object><object>
    <name>black ball</name>
    <pose>Unspecified</pose>
    <truncated>0</truncated>
    <difficult>0</difficult>
    <bndbox>
        <xmin>1185.829428303655</xmin>
        <ymin>333.5400054931641</ymin>
        <xmax>1292.356160672446</xmax>
        <ymax>447.2999725341797</ymax>
    </bndbox>
</object>
</annotation>