<?xml version='1.0' encoding='utf-8'?>
<annotation verified="yes">
    <folder>Annotation</folder>
    <filename>frame_7613.jpg</filename>
    <path>wxt2-PascalVOC-export/Annotations/frame_7613.jpg</path>
    <source>
        <database>Unknown</database>
    </source>
    <size>
        <width>1920</width>
        <height>1080</height>
        <depth>3</depth>
    </size>
    <segmented>0</segmented>
    <object>
    <name>red ball</name>
    <pose>Unspecified</pose>
    <truncated>0</truncated>
    <difficult>0</difficult>
    <bndbox>
        <xmin>571.1415622071228</xmin>
        <ymin>382.4999725341797</ymin>
        <xmax>630.1630960051547</xmax>
        <ymax>450.1799835205078</ymax>
    </bndbox>
</object><object>
    <name>red ball</name>
    <pose>Unspecified</pose>
    <truncated>0</truncated>
    <difficult>0</difficult>
    <bndbox>
        <xmin>706.4592973875351</xmin>
        <ymin>408.4200164794922</ymin>
        <xmax>762.601665007029</xmax>
        <ymax>473.2200164794922</ymax>
    </bndbox>
</object><object>
    <name>red ball</name>
    <pose>Unspecified</pose>
    <truncated>0</truncated>
    <difficult>0</difficult>
    <bndbox>
        <xmin>693.5033241565136</xmin>
        <ymin>350.8200164794922</ymin>
        <xmax>758.2830804826617</xmax>
        <ymax>408.42001647949223</ymax>
    </bndbox>
</object><object>
    <name>red ball</name>
    <pose>Unspecified</pose>
    <truncated>0</truncated>
    <difficult>0</difficult>
    <bndbox>
        <xmin>824.5023649835989</xmin>
        <ymin>395.4599945068359</ymin>
        <xmax>900.7985663659795</xmax>
        <ymax>454.4999725341797</ymax>
    </bndbox>
</object><object>
    <name>red ball</name>
    <pose>Unspecified</pose>
    <truncated>0</truncated>
    <difficult>0</difficult>
    <bndbox>
        <xmin>808.667335402999</xmin>
        <ymin>353.6999725341797</ymin>
        <xmax>861.9306466729147</xmax>
        <ymax>414.17998352050785</ymax>
    </bndbox>
</object><object>
    <name>black ball</name>
    <pose>Unspecified</pose>
    <truncated>0</truncated>
    <difficult>0</difficult>
    <bndbox>
        <xmin>903.6776227155576</xmin>
        <ymin>332.0999725341797</ymin>
        <xmax>946.8641269329896</xmax>
        <ymax>388.25999450683594</ymax>
    </bndbox>
</object><object>
    <name>black ball</name>
    <pose>Unspecified</pose>
    <truncated>0</truncated>
    <difficult>0</difficult>
    <bndbox>
        <xmin>1089.3796128163074</xmin>
        <ymin>332.0999725341797</ymin>
        <xmax>1139.7638677366447</xmax>
        <ymax>385.37998352050784</ymax>
    </bndbox>
</object><object>
    <name>black ball</name>
    <pose>Unspecified</pose>
    <truncated>0</truncated>
    <difficult>0</difficult>
    <bndbox>
        <xmin>929.5895691776008</xmin>
        <ymin>389.6999725341797</ymin>
        <xmax>1003.0066043814434</xmax>
        <ymax>454.49997253417973</ymax>
    </bndbox>
</object><object>
    <name>black ball</name>
    <pose>Unspecified</pose>
    <truncated>0</truncated>
    <difficult>0</difficult>
    <bndbox>
        <xmin>981.4133522727273</xmin>
        <ymin>350.8200164794922</ymin>
        <xmax>1041.8744142455482</xmax>
        <ymax>402.659994506836</ymax>
    </bndbox>
</object><object>
    <name>black ball</name>
    <pose>Unspecified</pose>
    <truncated>0</truncated>
    <difficult>0</difficult>
    <bndbox>
        <xmin>621.5258171274602</xmin>
        <ymin>347.94000549316405</ymin>
        <xmax>673.3496002225867</xmax>
        <ymax>401.2200164794922</ymax>
    </bndbox>
</object>
</annotation>