<?xml version='1.0' encoding='utf-8'?>
<annotation verified="yes">
    <folder>Annotation</folder>
    <filename>frame_7504.jpg</filename>
    <path>wxt2-PascalVOC-export/Annotations/frame_7504.jpg</path>
    <source>
        <database>Unknown</database>
    </source>
    <size>
        <width>1920</width>
        <height>1080</height>
        <depth>3</depth>
    </size>
    <segmented>0</segmented>
    <object>
    <name>black ball</name>
    <pose>Unspecified</pose>
    <truncated>0</truncated>
    <difficult>0</difficult>
    <bndbox>
        <xmin>732.3711340206186</xmin>
        <ymin>386.8200164794922</ymin>
        <xmax>833.1396438612934</xmax>
        <ymax>494.8200164794922</ymax>
    </bndbox>
</object><object>
    <name>black ball</name>
    <pose>Unspecified</pose>
    <truncated>0</truncated>
    <difficult>0</difficult>
    <bndbox>
        <xmin>874.8866199039362</xmin>
        <ymin>326.3400054931641</ymin>
        <xmax>945.4245987582005</xmax>
        <ymax>412.74000549316406</ymax>
    </bndbox>
</object><object>
    <name>black ball</name>
    <pose>Unspecified</pose>
    <truncated>0</truncated>
    <difficult>0</difficult>
    <bndbox>
        <xmin>764.0413030107778</xmin>
        <ymin>545.2200164794922</ymin>
        <xmax>883.5238987816307</xmax>
        <ymax>677.7000274658203</ymax>
    </bndbox>
</object><object>
    <name>red ball</name>
    <pose>Unspecified</pose>
    <truncated>0</truncated>
    <difficult>0</difficult>
    <bndbox>
        <xmin>935.3476818767573</xmin>
        <ymin>607.140005493164</ymin>
        <xmax>1089.3796128163074</xmax>
        <ymax>785.7000274658203</ymax>
    </bndbox>
</object><object>
    <name>black ball</name>
    <pose>Unspecified</pose>
    <truncated>0</truncated>
    <difficult>0</difficult>
    <bndbox>
        <xmin>1254.9278789831303</xmin>
        <ymin>422.8200164794922</ymin>
        <xmax>1370.0918902296157</xmax>
        <ymax>539.459994506836</ymax>
    </bndbox>
</object><object>
    <name>red ball</name>
    <pose>Unspecified</pose>
    <truncated>0</truncated>
    <difficult>0</difficult>
    <bndbox>
        <xmin>1778.9240422914713</xmin>
        <ymin>605.7000274658203</ymin>
        <xmax>1914.2418873008435</xmax>
        <ymax>781.3799835205078</ymax>
    </bndbox>
</object><object>
    <name>red ball</name>
    <pose>Unspecified</pose>
    <truncated>0</truncated>
    <difficult>0</difficult>
    <bndbox>
        <xmin>1364.3336677014995</xmin>
        <ymin>608.5799835205079</ymin>
        <xmax>1505.4095155810685</xmax>
        <ymax>769.8600494384766</ymax>
    </bndbox>
</object><object>
    <name>black ball</name>
    <pose>Unspecified</pose>
    <truncated>0</truncated>
    <difficult>0</difficult>
    <bndbox>
        <xmin>1293.7956888472352</xmin>
        <ymin>772.7400054931641</ymin>
        <xmax>1462.2230113636363</xmax>
        <ymax>931.140005493164</ymax>
    </bndbox>
</object><object>
    <name>red ball</name>
    <pose>Unspecified</pose>
    <truncated>0</truncated>
    <difficult>0</difficult>
    <bndbox>
        <xmin>1033.2371353678539</xmin>
        <ymin>467.4599945068359</ymin>
        <xmax>1118.1706156279288</xmax>
        <ymax>561.0599945068359</ymax>
    </bndbox>
</object><object>
    <name>red ball</name>
    <pose>Unspecified</pose>
    <truncated>0</truncated>
    <difficult>0</difficult>
    <bndbox>
        <xmin>971.336435391284</xmin>
        <ymin>358.0200164794922</ymin>
        <xmax>1077.863167760075</xmax>
        <ymax>458.8200164794922</ymax>
    </bndbox>
</object>
</annotation>