<?xml version='1.0' encoding='utf-8'?>
<annotation verified="yes">
    <folder>Annotation</folder>
    <filename>frame_7889.jpg</filename>
    <path>wxt2-PascalVOC-export/Annotations/frame_7889.jpg</path>
    <source>
        <database>Unknown</database>
    </source>
    <size>
        <width>1920</width>
        <height>1080</height>
        <depth>3</depth>
    </size>
    <segmented>0</segmented>
    <object>
    <name>red start</name>
    <pose>Unspecified</pose>
    <truncated>0</truncated>
    <difficult>0</difficult>
    <bndbox>
        <xmin>863.3701748477039</xmin>
        <ymin>608.5799835205079</ymin>
        <xmax>1407.5201719189317</xmax>
        <ymax>669.0600494384767</ymax>
    </bndbox>
</object><object>
    <name>crossing</name>
    <pose>Unspecified</pose>
    <truncated>0</truncated>
    <difficult>0</difficult>
    <bndbox>
        <xmin>1289.477104322868</xmin>
        <ymin>808.7400054931641</ymin>
        <xmax>1655.1228619962512</xmax>
        <ymax>900.9000274658204</ymax>
    </bndbox>
</object><object>
    <name>black ball</name>
    <pose>Unspecified</pose>
    <truncated>0</truncated>
    <difficult>0</difficult>
    <bndbox>
        <xmin>480.44985941893157</xmin>
        <ymin>591.3000274658203</ymin>
        <xmax>535.1528086925961</xmax>
        <ymax>634.5000274658204</ymax>
    </bndbox>
</object><object>
    <name>red ball</name>
    <pose>Unspecified</pose>
    <truncated>0</truncated>
    <difficult>0</difficult>
    <bndbox>
        <xmin>366.7254312617151</xmin>
        <ymin>598.5000274658204</ymin>
        <xmax>430.06560449859415</xmax>
        <ymax>650.3400054931641</ymax>
    </bndbox>
</object><object>
    <name>black ball</name>
    <pose>Unspecified</pose>
    <truncated>0</truncated>
    <difficult>0</difficult>
    <bndbox>
        <xmin>284.6710622656982</xmin>
        <ymin>607.140005493164</ymin>
        <xmax>322.09934395501404</xmax>
        <ymax>650.3400054931641</ymax>
    </bndbox>
</object><object>
    <name>red ball</name>
    <pose>Unspecified</pose>
    <truncated>0</truncated>
    <difficult>0</difficult>
    <bndbox>
        <xmin>238.60544678420806</xmin>
        <ymin>604.2600494384766</ymin>
        <xmax>281.7919510016401</xmax>
        <ymax>654.6600494384766</ymax>
    </bndbox>
</object><object>
    <name>red ball</name>
    <pose>Unspecified</pose>
    <truncated>0</truncated>
    <difficult>0</difficult>
    <bndbox>
        <xmin>186.78166368908154</xmin>
        <ymin>592.7400054931641</ymin>
        <xmax>227.0890566424555</xmax>
        <ymax>638.8199615478516</ymax>
    </bndbox>
</object>
</annotation>