<?xml version='1.0' encoding='utf-8'?>
<annotation verified="yes">
    <folder>Annotation</folder>
    <filename>frame_7900.jpg</filename>
    <path>wxt2-PascalVOC-export/Annotations/frame_7900.jpg</path>
    <source>
        <database>Unknown</database>
    </source>
    <size>
        <width>1920</width>
        <height>1080</height>
        <depth>3</depth>
    </size>
    <segmented>0</segmented>
    <object>
    <name>red start</name>
    <pose>Unspecified</pose>
    <truncated>0</truncated>
    <difficult>0</difficult>
    <bndbox>
        <xmin>839.2880158492823</xmin>
        <ymin>625.798430150869</ymin>
        <xmax>1405.1827526913876</xmax>
        <ymax>686.0434177943639</ymax>
    </bndbox>
</object><object>
    <name>crossing</name>
    <pose>Unspecified</pose>
    <truncated>0</truncated>
    <difficult>0</difficult>
    <bndbox>
        <xmin>1302.2928005382776</xmin>
        <ymin>853.5535321916852</ymin>
        <xmax>1688.865206339713</xmax>
        <ymax>952.0025790467554</ymax>
    </bndbox>
</object><object>
    <name>black ball</name>
    <pose>Unspecified</pose>
    <truncated>0</truncated>
    <difficult>0</difficult>
    <bndbox>
        <xmin>439.4871037679426</xmin>
        <ymin>612.5740300392619</ymin>
        <xmax>498.28136214114835</xmax>
        <ymax>656.6556626923231</ymax>
    </bndbox>
</object><object>
    <name>red ball</name>
    <pose>Unspecified</pose>
    <truncated>0</truncated>
    <difficult>0</difficult>
    <bndbox>
        <xmin>317.4890288576555</xmin>
        <ymin>619.920968814772</ymin>
        <xmax>388.0421276913876</xmax>
        <ymax>674.2882709113919</ymax>
    </bndbox>
</object><object>
    <name>black ball</name>
    <pose>Unspecified</pose>
    <truncated>0</truncated>
    <difficult>0</difficult>
    <bndbox>
        <xmin>232.23730936004785</xmin>
        <ymin>625.798430150869</ymin>
        <xmax>271.92344497607655</xmax>
        <ymax>672.8189055773677</ymax>
    </bndbox>
</object><object>
    <name>red ball</name>
    <pose>Unspecified</pose>
    <truncated>0</truncated>
    <difficult>0</difficult>
    <bndbox>
        <xmin>186.67178154904306</xmin>
        <ymin>624.3290648168447</ymin>
        <xmax>230.76747532894737</xmax>
        <ymax>675.7576362454162</ymax>
    </bndbox>
</object><object>
    <name>red ball</name>
    <pose>Unspecified</pose>
    <truncated>0</truncated>
    <difficult>0</difficult>
    <bndbox>
        <xmin>127.87752317583733</xmin>
        <ymin>608.1658219318001</ymin>
        <xmax>173.4430509868421</xmax>
        <ymax>661.0637586943958</ymax>
    </bndbox>
</object>
</annotation>