<?xml version='1.0' encoding='utf-8'?>
<annotation verified="yes">
    <folder>Annotation</folder>
    <filename>frame_7563.jpg</filename>
    <path>wxt2-PascalVOC-export/Annotations/frame_7563.jpg</path>
    <source>
        <database>Unknown</database>
    </source>
    <size>
        <width>1920</width>
        <height>1080</height>
        <depth>3</depth>
    </size>
    <segmented>0</segmented>
    <object>
    <name>red ball</name>
    <pose>Unspecified</pose>
    <truncated>0</truncated>
    <difficult>0</difficult>
    <bndbox>
        <xmin>920.9521804709466</xmin>
        <ymin>582.6600494384766</ymin>
        <xmax>1069.2258888823806</xmax>
        <ymax>772.7400054931641</ymax>
    </bndbox>
</object><object>
    <name>red ball</name>
    <pose>Unspecified</pose>
    <truncated>0</truncated>
    <difficult>0</difficult>
    <bndbox>
        <xmin>916.6335959465791</xmin>
        <ymin>415.6200164794922</ymin>
        <xmax>1000.1274382029053</xmax>
        <ymax>507.77998352050787</ymax>
    </bndbox>
</object><object>
    <name>red ball</name>
    <pose>Unspecified</pose>
    <truncated>0</truncated>
    <difficult>0</difficult>
    <bndbox>
        <xmin>810.1068635777882</xmin>
        <ymin>286.0200164794922</ymin>
        <xmax>903.6776227155576</xmax>
        <ymax>399.7799835205078</ymax>
    </bndbox>
</object><object>
    <name>black ball</name>
    <pose>Unspecified</pose>
    <truncated>0</truncated>
    <difficult>0</difficult>
    <bndbox>
        <xmin>684.8660452788191</xmin>
        <ymin>251.45999450683595</ymin>
        <xmax>749.6458016049672</xmax>
        <ymax>339.2999725341797</ymax>
    </bndbox>
</object><object>
    <name>black ball</name>
    <pose>Unspecified</pose>
    <truncated>0</truncated>
    <difficult>0</difficult>
    <bndbox>
        <xmin>555.306532626523</xmin>
        <ymin>330.659994506836</ymin>
        <xmax>656.0750424671978</xmax>
        <ymax>447.29997253417974</ymax>
    </bndbox>
</object><object>
    <name>black ball</name>
    <pose>Unspecified</pose>
    <truncated>0</truncated>
    <difficult>0</difficult>
    <bndbox>
        <xmin>689.1846298031865</xmin>
        <ymin>535.140005493164</ymin>
        <xmax>814.4255579311152</xmax>
        <ymax>686.3400054931641</ymax>
    </bndbox>
</object><object>
    <name>black ball</name>
    <pose>Unspecified</pose>
    <truncated>0</truncated>
    <difficult>0</difficult>
    <bndbox>
        <xmin>1112.4123930998126</xmin>
        <ymin>350.8200164794922</ymin>
        <xmax>1217.4995972938145</xmax>
        <ymax>470.3400054931641</ymax>
    </bndbox>
</object><object>
    <name>red ball</name>
    <pose>Unspecified</pose>
    <truncated>0</truncated>
    <difficult>0</difficult>
    <bndbox>
        <xmin>1275.0816029170571</xmin>
        <ymin>539.459994506836</ymin>
        <xmax>1380.1686972820994</xmax>
        <ymax>682.0199615478516</ymax>
    </bndbox>
</object><object>
    <name>red ball</name>
    <pose>Unspecified</pose>
    <truncated>0</truncated>
    <difficult>0</difficult>
    <bndbox>
        <xmin>1561.5521028584817</xmin>
        <ymin>494.8200164794922</ymin>
        <xmax>1714.1442859653234</xmax>
        <ymax>640.2600494384766</ymax>
    </bndbox>
</object><object>
    <name>black ball</name>
    <pose>Unspecified</pose>
    <truncated>0</truncated>
    <difficult>0</difficult>
    <bndbox>
        <xmin>1279.4001874414246</xmin>
        <ymin>707.9400054931641</ymin>
        <xmax>1391.6851423383318</xmax>
        <ymax>840.4199615478516</ymax>
    </bndbox>
</object>
</annotation>