<?xml version='1.0' encoding='utf-8'?>
<annotation verified="yes">
    <folder>Annotation</folder>
    <filename>frame_7591.jpg</filename>
    <path>wxt2-PascalVOC-export/Annotations/frame_7591.jpg</path>
    <source>
        <database>Unknown</database>
    </source>
    <size>
        <width>1920</width>
        <height>1080</height>
        <depth>3</depth>
    </size>
    <segmented>0</segmented>
    <object>
    <name>red ball</name>
    <pose>Unspecified</pose>
    <truncated>0</truncated>
    <difficult>0</difficult>
    <bndbox>
        <xmin>981.4133522727273</xmin>
        <ymin>442.9799835205078</ymin>
        <xmax>1082.181862113402</xmax>
        <ymax>566.8200164794922</ymax>
    </bndbox>
</object><object>
    <name>red ball</name>
    <pose>Unspecified</pose>
    <truncated>0</truncated>
    <difficult>0</difficult>
    <bndbox>
        <xmin>1233.3346268744142</xmin>
        <ymin>411.2999725341797</ymin>
        <xmax>1334.103136715089</xmax>
        <ymax>520.7400054931641</ymax>
    </bndbox>
</object><object>
    <name>black ball</name>
    <pose>Unspecified</pose>
    <truncated>0</truncated>
    <difficult>0</difficult>
    <bndbox>
        <xmin>1149.8406747891283</xmin>
        <ymin>633.0600494384765</ymin>
        <xmax>1290.916632497657</xmax>
        <ymax>817.3799835205078</ymax>
    </bndbox>
</object><object>
    <name>black ball</name>
    <pose>Unspecified</pose>
    <truncated>0</truncated>
    <difficult>0</difficult>
    <bndbox>
        <xmin>812.9859199273665</xmin>
        <ymin>569.6999725341797</ymin>
        <xmax>926.7104029990628</xmax>
        <ymax>707.9400054931641</ymax>
    </bndbox>
</object>
</annotation>