<?xml version='1.0' encoding='utf-8'?>
<annotation verified="yes">
    <folder>Annotation</folder>
    <filename>frame_7560.jpg</filename>
    <path>wxt2-PascalVOC-export/Annotations/frame_7560.jpg</path>
    <source>
        <database>Unknown</database>
    </source>
    <size>
        <width>1920</width>
        <height>1080</height>
        <depth>3</depth>
    </size>
    <segmented>0</segmented>
    <object>
    <name>red ball</name>
    <pose>Unspecified</pose>
    <truncated>0</truncated>
    <difficult>0</difficult>
    <bndbox>
        <xmin>805.7881692244611</xmin>
        <ymin>555.2999725341797</ymin>
        <xmax>938.2268480552951</xmax>
        <ymax>719.4600494384765</ymax>
    </bndbox>
</object><object>
    <name>red ball</name>
    <pose>Unspecified</pose>
    <truncated>0</truncated>
    <difficult>0</difficult>
    <bndbox>
        <xmin>1177.1921494259607</xmin>
        <ymin>545.2200164794922</ymin>
        <xmax>1283.7188817947517</xmax>
        <ymax>679.140005493164</ymax>
    </bndbox>
</object><object>
    <name>black ball</name>
    <pose>Unspecified</pose>
    <truncated>0</truncated>
    <difficult>0</difficult>
    <bndbox>
        <xmin>1139.763867736645</xmin>
        <ymin>692.1000274658203</ymin>
        <xmax>1252.0487128045925</xmax>
        <ymax>823.140005493164</ymax>
    </bndbox>
</object>
</annotation>