<?xml version='1.0' encoding='utf-8'?>
<annotation verified="yes">
    <folder>Annotation</folder>
    <filename>frame_9692.jpg</filename>
    <path>wxt2-PascalVOC-export/Annotations/frame_9692.jpg</path>
    <source>
        <database>Unknown</database>
    </source>
    <size>
        <width>1920</width>
        <height>1080</height>
        <depth>3</depth>
    </size>
    <segmented>0</segmented>
    <object>
    <name>blue ball</name>
    <pose>Unspecified</pose>
    <truncated>0</truncated>
    <difficult>0</difficult>
    <bndbox>
        <xmin>1369.7196261682243</xmin>
        <ymin>314.01521719723854</ymin>
        <xmax>1424.7477365654206</xmax>
        <ymax>385.815771213859</ymax>
    </bndbox>
</object><object>
    <name>blue ball</name>
    <pose>Unspecified</pose>
    <truncated>0</truncated>
    <difficult>0</difficult>
    <bndbox>
        <xmin>1281.1963346962616</xmin>
        <ymin>321.19534563820116</ymin>
        <xmax>1338.6169319509345</xmax>
        <ymax>385.8157712138591</ymax>
    </bndbox>
</object><object>
    <name>blue ball</name>
    <pose>Unspecified</pose>
    <truncated>0</truncated>
    <difficult>0</difficult>
    <bndbox>
        <xmin>1120.8971597546729</xmin>
        <ymin>325.98197620000866</ymin>
        <xmax>1204.6354775116822</xmax>
        <ymax>385.8157712138591</ymax>
    </bndbox>
</object><object>
    <name>blue ball</name>
    <pose>Unspecified</pose>
    <truncated>0</truncated>
    <difficult>0</difficult>
    <bndbox>
        <xmin>986.9158878504672</xmin>
        <ymin>302.0484581944685</ymin>
        <xmax>1065.869140625</xmax>
        <ymax>357.0956226465114</ymax>
    </bndbox>
</object><object>
    <name>blue square</name>
    <pose>Unspecified</pose>
    <truncated>0</truncated>
    <difficult>0</difficult>
    <bndbox>
        <xmin>826.6168041764018</xmin>
        <ymin>297.261827632661</ymin>
        <xmax>1807.5514748831774</xmax>
        <ymax>431.2894919440356</ymax>
    </bndbox>
</object><object>
    <name>black ball</name>
    <pose>Unspecified</pose>
    <truncated>0</truncated>
    <difficult>0</difficult>
    <bndbox>
        <xmin>826.6168041764018</xmin>
        <ymin>297.261827632661</ymin>
        <xmax>1807.5514748831774</xmax>
        <ymax>431.2894919440356</ymax>
    </bndbox>
</object>
</annotation>