<?xml version='1.0' encoding='utf-8'?>
<annotation verified="yes">
    <folder>Annotation</folder>
    <filename>frame_7554.jpg</filename>
    <path>wxt2-PascalVOC-export/Annotations/frame_7554.jpg</path>
    <source>
        <database>Unknown</database>
    </source>
    <size>
        <width>1920</width>
        <height>1080</height>
        <depth>3</depth>
    </size>
    <segmented>0</segmented>
    <object>
    <name>black ball</name>
    <pose>Unspecified</pose>
    <truncated>0</truncated>
    <difficult>0</difficult>
    <bndbox>
        <xmin>697.8219086808809</xmin>
        <ymin>595.6199615478516</ymin>
        <xmax>794.2718339971883</xmax>
        <ymax>705.0600494384767</ymax>
    </bndbox>
</object><object>
    <name>red ball</name>
    <pose>Unspecified</pose>
    <truncated>0</truncated>
    <difficult>0</difficult>
    <bndbox>
        <xmin>801.4695847000937</xmin>
        <ymin>657.5400054931641</ymin>
        <xmax>920.9521804709466</xmax>
        <ymax>818.8199615478517</ymax>
    </bndbox>
</object><object>
    <name>black ball</name>
    <pose>Unspecified</pose>
    <truncated>0</truncated>
    <difficult>0</difficult>
    <bndbox>
        <xmin>1030.3580790182755</xmin>
        <ymin>833.2199615478515</ymin>
        <xmax>1162.7966480201499</xmax>
        <ymax>972.9000274658204</ymax>
    </bndbox>
</object><object>
    <name>black ball</name>
    <pose>Unspecified</pose>
    <truncated>0</truncated>
    <difficult>0</difficult>
    <bndbox>
        <xmin>741.008412898313</xmin>
        <ymin>453.05999450683595</ymin>
        <xmax>811.5463917525774</xmax>
        <ymax>543.7799835205078</ymax>
    </bndbox>
</object><object>
    <name>black ball</name>
    <pose>Unspecified</pose>
    <truncated>0</truncated>
    <difficult>0</difficult>
    <bndbox>
        <xmin>882.0843706068416</xmin>
        <ymin>411.2999725341797</ymin>
        <xmax>936.7873198805061</xmax>
        <ymax>489.05999450683595</ymax>
    </bndbox>
</object><object>
    <name>red ball</name>
    <pose>Unspecified</pose>
    <truncated>0</truncated>
    <difficult>0</difficult>
    <bndbox>
        <xmin>943.9850705834115</xmin>
        <ymin>453.05999450683595</ymin>
        <xmax>1013.0834114339269</xmax>
        <ymax>546.6599945068359</ymax>
    </bndbox>
</object><object>
    <name>red ball</name>
    <pose>Unspecified</pose>
    <truncated>0</truncated>
    <difficult>0</difficult>
    <bndbox>
        <xmin>943.9850705834115</xmin>
        <ymin>562.4999725341797</ymin>
        <xmax>1023.1603283153702</xmax>
        <ymax>638.8199615478516</ymax>
    </bndbox>
</object>
</annotation>