<?xml version='1.0' encoding='utf-8'?>
<annotation verified="yes">
    <folder>Annotation</folder>
    <filename>frame_7523.jpg</filename>
    <path>wxt2-PascalVOC-export/Annotations/frame_7523.jpg</path>
    <source>
        <database>Unknown</database>
    </source>
    <size>
        <width>1920</width>
        <height>1080</height>
        <depth>3</depth>
    </size>
    <segmented>0</segmented>
    <object>
    <name>black ball</name>
    <pose>Unspecified</pose>
    <truncated>0</truncated>
    <difficult>0</difficult>
    <bndbox>
        <xmin>955.5014058106841</xmin>
        <ymin>405.5400054931641</ymin>
        <xmax>1040.4348860707591</xmax>
        <ymax>526.4999725341797</ymax>
    </bndbox>
</object><object>
    <name>red ball</name>
    <pose>Unspecified</pose>
    <truncated>0</truncated>
    <difficult>0</difficult>
    <bndbox>
        <xmin>1236.2136832239926</xmin>
        <ymin>468.8999725341797</ymin>
        <xmax>1364.3336677014995</xmax>
        <ymax>635.9400054931641</ymax>
    </bndbox>
</object><object>
    <name>red ball</name>
    <pose>Unspecified</pose>
    <truncated>0</truncated>
    <difficult>0</difficult>
    <bndbox>
        <xmin>684.8660452788191</xmin>
        <ymin>353.6999725341797</ymin>
        <xmax>834.5791720360825</xmax>
        <ymax>464.5799835205079</ymax>
    </bndbox>
</object><object>
    <name>black ball</name>
    <pose>Unspecified</pose>
    <truncated>0</truncated>
    <difficult>0</difficult>
    <bndbox>
        <xmin>781.3158607661668</xmin>
        <ymin>473.2200164794922</ymin>
        <xmax>879.2053142572634</xmax>
        <ymax>578.3400054931641</ymax>
    </bndbox>
</object><object>
    <name>black ball</name>
    <pose>Unspecified</pose>
    <truncated>0</truncated>
    <difficult>0</difficult>
    <bndbox>
        <xmin>1116.7310874531397</xmin>
        <ymin>287.4599945068359</ymin>
        <xmax>1223.257709992971</xmax>
        <ymax>392.5799835205078</ymax>
    </bndbox>
</object><object>
    <name>red ball</name>
    <pose>Unspecified</pose>
    <truncated>0</truncated>
    <difficult>0</difficult>
    <bndbox>
        <xmin>1000.1274382029053</xmin>
        <ymin>219.7799835205078</ymin>
        <xmax>1062.028138179475</xmax>
        <ymax>300.4200164794922</ymax>
    </bndbox>
</object><object>
    <name>red ball</name>
    <pose>Unspecified</pose>
    <truncated>0</truncated>
    <difficult>0</difficult>
    <bndbox>
        <xmin>925.2708748242736</xmin>
        <ymin>293.2200164794922</ymin>
        <xmax>1001.5670762066541</xmax>
        <ymax>370.9799835205078</ymax>
    </bndbox>
</object><object>
    <name>black ball</name>
    <pose>Unspecified</pose>
    <truncated>0</truncated>
    <difficult>0</difficult>
    <bndbox>
        <xmin>820.1836706302718</xmin>
        <ymin>215.45999450683595</ymin>
        <xmax>903.6776227155576</xmax>
        <ymax>296.0999725341797</ymax>
    </bndbox>
</object>
</annotation>