<?xml version='1.0' encoding='utf-8'?>
<annotation verified="yes">
    <folder>Annotation</folder>
    <filename>frame_7636.jpg</filename>
    <path>wxt2-PascalVOC-export/Annotations/frame_7636.jpg</path>
    <source>
        <database>Unknown</database>
    </source>
    <size>
        <width>1920</width>
        <height>1080</height>
        <depth>3</depth>
    </size>
    <segmented>0</segmented>
    <object>
    <name>black ball</name>
    <pose>Unspecified</pose>
    <truncated>0</truncated>
    <difficult>0</difficult>
    <bndbox>
        <xmin>1089.3796128163074</xmin>
        <ymin>396.8999725341797</ymin>
        <xmax>1123.928838156045</xmax>
        <ymax>431.459994506836</ymax>
    </bndbox>
</object><object>
    <name>black ball</name>
    <pose>Unspecified</pose>
    <truncated>0</truncated>
    <difficult>0</difficult>
    <bndbox>
        <xmin>1004.4461325562324</xmin>
        <ymin>406.9799835205078</ymin>
        <xmax>1051.9513311269916</xmax>
        <ymax>445.8599945068359</ymax>
    </bndbox>
</object><object>
    <name>black ball</name>
    <pose>Unspecified</pose>
    <truncated>0</truncated>
    <difficult>0</difficult>
    <bndbox>
        <xmin>971.336435391284</xmin>
        <ymin>425.6999725341797</ymin>
        <xmax>1027.4789128397376</xmax>
        <ymax>477.5400054931641</ymax>
    </bndbox>
</object><object>
    <name>black ball</name>
    <pose>Unspecified</pose>
    <truncated>0</truncated>
    <difficult>0</difficult>
    <bndbox>
        <xmin>943.9850705834115</xmin>
        <ymin>396.8999725341797</ymin>
        <xmax>977.0946579194002</xmax>
        <ymax>435.7799835205078</ymax>
    </bndbox>
</object><object>
    <name>red ball</name>
    <pose>Unspecified</pose>
    <truncated>0</truncated>
    <difficult>0</difficult>
    <bndbox>
        <xmin>906.5566790651359</xmin>
        <ymin>434.3400054931641</ymin>
        <xmax>951.1828212863168</xmax>
        <ymax>480.42001647949223</ymax>
    </bndbox>
</object><object>
    <name>red ball</name>
    <pose>Unspecified</pose>
    <truncated>0</truncated>
    <difficult>0</difficult>
    <bndbox>
        <xmin>877.7656762535145</xmin>
        <ymin>405.5400054931641</ymin>
        <xmax>920.9521804709465</xmax>
        <ymax>454.4999725341797</ymax>
    </bndbox>
</object><object>
    <name>red ball</name>
    <pose>Unspecified</pose>
    <truncated>0</truncated>
    <difficult>0</difficult>
    <bndbox>
        <xmin>814.4255579311152</xmin>
        <ymin>428.5799835205078</ymin>
        <xmax>853.2933677952202</xmax>
        <ymax>483.2999725341797</ymax>
    </bndbox>
</object><object>
    <name>red ball</name>
    <pose>Unspecified</pose>
    <truncated>0</truncated>
    <difficult>0</difficult>
    <bndbox>
        <xmin>788.5136114690722</xmin>
        <ymin>399.7799835205078</ymin>
        <xmax>838.8978663894096</xmax>
        <ymax>451.62001647949216</ymax>
    </bndbox>
</object><object>
    <name>black ball</name>
    <pose>Unspecified</pose>
    <truncated>0</truncated>
    <difficult>0</difficult>
    <bndbox>
        <xmin>722.2943269681349</xmin>
        <ymin>395.4599945068359</ymin>
        <xmax>772.6785818884723</xmax>
        <ymax>450.1799835205078</ymax>
    </bndbox>
</object><object>
    <name>red ball</name>
    <pose>Unspecified</pose>
    <truncated>0</truncated>
    <difficult>0</difficult>
    <bndbox>
        <xmin>705.0196593837863</xmin>
        <ymin>422.8200164794922</ymin>
        <xmax>736.6898283739457</xmax>
        <ymax>480.42001647949223</ymax>
    </bndbox>
</object>
</annotation>