<?xml version='1.0' encoding='utf-8'?>
<annotation verified="yes">
    <folder>Annotation</folder>
    <filename>frame_7910.jpg</filename>
    <path>wxt2-PascalVOC-export/Annotations/frame_7910.jpg</path>
    <source>
        <database>Unknown</database>
    </source>
    <size>
        <width>1920</width>
        <height>1080</height>
        <depth>3</depth>
    </size>
    <segmented>0</segmented>
    <object>
    <name>red start</name>
    <pose>Unspecified</pose>
    <truncated>0</truncated>
    <difficult>0</difficult>
    <bndbox>
        <xmin>809.8908866626795</xmin>
        <ymin>619.920968814772</ymin>
        <xmax>1422.8210974880383</xmax>
        <ymax>666.9413321358817</ymax>
    </bndbox>
</object><object>
    <name>crossing</name>
    <pose>Unspecified</pose>
    <truncated>0</truncated>
    <difficult>0</difficult>
    <bndbox>
        <xmin>1355.2077227870814</xmin>
        <ymin>853.5535321916852</ymin>
        <xmax>1771.177033492823</xmax>
        <ymax>984.3290648168447</ymax>
    </bndbox>
</object><object>
    <name>black ball</name>
    <pose>Unspecified</pose>
    <truncated>0</truncated>
    <difficult>0</difficult>
    <bndbox>
        <xmin>389.511961722488</xmin>
        <ymin>602.2882484903141</ymin>
        <xmax>448.3062200956938</xmax>
        <ymax>653.7168199188856</ymax>
    </bndbox>
</object><object>
    <name>red ball</name>
    <pose>Unspecified</pose>
    <truncated>0</truncated>
    <difficult>0</difficult>
    <bndbox>
        <xmin>261.6344385466507</xmin>
        <ymin>616.9821260413345</ymin>
        <xmax>332.1875934509569</xmax>
        <ymax>674.2882709113919</ymax>
    </bndbox>
</object><object>
    <name>black ball</name>
    <pose>Unspecified</pose>
    <truncated>0</truncated>
    <difficult>0</difficult>
    <bndbox>
        <xmin>164.6239346590909</xmin>
        <ymin>631.676003592355</ymin>
        <xmax>207.24979440789474</xmax>
        <ymax>674.2882709113919</ymax>
    </bndbox>
</object><object>
    <name>red ball</name>
    <pose>Unspecified</pose>
    <truncated>0</truncated>
    <difficult>0</difficult>
    <bndbox>
        <xmin>113.17895858253588</xmin>
        <ymin>627.2679075902822</ymin>
        <xmax>161.68421052631578</xmax>
        <ymax>680.1658443528779</ymax>
    </bndbox>
</object><object>
    <name>red ball</name>
    <pose>Unspecified</pose>
    <truncated>0</truncated>
    <difficult>0</difficult>
    <bndbox>
        <xmin>49.97514204545455</xmin>
        <ymin>612.5740300392619</ymin>
        <xmax>107.29951031698565</xmax>
        <ymax>669.8800628039302</ymax>
    </bndbox>
</object>
</annotation>