<?xml version='1.0' encoding='utf-8'?>
<annotation verified="yes">
    <folder>Annotation</folder>
    <filename>frame_7471.jpg</filename>
    <path>wxt2-PascalVOC-export/Annotations/frame_7471.jpg</path>
    <source>
        <database>Unknown</database>
    </source>
    <size>
        <width>1920</width>
        <height>1080</height>
        <depth>3</depth>
    </size>
    <segmented>0</segmented>
    <object>
    <name>black ball</name>
    <pose>Unspecified</pose>
    <truncated>0</truncated>
    <difficult>0</difficult>
    <bndbox>
        <xmin>1144.0824522610121</xmin>
        <ymin>401.2200164794922</ymin>
        <xmax>1193.0271790065603</xmax>
        <ymax>471.7799835205078</ymax>
    </bndbox>
</object><object>
    <name>red ball</name>
    <pose>Unspecified</pose>
    <truncated>0</truncated>
    <difficult>0</difficult>
    <bndbox>
        <xmin>1229.015932521087</xmin>
        <ymin>343.6200164794922</ymin>
        <xmax>1285.1584099695406</xmax>
        <ymax>415.6200164794922</ymax>
    </bndbox>
</object><object>
    <name>red ball</name>
    <pose>Unspecified</pose>
    <truncated>0</truncated>
    <difficult>0</difficult>
    <bndbox>
        <xmin>974.215601569822</xmin>
        <ymin>379.6200164794922</ymin>
        <xmax>1046.1931085988754</xmax>
        <ymax>461.6999725341797</ymax>
    </bndbox>
</object><object>
    <name>black ball</name>
    <pose>Unspecified</pose>
    <truncated>0</truncated>
    <difficult>0</difficult>
    <bndbox>
        <xmin>979.9738240979382</xmin>
        <ymin>306.17998352050785</ymin>
        <xmax>1046.1931085988754</xmax>
        <ymax>366.659994506836</ymax>
    </bndbox>
</object><object>
    <name>black ball</name>
    <pose>Unspecified</pose>
    <truncated>0</truncated>
    <difficult>0</difficult>
    <bndbox>
        <xmin>841.7769227389878</xmin>
        <ymin>372.4200164794922</ymin>
        <xmax>903.6776227155576</xmax>
        <ymax>451.62001647949216</ymax>
    </bndbox>
</object><object>
    <name>black ball</name>
    <pose>Unspecified</pose>
    <truncated>0</truncated>
    <difficult>0</difficult>
    <bndbox>
        <xmin>664.7123213448922</xmin>
        <ymin>310.4999725341797</ymin>
        <xmax>732.3711340206186</xmax>
        <ymax>386.8200164794922</ymax>
    </bndbox>
</object><object>
    <name>red ball</name>
    <pose>Unspecified</pose>
    <truncated>0</truncated>
    <difficult>0</difficult>
    <bndbox>
        <xmin>800.0300565253045</xmin>
        <ymin>287.4599945068359</ymin>
        <xmax>844.6560889175257</xmax>
        <ymax>350.82001647949215</ymax>
    </bndbox>
</object><object>
    <name>red ball</name>
    <pose>Unspecified</pose>
    <truncated>0</truncated>
    <difficult>0</difficult>
    <bndbox>
        <xmin>907.9963170688848</xmin>
        <ymin>339.2999725341797</ymin>
        <xmax>941.1059044048735</xmax>
        <ymax>396.8999725341797</ymax>
    </bndbox>
</object>
</annotation>