<?xml version='1.0' encoding='utf-8'?>
<annotation verified="yes">
    <folder>Annotation</folder>
    <filename>frame_7586.jpg</filename>
    <path>wxt2-PascalVOC-export/Annotations/frame_7586.jpg</path>
    <source>
        <database>Unknown</database>
    </source>
    <size>
        <width>1920</width>
        <height>1080</height>
        <depth>3</depth>
    </size>
    <segmented>0</segmented>
    <object>
    <name>black ball</name>
    <pose>Unspecified</pose>
    <truncated>0</truncated>
    <difficult>0</difficult>
    <bndbox>
        <xmin>709.3383537371134</xmin>
        <ymin>589.8600494384766</ymin>
        <xmax>824.5023649835989</xmax>
        <ymax>728.1000274658204</ymax>
    </bndbox>
</object><object>
    <name>black ball</name>
    <pose>Unspecified</pose>
    <truncated>0</truncated>
    <difficult>0</difficult>
    <bndbox>
        <xmin>988.6111029756327</xmin>
        <ymin>694.9799835205079</ymin>
        <xmax>1129.6869508552015</xmax>
        <ymax>866.3400054931641</ymax>
    </bndbox>
</object><object>
    <name>black ball</name>
    <pose>Unspecified</pose>
    <truncated>0</truncated>
    <difficult>0</difficult>
    <bndbox>
        <xmin>1096.5773635192127</xmin>
        <ymin>334.9799835205078</ymin>
        <xmax>1195.9063451850984</xmax>
        <ymax>455.94000549316405</ymax>
    </bndbox>
</object><object>
    <name>red ball</name>
    <pose>Unspecified</pose>
    <truncated>0</truncated>
    <difficult>0</difficult>
    <bndbox>
        <xmin>1349.938166295689</xmin>
        <ymin>251.45999450683595</ymin>
        <xmax>1430.5529522024367</xmax>
        <ymax>339.2999725341797</ymax>
    </bndbox>
</object><object>
    <name>red ball</name>
    <pose>Unspecified</pose>
    <truncated>0</truncated>
    <difficult>0</difficult>
    <bndbox>
        <xmin>1401.7619493908153</xmin>
        <ymin>360.8999725341797</ymin>
        <xmax>1489.5745958294283</xmax>
        <ymax>450.17998352050785</ymax>
    </bndbox>
</object><object>
    <name>red ball</name>
    <pose>Unspecified</pose>
    <truncated>0</truncated>
    <difficult>0</difficult>
    <bndbox>
        <xmin>1503.9700972352389</xmin>
        <ymin>493.37998352050784</ymin>
        <xmax>1659.4415563495781</xmax>
        <ymax>641.7000274658203</ymax>
    </bndbox>
</object><object>
    <name>red ball</name>
    <pose>Unspecified</pose>
    <truncated>0</truncated>
    <difficult>0</difficult>
    <bndbox>
        <xmin>1187.2689564784441</xmin>
        <ymin>481.85999450683596</ymin>
        <xmax>1289.4771043228677</xmax>
        <ymax>579.7799835205078</ymax>
    </bndbox>
</object><object>
    <name>red ball</name>
    <pose>Unspecified</pose>
    <truncated>0</truncated>
    <difficult>0</difficult>
    <bndbox>
        <xmin>910.875373418463</xmin>
        <ymin>484.74000549316406</ymin>
        <xmax>1017.4021057872541</xmax>
        <ymax>608.5799835205078</ymax>
    </bndbox>
</object><object>
    <name>black ball</name>
    <pose>Unspecified</pose>
    <truncated>0</truncated>
    <difficult>0</difficult>
    <bndbox>
        <xmin>1554.3543521555764</xmin>
        <ymin>395.4599945068359</ymin>
        <xmax>1652.2438056466729</xmax>
        <ymax>496.25999450683594</ymax>
    </bndbox>
</object><object>
    <name>black ball</name>
    <pose>Unspecified</pose>
    <truncated>0</truncated>
    <difficult>0</difficult>
    <bndbox>
        <xmin>1467.9813437207122</xmin>
        <ymin>597.0600494384765</ymin>
        <xmax>1597.5408563730084</xmax>
        <ymax>756.9000274658204</ymax>
    </bndbox>
</object>
</annotation>