<?xml version='1.0' encoding='utf-8'?>
<annotation verified="yes">
    <folder>Annotation</folder>
    <filename>frame_7432.jpg</filename>
    <path>wxt2-PascalVOC-export/Annotations/frame_7432.jpg</path>
    <source>
        <database>Unknown</database>
    </source>
    <size>
        <width>1920</width>
        <height>1080</height>
        <depth>3</depth>
    </size>
    <segmented>0</segmented>
    <object>
    <name>crossing</name>
    <pose>Unspecified</pose>
    <truncated>0</truncated>
    <difficult>0</difficult>
    <bndbox>
        <xmin>1198.7854015346766</xmin>
        <ymin>437.2200164794922</ymin>
        <xmax>1678.1555324507965</xmax>
        <ymax>653.2199615478515</ymax>
    </bndbox>
</object><object>
    <name>black ball</name>
    <pose>Unspecified</pose>
    <truncated>0</truncated>
    <difficult>0</difficult>
    <bndbox>
        <xmin>1230.4554606958764</xmin>
        <ymin>203.94000549316408</ymin>
        <xmax>1265.004686035614</xmax>
        <ymax>250.0200164794922</ymax>
    </bndbox>
</object><object>
    <name>black ball</name>
    <pose>Unspecified</pose>
    <truncated>0</truncated>
    <difficult>0</difficult>
    <bndbox>
        <xmin>1532.7611000468603</xmin>
        <ymin>229.85999450683593</ymin>
        <xmax>1570.1892719072164</xmax>
        <ymax>275.94000549316405</ymax>
    </bndbox>
</object><object>
    <name>red ball</name>
    <pose>Unspecified</pose>
    <truncated>0</truncated>
    <difficult>0</difficult>
    <bndbox>
        <xmin>1588.9034676663543</xmin>
        <ymin>214.0200164794922</ymin>
        <xmax>1624.892221180881</xmax>
        <ymax>252.8999725341797</ymax>
    </bndbox>
</object><object>
    <name>red ball</name>
    <pose>Unspecified</pose>
    <truncated>0</truncated>
    <difficult>0</difficult>
    <bndbox>
        <xmin>1433.4321183809748</xmin>
        <ymin>228.4200164794922</ymin>
        <xmax>1485.2559014761014</xmax>
        <ymax>280.25999450683594</ymax>
    </bndbox>
</object><object>
    <name>black ball</name>
    <pose>Unspecified</pose>
    <truncated>0</truncated>
    <difficult>0</difficult>
    <bndbox>
        <xmin>1403.2014775656046</xmin>
        <ymin>201.05999450683595</ymin>
        <xmax>1453.5858423149016</xmax>
        <ymax>238.4999725341797</ymax>
    </bndbox>
</object><object>
    <name>black ball</name>
    <pose>Unspecified</pose>
    <truncated>0</truncated>
    <difficult>0</difficult>
    <bndbox>
        <xmin>1361.4546113519214</xmin>
        <ymin>222.65999450683594</ymin>
        <xmax>1398.8828930412371</xmax>
        <ymax>271.62001647949216</ymax>
    </bndbox>
</object><object>
    <name>red ball</name>
    <pose>Unspecified</pose>
    <truncated>0</truncated>
    <difficult>0</difficult>
    <bndbox>
        <xmin>1292.356160672446</xmin>
        <ymin>199.6200164794922</ymin>
        <xmax>1321.1471634840675</xmax>
        <ymax>239.94000549316408</ymax>
    </bndbox>
</object>
</annotation>