<?xml version='1.0' encoding='utf-8'?>
<annotation verified="yes">
    <folder>Annotation</folder>
    <filename>frame_7902.jpg</filename>
    <path>wxt2-PascalVOC-export/Annotations/frame_7902.jpg</path>
    <source>
        <database>Unknown</database>
    </source>
    <size>
        <width>1920</width>
        <height>1080</height>
        <depth>3</depth>
    </size>
    <segmented>0</segmented>
    <object>
    <name>black ball</name>
    <pose>Unspecified</pose>
    <truncated>0</truncated>
    <difficult>0</difficult>
    <bndbox>
        <xmin>435.077545604067</xmin>
        <ymin>618.4514913753587</ymin>
        <xmax>486.522521680622</xmax>
        <ymax>658.1250280263473</ymax>
    </bndbox>
</object><object>
    <name>red ball</name>
    <pose>Unspecified</pose>
    <truncated>0</truncated>
    <difficult>0</difficult>
    <bndbox>
        <xmin>314.5493047248804</xmin>
        <ymin>622.8596994828205</ymin>
        <xmax>380.6928453947369</xmax>
        <ymax>674.2882709113919</ymax>
    </bndbox>
</object><object>
    <name>black ball</name>
    <pose>Unspecified</pose>
    <truncated>0</truncated>
    <difficult>0</difficult>
    <bndbox>
        <xmin>221.94835900119617</xmin>
        <ymin>630.2066382583307</ymin>
        <xmax>268.98372084330146</xmax>
        <ymax>680.1658443528779</ymax>
    </bndbox>
</object><object>
    <name>red ball</name>
    <pose>Unspecified</pose>
    <truncated>0</truncated>
    <difficult>0</difficult>
    <bndbox>
        <xmin>179.32249925239236</xmin>
        <ymin>633.1453689263792</ymin>
        <xmax>224.88802706339715</xmax>
        <ymax>683.1045750209264</ymax>
    </bndbox>
</object><object>
    <name>red ball</name>
    <pose>Unspecified</pose>
    <truncated>0</truncated>
    <difficult>0</difficult>
    <bndbox>
        <xmin>117.58851674641149</xmin>
        <ymin>615.5127607073102</ymin>
        <xmax>170.50338292464116</xmax>
        <ymax>671.3495402433434</ymax>
    </bndbox>
</object><object>
    <name>red start</name>
    <pose>Unspecified</pose>
    <truncated>0</truncated>
    <difficult>0</difficult>
    <bndbox>
        <xmin>833.4086797248804</xmin>
        <ymin>625.798430150869</ymin>
        <xmax>1408.1225328947369</xmax>
        <ymax>684.5739403549507</ymax>
    </bndbox>
</object><object>
    <name>crossing</name>
    <pose>Unspecified</pose>
    <truncated>0</truncated>
    <difficult>0</difficult>
    <bndbox>
        <xmin>1306.7024147727273</xmin>
        <ymin>852.0841668576611</ymin>
        <xmax>1707.9731608851675</xmax>
        <ymax>962.2882484903141</ymax>
    </bndbox>
</object>
</annotation>