<?xml version='1.0' encoding='utf-8'?>
<annotation verified="yes">
    <folder>Annotation</folder>
    <filename>frame_7507.jpg</filename>
    <path>wxt2-PascalVOC-export/Annotations/frame_7507.jpg</path>
    <source>
        <database>Unknown</database>
    </source>
    <size>
        <width>1920</width>
        <height>1080</height>
        <depth>3</depth>
    </size>
    <segmented>0</segmented>
    <object>
    <name>black ball</name>
    <pose>Unspecified</pose>
    <truncated>0</truncated>
    <difficult>0</difficult>
    <bndbox>
        <xmin>818.7441424554827</xmin>
        <ymin>284.5799835205078</ymin>
        <xmax>912.3149015932521</xmax>
        <ymax>383.9400054931641</ymax>
    </bndbox>
</object><object>
    <name>black ball</name>
    <pose>Unspecified</pose>
    <truncated>0</truncated>
    <difficult>0</difficult>
    <bndbox>
        <xmin>968.4573790417057</xmin>
        <ymin>221.2200164794922</ymin>
        <xmax>1034.676663542643</xmax>
        <ymax>309.05999450683595</ymax>
    </bndbox>
</object><object>
    <name>black ball</name>
    <pose>Unspecified</pose>
    <truncated>0</truncated>
    <difficult>0</difficult>
    <bndbox>
        <xmin>833.1396438612934</xmin>
        <ymin>422.8200164794922</ymin>
        <xmax>935.3476818767573</xmax>
        <ymax>548.0999725341798</ymax>
    </bndbox>
</object><object>
    <name>red ball</name>
    <pose>Unspecified</pose>
    <truncated>0</truncated>
    <difficult>0</difficult>
    <bndbox>
        <xmin>978.5341860941893</xmin>
        <ymin>483.2999725341797</ymin>
        <xmax>1125.368366330834</xmax>
        <ymax>648.9000274658204</ymax>
    </bndbox>
</object><object>
    <name>red ball</name>
    <pose>Unspecified</pose>
    <truncated>0</truncated>
    <difficult>0</difficult>
    <bndbox>
        <xmin>1050.5116931232428</xmin>
        <ymin>242.82001647949218</ymin>
        <xmax>1129.6869508552015</xmax>
        <ymax>349.37998352050784</ymax>
    </bndbox>
</object><object>
    <name>red ball</name>
    <pose>Unspecified</pose>
    <truncated>0</truncated>
    <difficult>0</difficult>
    <bndbox>
        <xmin>1095.1378353444236</xmin>
        <ymin>356.5799835205078</ymin>
        <xmax>1181.5108437792876</xmax>
        <ymax>457.37998352050784</ymax>
    </bndbox>
</object><object>
    <name>red ball</name>
    <pose>Unspecified</pose>
    <truncated>0</truncated>
    <difficult>0</difficult>
    <bndbox>
        <xmin>1408.9597000937208</xmin>
        <ymin>483.2999725341797</ymin>
        <xmax>1541.3982690955952</xmax>
        <ymax>643.140005493164</ymax>
    </bndbox>
</object><object>
    <name>black ball</name>
    <pose>Unspecified</pose>
    <truncated>0</truncated>
    <difficult>0</difficult>
    <bndbox>
        <xmin>1315.3889409559513</xmin>
        <ymin>622.9799835205079</ymin>
        <xmax>1475.1790944236177</xmax>
        <ymax>788.5799835205079</ymax>
    </bndbox>
</object><object>
    <name>black ball</name>
    <pose>Unspecified</pose>
    <truncated>0</truncated>
    <difficult>0</difficult>
    <bndbox>
        <xmin>1332.6636085403</xmin>
        <ymin>307.6200164794922</ymin>
        <xmax>1449.2671479615747</xmax>
        <ymax>417.059994506836</ymax>
    </bndbox>
</object>
</annotation>