<?xml version='1.0' encoding='utf-8'?>
<annotation verified="yes">
    <folder>Annotation</folder>
    <filename>frame_7897.jpg</filename>
    <path>wxt2-PascalVOC-export/Annotations/frame_7897.jpg</path>
    <source>
        <database>Unknown</database>
    </source>
    <size>
        <width>1920</width>
        <height>1080</height>
        <depth>3</depth>
    </size>
    <segmented>0</segmented>
    <object>
    <name>black ball</name>
    <pose>Unspecified</pose>
    <truncated>0</truncated>
    <difficult>0</difficult>
    <bndbox>
        <xmin>445.3664959629187</xmin>
        <ymin>611.1045525998486</ymin>
        <xmax>499.75119617224885</xmax>
        <ymax>653.7168199188856</ymax>
    </bndbox>
</object><object>
    <name>red ball</name>
    <pose>Unspecified</pose>
    <truncated>0</truncated>
    <difficult>0</difficult>
    <bndbox>
        <xmin>329.2478693181818</xmin>
        <ymin>611.1045525998486</ymin>
        <xmax>393.9215198863636</xmax>
        <ymax>662.53312402842</ymax>
    </bndbox>
</object><object>
    <name>black ball</name>
    <pose>Unspecified</pose>
    <truncated>0</truncated>
    <difficult>0</difficult>
    <bndbox>
        <xmin>242.5263157894737</xmin>
        <ymin>621.3903341487962</ymin>
        <xmax>286.622009569378</xmax>
        <ymax>664.0026014678332</ymax>
    </bndbox>
</object><object>
    <name>red ball</name>
    <pose>Unspecified</pose>
    <truncated>0</truncated>
    <difficult>0</difficult>
    <bndbox>
        <xmin>191.08133971291866</xmin>
        <ymin>621.3903341487962</ymin>
        <xmax>248.40576405502392</xmax>
        <ymax>671.3495402433434</ymax>
    </bndbox>
</object><object>
    <name>red ball</name>
    <pose>Unspecified</pose>
    <truncated>0</truncated>
    <difficult>0</difficult>
    <bndbox>
        <xmin>139.63636363636363</xmin>
        <ymin>611.1045525998486</ymin>
        <xmax>189.6115056818182</xmax>
        <ymax>659.5943933603716</ymax>
    </bndbox>
</object><object>
    <name>red start</name>
    <pose>Unspecified</pose>
    <truncated>0</truncated>
    <difficult>0</difficult>
    <bndbox>
        <xmin>840.7579620215312</xmin>
        <ymin>621.3903341487962</ymin>
        <xmax>1411.0622009569379</xmax>
        <ymax>677.2270015794404</ymax>
    </bndbox>
</object><object>
    <name>crossing</name>
    <pose>Unspecified</pose>
    <truncated>0</truncated>
    <difficult>0</difficult>
    <bndbox>
        <xmin>1280.2449536483255</xmin>
        <ymin>831.5127158651546</ymin>
        <xmax>1668.287081339713</xmax>
        <ymax>925.553554612763</ymax>
    </bndbox>
</object>
</annotation>