<?xml version='1.0' encoding='utf-8'?>
<annotation verified="yes">
    <folder>Annotation</folder>
    <filename>frame_7497.jpg</filename>
    <path>wxt2-PascalVOC-export/Annotations/frame_7497.jpg</path>
    <source>
        <database>Unknown</database>
    </source>
    <size>
        <width>1920</width>
        <height>1080</height>
        <depth>3</depth>
    </size>
    <segmented>0</segmented>
    <object>
    <name>red ball</name>
    <pose>Unspecified</pose>
    <truncated>0</truncated>
    <difficult>0</difficult>
    <bndbox>
        <xmin>863.3701748477039</xmin>
        <ymin>656.1000274658203</ymin>
        <xmax>1057.7094438261481</xmax>
        <ymax>890.8199615478516</ymax>
    </bndbox>
</object><object>
    <name>red ball</name>
    <pose>Unspecified</pose>
    <truncated>0</truncated>
    <difficult>0</difficult>
    <bndbox>
        <xmin>1316.8284691307404</xmin>
        <ymin>664.7400054931641</ymin>
        <xmax>1479.4977887769446</xmax>
        <ymax>849.0600494384765</ymax>
    </bndbox>
</object><object>
    <name>red ball</name>
    <pose>Unspecified</pose>
    <truncated>0</truncated>
    <difficult>0</difficult>
    <bndbox>
        <xmin>1702.6280605670104</xmin>
        <ymin>671.9400054931641</ymin>
        <xmax>1902.725442244611</xmax>
        <ymax>837.5400054931641</ymax>
    </bndbox>
</object><object>
    <name>red ball</name>
    <pose>Unspecified</pose>
    <truncated>0</truncated>
    <difficult>0</difficult>
    <bndbox>
        <xmin>923.8313466494845</xmin>
        <ymin>497.6999725341797</ymin>
        <xmax>1054.8303874765697</xmax>
        <ymax>611.4600494384766</ymax>
    </bndbox>
</object><object>
    <name>red ball</name>
    <pose>Unspecified</pose>
    <truncated>0</truncated>
    <difficult>0</difficult>
    <bndbox>
        <xmin>850.4143114456419</xmin>
        <ymin>376.74000549316406</ymin>
        <xmax>967.0178508669165</xmax>
        <ymax>471.7799835205078</ymax>
    </bndbox>
</object><object>
    <name>black ball</name>
    <pose>Unspecified</pose>
    <truncated>0</truncated>
    <difficult>0</difficult>
    <bndbox>
        <xmin>741.008412898313</xmin>
        <ymin>326.3400054931641</ymin>
        <xmax>828.8210593369259</xmax>
        <ymax>421.37998352050784</ymax>
    </bndbox>
</object><object>
    <name>black ball</name>
    <pose>Unspecified</pose>
    <truncated>0</truncated>
    <difficult>0</difficult>
    <bndbox>
        <xmin>599.9325650187442</xmin>
        <ymin>392.5799835205078</ymin>
        <xmax>699.2615466846298</xmax>
        <ymax>509.2200164794922</ymax>
    </bndbox>
</object><object>
    <name>black ball</name>
    <pose>Unspecified</pose>
    <truncated>0</truncated>
    <difficult>0</difficult>
    <bndbox>
        <xmin>634.4817903584817</xmin>
        <ymin>584.1000274658203</ymin>
        <xmax>781.3158607661668</xmax>
        <ymax>764.1000274658203</ymax>
    </bndbox>
</object><object>
    <name>black ball</name>
    <pose>Unspecified</pose>
    <truncated>0</truncated>
    <difficult>0</difficult>
    <bndbox>
        <xmin>1169.9943987230554</xmin>
        <ymin>442.9799835205078</ymin>
        <xmax>1286.5979381443299</xmax>
        <ymax>594.1799835205078</ymax>
    </bndbox>
</object><object>
    <name>black ball</name>
    <pose>Unspecified</pose>
    <truncated>0</truncated>
    <difficult>0</difficult>
    <bndbox>
        <xmin>1263.5651578608247</xmin>
        <ymin>864.9000274658204</ymin>
        <xmax>1452.1462043111528</xmax>
        <ymax>1067.940005493164</ymax>
    </bndbox>
</object>
</annotation>