<?xml version='1.0' encoding='utf-8'?>
<annotation verified="yes">
    <folder>Annotation</folder>
    <filename>frame_7927.jpg</filename>
    <path>wxt2-PascalVOC-export/Annotations/frame_7927.jpg</path>
    <source>
        <database>Unknown</database>
    </source>
    <size>
        <width>1920</width>
        <height>1080</height>
        <depth>3</depth>
    </size>
    <segmented>0</segmented>
    <object>
    <name>red ball</name>
    <pose>Unspecified</pose>
    <truncated>0</truncated>
    <difficult>0</difficult>
    <bndbox>
        <xmin>1.46986206638756</xmin>
        <ymin>584.6556402712453</ymin>
        <xmax>41.15596964712919</xmax>
        <ymax>644.9005158093511</ymax>
    </bndbox>
</object><object>
    <name>red ball</name>
    <pose>Unspecified</pose>
    <truncated>0</truncated>
    <difficult>0</difficult>
    <bndbox>
        <xmin>208.71962843899522</xmin>
        <ymin>592.0025790467554</ymin>
        <xmax>283.68228543660285</xmax>
        <ymax>646.3698811433753</ymax>
    </bndbox>
</object><object>
    <name>red start</name>
    <pose>Unspecified</pose>
    <truncated>0</truncated>
    <difficult>0</difficult>
    <bndbox>
        <xmin>809.8908866626795</xmin>
        <ymin>584.6556402712453</ymin>
        <xmax>1450.7482805023924</xmax>
        <ymax>640.4923077018894</ymax>
    </bndbox>
</object><object>
    <name>crossing</name>
    <pose>Unspecified</pose>
    <truncated>0</truncated>
    <difficult>0</difficult>
    <bndbox>
        <xmin>1374.3157894736842</xmin>
        <ymin>885.8801300671636</ymin>
        <xmax>1881.4162679425838</xmax>
        <ymax>1043.1045750209264</ymax>
    </bndbox>
</object><object>
    <name>red ball</name>
    <pose>Unspecified</pose>
    <truncated>0</truncated>
    <difficult>0</difficult>
    <bndbox>
        <xmin>49.97514204545455</xmin>
        <ymin>602.2882484903141</ymin>
        <xmax>108.7694004186603</xmax>
        <ymax>665.4719668018574</ymax>
    </bndbox>
</object><object>
    <name>black ball</name>
    <pose>Unspecified</pose>
    <truncated>0</truncated>
    <difficult>0</difficult>
    <bndbox>
        <xmin>351.29571620813397</xmin>
        <ymin>574.369914774992</ymin>
        <xmax>417.43925687799043</xmax>
        <ymax>625.798430150869</ymax>
    </bndbox>
</object><object>
    <name>black ball</name>
    <pose>Unspecified</pose>
    <truncated>0</truncated>
    <difficult>0</difficult>
    <bndbox>
        <xmin>108.76940041866028</xmin>
        <ymin>602.2882484903141</ymin>
        <xmax>158.74448639354068</xmax>
        <ymax>656.6556626923231</ymax>
    </bndbox>
</object>
</annotation>