<?xml version='1.0' encoding='utf-8'?>
<annotation verified="yes">
    <folder>Annotation</folder>
    <filename>frame_7571.jpg</filename>
    <path>wxt2-PascalVOC-export/Annotations/frame_7571.jpg</path>
    <source>
        <database>Unknown</database>
    </source>
    <size>
        <width>1920</width>
        <height>1080</height>
        <depth>3</depth>
    </size>
    <segmented>0</segmented>
    <object>
    <name>red ball</name>
    <pose>Unspecified</pose>
    <truncated>0</truncated>
    <difficult>0</difficult>
    <bndbox>
        <xmin>1165.6757043697282</xmin>
        <ymin>702.1799835205078</ymin>
        <xmax>1347.0591099461105</xmax>
        <ymax>896.5799835205078</ymax>
    </bndbox>
</object><object>
    <name>red ball</name>
    <pose>Unspecified</pose>
    <truncated>0</truncated>
    <difficult>0</difficult>
    <bndbox>
        <xmin>1397.443364866448</xmin>
        <ymin>584.1000274658203</ymin>
        <xmax>1514.0469042877226</xmax>
        <ymax>702.1799835205078</ymax>
    </bndbox>
</object><object>
    <name>red ball</name>
    <pose>Unspecified</pose>
    <truncated>0</truncated>
    <difficult>0</difficult>
    <bndbox>
        <xmin>1583.1453549671978</xmin>
        <ymin>480.4200164794922</ymin>
        <xmax>1701.1884225632616</xmax>
        <ymax>589.8600494384766</ymax>
    </bndbox>
</object><object>
    <name>red ball</name>
    <pose>Unspecified</pose>
    <truncated>0</truncated>
    <difficult>0</difficult>
    <bndbox>
        <xmin>1005.8856607310215</xmin>
        <ymin>529.3799835205078</ymin>
        <xmax>1102.335586047329</xmax>
        <ymax>628.7400054931641</ymax>
    </bndbox>
</object><object>
    <name>red ball</name>
    <pose>Unspecified</pose>
    <truncated>0</truncated>
    <difficult>0</difficult>
    <bndbox>
        <xmin>828.8210593369259</xmin>
        <ymin>406.9799835205078</ymin>
        <xmax>923.8313466494845</xmax>
        <ymax>529.3799835205078</ymax>
    </bndbox>
</object><object>
    <name>black ball</name>
    <pose>Unspecified</pose>
    <truncated>0</truncated>
    <difficult>0</difficult>
    <bndbox>
        <xmin>1132.5661170337394</xmin>
        <ymin>406.9799835205078</ymin>
        <xmax>1244.850962101687</xmax>
        <ymax>526.4999725341797</ymax>
    </bndbox>
</object><object>
    <name>black ball</name>
    <pose>Unspecified</pose>
    <truncated>0</truncated>
    <difficult>0</difficult>
    <bndbox>
        <xmin>651.7563481138707</xmin>
        <ymin>391.1400054931641</ymin>
        <xmax>732.3711340206186</xmax>
        <ymax>493.37998352050784</ymax>
    </bndbox>
</object><object>
    <name>black ball</name>
    <pose>Unspecified</pose>
    <truncated>0</truncated>
    <difficult>0</difficult>
    <bndbox>
        <xmin>604.2511495431115</xmin>
        <ymin>523.6200164794922</ymin>
        <xmax>716.5361044400188</xmax>
        <ymax>661.8600494384766</ymax>
    </bndbox>
</object><object>
    <name>black ball</name>
    <pose>Unspecified</pose>
    <truncated>0</truncated>
    <difficult>0</difficult>
    <bndbox>
        <xmin>920.9521804709466</xmin>
        <ymin>709.3799835205078</ymin>
        <xmax>1054.8303874765697</xmax>
        <ymax>873.5400054931641</ymax>
    </bndbox>
</object><object>
    <name>black ball</name>
    <pose>Unspecified</pose>
    <truncated>0</truncated>
    <difficult>0</difficult>
    <bndbox>
        <xmin>1493.8932901827554</xmin>
        <ymin>732.4199615478516</ymin>
        <xmax>1629.2109155342082</xmax>
        <ymax>874.9799835205079</ymax>
    </bndbox>
</object>
</annotation>