<?xml version='1.0' encoding='utf-8'?>
<annotation verified="yes">
    <folder>Annotation</folder>
    <filename>frame_7550.jpg</filename>
    <path>wxt2-PascalVOC-export/Annotations/frame_7550.jpg</path>
    <source>
        <database>Unknown</database>
    </source>
    <size>
        <width>1920</width>
        <height>1080</height>
        <depth>3</depth>
    </size>
    <segmented>0</segmented>
    <object>
    <name>red ball</name>
    <pose>Unspecified</pose>
    <truncated>0</truncated>
    <difficult>0</difficult>
    <bndbox>
        <xmin>666.1518495196814</xmin>
        <ymin>566.8200164794922</ymin>
        <xmax>792.8323058223992</xmax>
        <ymax>709.3799835205078</ymax>
    </bndbox>
</object><object>
    <name>black ball</name>
    <pose>Unspecified</pose>
    <truncated>0</truncated>
    <difficult>0</difficult>
    <bndbox>
        <xmin>866.2493410262418</xmin>
        <ymin>718.0199615478516</ymin>
        <xmax>974.215601569822</xmax>
        <ymax>831.7799835205078</ymax>
    </bndbox>
</object><object>
    <name>red ball</name>
    <pose>Unspecified</pose>
    <truncated>0</truncated>
    <difficult>0</difficult>
    <bndbox>
        <xmin>1004.4461325562324</xmin>
        <ymin>607.140005493164</ymin>
        <xmax>1085.0609184629802</xmax>
        <ymax>723.7799835205078</ymax>
    </bndbox>
</object><object>
    <name>red ball</name>
    <pose>Unspecified</pose>
    <truncated>0</truncated>
    <difficult>0</difficult>
    <bndbox>
        <xmin>1319.7076353092784</xmin>
        <ymin>637.3799835205078</ymin>
        <xmax>1440.62986908388</xmax>
        <ymax>785.7000274658203</ymax>
    </bndbox>
</object><object>
    <name>black ball</name>
    <pose>Unspecified</pose>
    <truncated>0</truncated>
    <difficult>0</difficult>
    <bndbox>
        <xmin>1040.4348860707591</xmin>
        <ymin>448.74000549316406</ymin>
        <xmax>1141.203395911434</xmax>
        <ymax>546.6599945068359</ymax>
    </bndbox>
</object><object>
    <name>red ball</name>
    <pose>Unspecified</pose>
    <truncated>0</truncated>
    <difficult>0</difficult>
    <bndbox>
        <xmin>846.0956170923149</xmin>
        <ymin>471.7799835205078</ymin>
        <xmax>906.5566790651359</xmax>
        <ymax>549.540005493164</ymax>
    </bndbox>
</object><object>
    <name>red ball</name>
    <pose>Unspecified</pose>
    <truncated>0</truncated>
    <difficult>0</difficult>
    <bndbox>
        <xmin>854.7328959700094</xmin>
        <ymin>373.85999450683596</ymin>
        <xmax>926.7104029990628</xmax>
        <ymax>448.74000549316406</ymax>
    </bndbox>
</object>
</annotation>