<?xml version='1.0' encoding='utf-8'?>
<annotation verified="yes">
    <folder>Annotation</folder>
    <filename>frame_7894.jpg</filename>
    <path>wxt2-PascalVOC-export/Annotations/frame_7894.jpg</path>
    <source>
        <database>Unknown</database>
    </source>
    <size>
        <width>1920</width>
        <height>1080</height>
        <depth>3</depth>
    </size>
    <segmented>0</segmented>
    <object>
    <name>black ball</name>
    <pose>Unspecified</pose>
    <truncated>0</truncated>
    <difficult>0</difficult>
    <bndbox>
        <xmin>449.77611019736844</xmin>
        <ymin>603.7576138243384</ymin>
        <xmax>507.10047846889955</xmax>
        <ymax>641.9617851413027</ymax>
    </bndbox>
</object><object>
    <name>red ball</name>
    <pose>Unspecified</pose>
    <truncated>0</truncated>
    <difficult>0</difficult>
    <bndbox>
        <xmin>336.59715161483257</xmin>
        <ymin>605.2270912637516</ymin>
        <xmax>401.2708021830144</xmax>
        <ymax>662.5331240284199</ymax>
    </bndbox>
</object><object>
    <name>black ball</name>
    <pose>Unspecified</pose>
    <truncated>0</truncated>
    <difficult>0</difficult>
    <bndbox>
        <xmin>245.4660399222488</xmin>
        <ymin>616.9821260413345</ymin>
        <xmax>291.0315677332536</xmax>
        <ymax>659.5943933603714</ymax>
    </bndbox>
</object><object>
    <name>red ball</name>
    <pose>Unspecified</pose>
    <truncated>0</truncated>
    <difficult>0</difficult>
    <bndbox>
        <xmin>202.840180173445</xmin>
        <ymin>618.4514913753587</ymin>
        <xmax>251.34548818779905</xmax>
        <ymax>666.9413321358817</ymax>
    </bndbox>
</object><object>
    <name>red ball</name>
    <pose>Unspecified</pose>
    <truncated>0</truncated>
    <difficult>0</difficult>
    <bndbox>
        <xmin>148.455536034689</xmin>
        <ymin>597.8801524882414</ymin>
        <xmax>198.4306220095694</xmax>
        <ymax>652.2474545848613</ymax>
    </bndbox>
</object><object>
    <name>red start</name>
    <pose>Unspecified</pose>
    <truncated>0</truncated>
    <difficult>0</difficult>
    <bndbox>
        <xmin>836.3483477870814</xmin>
        <ymin>614.0433953732861</ymin>
        <xmax>1397.8334703947369</xmax>
        <ymax>671.3495402433435</ymax>
    </bndbox>
</object><object>
    <name>crossing</name>
    <pose>Unspecified</pose>
    <truncated>0</truncated>
    <difficult>0</difficult>
    <bndbox>
        <xmin>1296.4134644138755</xmin>
        <ymin>806.5331688705755</ymin>
        <xmax>1641.829620215311</xmax>
        <ymax>934.3698587222975</ymax>
    </bndbox>
</object>
</annotation>