<?xml version='1.0' encoding='utf-8'?>
<annotation verified="yes">
    <folder>Annotation</folder>
    <filename>frame_7487.jpg</filename>
    <path>wxt2-PascalVOC-export/Annotations/frame_7487.jpg</path>
    <source>
        <database>Unknown</database>
    </source>
    <size>
        <width>1920</width>
        <height>1080</height>
        <depth>3</depth>
    </size>
    <segmented>0</segmented>
    <object>
    <name>black ball</name>
    <pose>Unspecified</pose>
    <truncated>0</truncated>
    <difficult>0</difficult>
    <bndbox>
        <xmin>455.97749604615746</xmin>
        <ymin>363.7799835205078</ymin>
        <xmax>558.1855889761013</xmax>
        <ymax>504.8999725341797</ymax>
    </bndbox>
</object><object>
    <name>black ball</name>
    <pose>Unspecified</pose>
    <truncated>0</truncated>
    <difficult>0</difficult>
    <bndbox>
        <xmin>581.2183692596063</xmin>
        <ymin>296.0999725341797</ymin>
        <xmax>658.954098816776</xmax>
        <ymax>392.5799835205078</ymax>
    </bndbox>
</object><object>
    <name>black ball</name>
    <pose>Unspecified</pose>
    <truncated>0</truncated>
    <difficult>0</difficult>
    <bndbox>
        <xmin>1038.99535789597</xmin>
        <ymin>365.2200164794922</ymin>
        <xmax>1155.5988973172448</xmax>
        <ymax>473.2200164794922</ymax>
    </bndbox>
</object><object>
    <name>red ball</name>
    <pose>Unspecified</pose>
    <truncated>0</truncated>
    <difficult>0</difficult>
    <bndbox>
        <xmin>1496.7723465323336</xmin>
        <ymin>448.74000549316406</ymin>
        <xmax>1609.0573014292409</xmax>
        <ymax>601.3799835205078</ymax>
    </bndbox>
</object><object>
    <name>black ball</name>
    <pose>Unspecified</pose>
    <truncated>0</truncated>
    <difficult>0</difficult>
    <bndbox>
        <xmin>1273.6419649133084</xmin>
        <ymin>641.7000274658203</ymin>
        <xmax>1421.9156733247423</xmax>
        <ymax>794.3400054931641</ymax>
    </bndbox>
</object><object>
    <name>red ball</name>
    <pose>Unspecified</pose>
    <truncated>0</truncated>
    <difficult>0</difficult>
    <bndbox>
        <xmin>1233.3346268744142</xmin>
        <ymin>496.25999450683594</ymin>
        <xmax>1368.6523620548267</xmax>
        <ymax>648.9000274658204</ymax>
    </bndbox>
</object><object>
    <name>red ball</name>
    <pose>Unspecified</pose>
    <truncated>0</truncated>
    <difficult>0</difficult>
    <bndbox>
        <xmin>906.5566790651359</xmin>
        <ymin>569.6999725341797</ymin>
        <xmax>1085.0609184629802</xmax>
        <ymax>758.3400054931641</ymax>
    </bndbox>
</object><object>
    <name>red ball</name>
    <pose>Unspecified</pose>
    <truncated>0</truncated>
    <difficult>0</difficult>
    <bndbox>
        <xmin>854.7328959700094</xmin>
        <ymin>412.74000549316406</ymin>
        <xmax>951.1828212863168</xmax>
        <ymax>536.5799835205078</ymax>
    </bndbox>
</object><object>
    <name>red ball</name>
    <pose>Unspecified</pose>
    <truncated>0</truncated>
    <difficult>0</difficult>
    <bndbox>
        <xmin>726.6129114925023</xmin>
        <ymin>317.6999725341797</ymin>
        <xmax>830.2605875117151</xmax>
        <ymax>445.85999450683596</ymax>
    </bndbox>
</object><object>
    <name>black ball</name>
    <pose>Unspecified</pose>
    <truncated>0</truncated>
    <difficult>0</difficult>
    <bndbox>
        <xmin>622.9653453022493</xmin>
        <ymin>540.8999725341797</ymin>
        <xmax>768.3598875351452</xmax>
        <ymax>713.7000274658203</ymax>
    </bndbox>
</object>
</annotation>