<?xml version='1.0' encoding='utf-8'?>
<annotation verified="yes">
    <folder>Annotation</folder>
    <filename>frame_7904.jpg</filename>
    <path>wxt2-PascalVOC-export/Annotations/frame_7904.jpg</path>
    <source>
        <database>Unknown</database>
    </source>
    <size>
        <width>1920</width>
        <height>1080</height>
        <depth>3</depth>
    </size>
    <segmented>0</segmented>
    <object>
    <name>black ball</name>
    <pose>Unspecified</pose>
    <truncated>0</truncated>
    <difficult>0</difficult>
    <bndbox>
        <xmin>430.66793136961724</xmin>
        <ymin>618.4514913753587</ymin>
        <xmax>486.52252168062205</xmax>
        <ymax>661.0637586943957</ymax>
    </bndbox>
</object><object>
    <name>red ball</name>
    <pose>Unspecified</pose>
    <truncated>0</truncated>
    <difficult>0</difficult>
    <bndbox>
        <xmin>310.1397465610048</xmin>
        <ymin>624.3290648168447</ymin>
        <xmax>379.2229552930622</xmax>
        <ymax>675.7576362454162</ymax>
    </bndbox>
</object><object>
    <name>black ball</name>
    <pose>Unspecified</pose>
    <truncated>0</truncated>
    <difficult>0</difficult>
    <bndbox>
        <xmin>219.00863486842107</xmin>
        <ymin>634.6148463657925</ymin>
        <xmax>261.63443854665076</xmax>
        <ymax>683.1045750209264</ymax>
    </bndbox>
</object><object>
    <name>red ball</name>
    <pose>Unspecified</pose>
    <truncated>0</truncated>
    <difficult>0</difficult>
    <bndbox>
        <xmin>173.4430509868421</xmin>
        <ymin>630.2066382583307</ymin>
        <xmax>217.53874476674642</xmax>
        <ymax>686.0434177943639</ymax>
    </bndbox>
</object><object>
    <name>red ball</name>
    <pose>Unspecified</pose>
    <truncated>0</truncated>
    <difficult>0</difficult>
    <bndbox>
        <xmin>108.76940041866028</xmin>
        <ymin>619.920968814772</ymin>
        <xmax>164.6239346590909</xmax>
        <ymax>671.3495402433434</ymax>
    </bndbox>
</object><object>
    <name>red start</name>
    <pose>Unspecified</pose>
    <truncated>0</truncated>
    <difficult>0</difficult>
    <bndbox>
        <xmin>831.9387335526316</xmin>
        <ymin>634.6148463657925</ymin>
        <xmax>1421.3512634569379</xmax>
        <ymax>690.4515137964366</ymax>
    </bndbox>
</object><object>
    <name>crossing</name>
    <pose>Unspecified</pose>
    <truncated>0</truncated>
    <difficult>0</difficult>
    <bndbox>
        <xmin>1315.5215311004786</xmin>
        <ymin>868.2474097427057</ymin>
        <xmax>1722.671725478469</xmax>
        <ymax>962.2882484903141</ymax>
    </bndbox>
</object>
</annotation>