<?xml version='1.0' encoding='utf-8'?>
<annotation verified="yes">
    <folder>Annotation</folder>
    <filename>frame_7518.jpg</filename>
    <path>wxt2-PascalVOC-export/Annotations/frame_7518.jpg</path>
    <source>
        <database>Unknown</database>
    </source>
    <size>
        <width>1920</width>
        <height>1080</height>
        <depth>3</depth>
    </size>
    <segmented>0</segmented>
    <object>
    <name>red ball</name>
    <pose>Unspecified</pose>
    <truncated>0</truncated>
    <difficult>0</difficult>
    <bndbox>
        <xmin>791.3926678186505</xmin>
        <ymin>425.6999725341797</ymin>
        <xmax>936.7873198805062</xmax>
        <ymax>553.859994506836</ymax>
    </bndbox>
</object><object>
    <name>red ball</name>
    <pose>Unspecified</pose>
    <truncated>0</truncated>
    <difficult>0</difficult>
    <bndbox>
        <xmin>1113.8519212746016</xmin>
        <ymin>503.4599945068359</ymin>
        <xmax>1211.741374765698</xmax>
        <ymax>627.3000274658203</ymax>
    </bndbox>
</object><object>
    <name>red ball</name>
    <pose>Unspecified</pose>
    <truncated>0</truncated>
    <difficult>0</difficult>
    <bndbox>
        <xmin>1486.6955394798501</xmin>
        <ymin>582.6600494384766</ymin>
        <xmax>1647.925111293346</xmax>
        <ymax>761.2199615478515</ymax>
    </bndbox>
</object><object>
    <name>red ball</name>
    <pose>Unspecified</pose>
    <truncated>0</truncated>
    <difficult>0</difficult>
    <bndbox>
        <xmin>1020.2811621368322</xmin>
        <ymin>365.2200164794922</ymin>
        <xmax>1092.2586691658857</xmax>
        <ymax>453.05999450683595</ymax>
    </bndbox>
</object><object>
    <name>black ball</name>
    <pose>Unspecified</pose>
    <truncated>0</truncated>
    <difficult>0</difficult>
    <bndbox>
        <xmin>945.4245987582005</xmin>
        <ymin>569.6999725341797</ymin>
        <xmax>1044.7535804240863</xmax>
        <ymax>696.4199615478516</ymax>
    </bndbox>
</object><object>
    <name>black ball</name>
    <pose>Unspecified</pose>
    <truncated>0</truncated>
    <difficult>0</difficult>
    <bndbox>
        <xmin>1227.576404346298</xmin>
        <ymin>362.3400054931641</ymin>
        <xmax>1354.2568606490158</xmax>
        <ymax>471.7799835205078</ymax>
    </bndbox>
</object><object>
    <name>black ball</name>
    <pose>Unspecified</pose>
    <truncated>0</truncated>
    <difficult>0</difficult>
    <bndbox>
        <xmin>880.6448424320524</xmin>
        <ymin>284.5799835205078</ymin>
        <xmax>946.8641269329896</xmax>
        <ymax>358.0200164794922</ymax>
    </bndbox>
</object><object>
    <name>red ball</name>
    <pose>Unspecified</pose>
    <truncated>0</truncated>
    <difficult>0</difficult>
    <bndbox>
        <xmin>1069.2258888823806</xmin>
        <ymin>293.2200164794922</ymin>
        <xmax>1134.0056452085287</xmax>
        <ymax>373.85999450683596</ymax>
    </bndbox>
</object><object>
    <name>black ball</name>
    <pose>Unspecified</pose>
    <truncated>0</truncated>
    <difficult>0</difficult>
    <bndbox>
        <xmin>1038.99535789597</xmin>
        <ymin>255.7799835205078</ymin>
        <xmax>1083.6213902881912</xmax>
        <ymax>324.8999725341797</ymax>
    </bndbox>
</object>
</annotation>