<?xml version='1.0' encoding='utf-8'?>
<annotation verified="yes">
    <folder>Annotation</folder>
    <filename>frame_7920.jpg</filename>
    <path>wxt2-PascalVOC-export/Annotations/frame_7920.jpg</path>
    <source>
        <database>Unknown</database>
    </source>
    <size>
        <width>1920</width>
        <height>1080</height>
        <depth>3</depth>
    </size>
    <segmented>0</segmented>
    <object>
    <name>red ball</name>
    <pose>Unspecified</pose>
    <truncated>0</truncated>
    <difficult>0</difficult>
    <bndbox>
        <xmin>73.49282296650718</xmin>
        <ymin>522.9413433464206</ymin>
        <xmax>152.86509419856458</xmax>
        <ymax>586.1250056052694</ymax>
    </bndbox>
</object><object>
    <name>black ball</name>
    <pose>Unspecified</pose>
    <truncated>0</truncated>
    <difficult>0</difficult>
    <bndbox>
        <xmin>223.41819303229664</xmin>
        <ymin>509.71683112942446</ymin>
        <xmax>282.2124514055024</xmax>
        <ymax>558.2066158372529</ymax>
    </bndbox>
</object><object>
    <name>red start</name>
    <pose>Unspecified</pose>
    <truncated>0</truncated>
    <difficult>0</difficult>
    <bndbox>
        <xmin>680.5435855263158</xmin>
        <ymin>521.4719219597018</ymin>
        <xmax>1306.7024147727275</xmax>
        <ymax>587.5943709392936</ymax>
    </bndbox>
</object><object>
    <name>crossing</name>
    <pose>Unspecified</pose>
    <truncated>0</truncated>
    <difficult>0</difficult>
    <bndbox>
        <xmin>1265.5463890550238</xmin>
        <ymin>806.5331688705755</ymin>
        <xmax>1690.334928229665</xmax>
        <ymax>928.4923973862005</ymax>
    </bndbox>
</object><object>
    <name>red ball</name>
    <pose>Unspecified</pose>
    <truncated>0</truncated>
    <difficult>0</difficult>
    <bndbox>
        <xmin>2.93972413277512</xmin>
        <ymin>503.83925768793847</ymin>
        <xmax>33.80668735047847</xmax>
        <ymax>561.1454025579959</ymax>
    </bndbox>
</object>
</annotation>