<?xml version='1.0' encoding='utf-8'?>
<annotation verified="yes">
    <folder>Annotation</folder>
    <filename>frame_7551.jpg</filename>
    <path>wxt2-PascalVOC-export/Annotations/frame_7551.jpg</path>
    <source>
        <database>Unknown</database>
    </source>
    <size>
        <width>1920</width>
        <height>1080</height>
        <depth>3</depth>
    </size>
    <segmented>0</segmented>
    <object>
    <name>black ball</name>
    <pose>Unspecified</pose>
    <truncated>0</truncated>
    <difficult>0</difficult>
    <bndbox>
        <xmin>625.8444016518275</xmin>
        <ymin>513.5400054931641</ymin>
        <xmax>723.7338551429241</xmax>
        <ymax>633.0600494384767</ymax>
    </bndbox>
</object><object>
    <name>red ball</name>
    <pose>Unspecified</pose>
    <truncated>0</truncated>
    <difficult>0</difficult>
    <bndbox>
        <xmin>706.4592973875351</xmin>
        <ymin>576.8999725341797</ymin>
        <xmax>830.260587511715</xmax>
        <ymax>725.2199615478517</ymax>
    </bndbox>
</object><object>
    <name>black ball</name>
    <pose>Unspecified</pose>
    <truncated>0</truncated>
    <difficult>0</difficult>
    <bndbox>
        <xmin>922.3918184746954</xmin>
        <ymin>709.3799835205078</ymin>
        <xmax>1026.0393846649483</xmax>
        <ymax>841.8600494384766</ymax>
    </bndbox>
</object><object>
    <name>red ball</name>
    <pose>Unspecified</pose>
    <truncated>0</truncated>
    <difficult>0</difficult>
    <bndbox>
        <xmin>1040.4348860707591</xmin>
        <ymin>612.9000274658204</ymin>
        <xmax>1135.4451733833178</xmax>
        <ymax>733.8600494384766</ymax>
    </bndbox>
</object><object>
    <name>red ball</name>
    <pose>Unspecified</pose>
    <truncated>0</truncated>
    <difficult>0</difficult>
    <bndbox>
        <xmin>1372.9709465791939</xmin>
        <ymin>633.0600494384765</ymin>
        <xmax>1496.7723465323336</xmax>
        <ymax>775.6199615478515</ymax>
    </bndbox>
</object><object>
    <name>black ball</name>
    <pose>Unspecified</pose>
    <truncated>0</truncated>
    <difficult>0</difficult>
    <bndbox>
        <xmin>1069.2258888823806</xmin>
        <ymin>450.17998352050785</ymin>
        <xmax>1171.4339268978445</xmax>
        <ymax>559.6200164794923</ymax>
    </bndbox>
</object><object>
    <name>red ball</name>
    <pose>Unspecified</pose>
    <truncated>0</truncated>
    <difficult>0</difficult>
    <bndbox>
        <xmin>861.9306466729147</xmin>
        <ymin>476.0999725341797</ymin>
        <xmax>938.2268480552952</xmax>
        <ymax>555.2999725341797</ymax>
    </bndbox>
</object><object>
    <name>red ball</name>
    <pose>Unspecified</pose>
    <truncated>0</truncated>
    <difficult>0</difficult>
    <bndbox>
        <xmin>869.1283973758201</xmin>
        <ymin>376.74000549316406</ymin>
        <xmax>945.4245987582005</xmax>
        <ymax>463.14000549316404</ymax>
    </bndbox>
</object><object>
    <name>black ball</name>
    <pose>Unspecified</pose>
    <truncated>0</truncated>
    <difficult>0</difficult>
    <bndbox>
        <xmin>681.9868791002812</xmin>
        <ymin>385.37998352050784</ymin>
        <xmax>746.7666354264293</xmax>
        <ymax>480.42001647949223</ymax>
    </bndbox>
</object><object>
    <name>black ball</name>
    <pose>Unspecified</pose>
    <truncated>0</truncated>
    <difficult>0</difficult>
    <bndbox>
        <xmin>821.6233086340206</xmin>
        <ymin>350.8200164794922</ymin>
        <xmax>874.8866199039363</xmax>
        <ymax>419.9400054931641</ymax>
    </bndbox>
</object>
</annotation>