<?xml version='1.0' encoding='utf-8'?>
<annotation verified="yes">
    <folder>Annotation</folder>
    <filename>frame_7470.jpg</filename>
    <path>wxt2-PascalVOC-export/Annotations/frame_7470.jpg</path>
    <source>
        <database>Unknown</database>
    </source>
    <size>
        <width>1920</width>
        <height>1080</height>
        <depth>3</depth>
    </size>
    <segmented>0</segmented>
    <object>
    <name>red ball</name>
    <pose>Unspecified</pose>
    <truncated>0</truncated>
    <difficult>0</difficult>
    <bndbox>
        <xmin>984.2924086223055</xmin>
        <ymin>425.6999725341797</ymin>
        <xmax>1064.9071945290534</xmax>
        <ymax>509.22001647949224</ymax>
    </bndbox>
</object><object>
    <name>red ball</name>
    <pose>Unspecified</pose>
    <truncated>0</truncated>
    <difficult>0</difficult>
    <bndbox>
        <xmin>1240.5323775773195</xmin>
        <ymin>399.7799835205078</ymin>
        <xmax>1300.9934395501405</xmax>
        <ymax>458.8200164794922</ymax>
    </bndbox>
</object><object>
    <name>red ball</name>
    <pose>Unspecified</pose>
    <truncated>0</truncated>
    <difficult>0</difficult>
    <bndbox>
        <xmin>1128.2474226804125</xmin>
        <ymin>408.4200164794922</ymin>
        <xmax>1178.6316776007498</xmax>
        <ymax>474.6599945068359</ymax>
    </bndbox>
</object><object>
    <name>red ball</name>
    <pose>Unspecified</pose>
    <truncated>0</truncated>
    <difficult>0</difficult>
    <bndbox>
        <xmin>923.8313466494845</xmin>
        <ymin>376.74000549316406</ymin>
        <xmax>968.4573790417057</xmax>
        <ymax>444.4200164794922</ymax>
    </bndbox>
</object><object>
    <name>red ball</name>
    <pose>Unspecified</pose>
    <truncated>0</truncated>
    <difficult>0</difficult>
    <bndbox>
        <xmin>828.8210593369259</xmin>
        <ymin>333.5400054931641</ymin>
        <xmax>867.6888692010309</xmax>
        <ymax>395.4599945068359</ymax>
    </bndbox>
</object><object>
    <name>black ball</name>
    <pose>Unspecified</pose>
    <truncated>0</truncated>
    <difficult>0</difficult>
    <bndbox>
        <xmin>702.1406030342081</xmin>
        <ymin>355.1400054931641</ymin>
        <xmax>765.480831185567</xmax>
        <ymax>432.8999725341797</ymax>
    </bndbox>
</object><object>
    <name>black ball</name>
    <pose>Unspecified</pose>
    <truncated>0</truncated>
    <difficult>0</difficult>
    <bndbox>
        <xmin>869.1283973758201</xmin>
        <ymin>417.05999450683595</ymin>
        <xmax>922.3918184746955</xmax>
        <ymax>493.37998352050784</ymax>
    </bndbox>
</object><object>
    <name>black ball</name>
    <pose>Unspecified</pose>
    <truncated>0</truncated>
    <difficult>0</difficult>
    <bndbox>
        <xmin>991.4901593252108</xmin>
        <ymin>360.8999725341797</ymin>
        <xmax>1069.2258888823803</xmax>
        <ymax>412.74000549316406</ymax>
    </bndbox>
</object><object>
    <name>black ball</name>
    <pose>Unspecified</pose>
    <truncated>0</truncated>
    <difficult>0</difficult>
    <bndbox>
        <xmin>1149.8406747891283</xmin>
        <ymin>455.94000549316405</ymin>
        <xmax>1218.9391254686036</xmax>
        <ymax>510.6599945068359</ymax>
    </bndbox>
</object>
</annotation>