<?xml version='1.0' encoding='utf-8'?>
<annotation verified="yes">
    <folder>Annotation</folder>
    <filename>frame_7463.jpg</filename>
    <path>wxt2-PascalVOC-export/Annotations/frame_7463.jpg</path>
    <source>
        <database>Unknown</database>
    </source>
    <size>
        <width>1920</width>
        <height>1080</height>
        <depth>3</depth>
    </size>
    <segmented>0</segmented>
    <object>
    <name>black ball</name>
    <pose>Unspecified</pose>
    <truncated>0</truncated>
    <difficult>0</difficult>
    <bndbox>
        <xmin>776.9971664128398</xmin>
        <ymin>189.54000549316407</ymin>
        <xmax>820.1836706302718</xmax>
        <ymax>248.57998352050782</ymax>
    </bndbox>
</object><object>
    <name>black ball</name>
    <pose>Unspecified</pose>
    <truncated>0</truncated>
    <difficult>0</difficult>
    <bndbox>
        <xmin>1161.3571198453608</xmin>
        <ymin>226.97998352050783</ymin>
        <xmax>1200.2249297094659</xmax>
        <ymax>284.5799835205078</ymax>
    </bndbox>
</object><object>
    <name>red ball</name>
    <pose>Unspecified</pose>
    <truncated>0</truncated>
    <difficult>0</difficult>
    <bndbox>
        <xmin>1234.7741550492033</xmin>
        <ymin>192.4200164794922</ymin>
        <xmax>1282.2793536199624</xmax>
        <ymax>244.25999450683597</ymax>
    </bndbox>
</object><object>
    <name>red ball</name>
    <pose>Unspecified</pose>
    <truncated>0</truncated>
    <difficult>0</difficult>
    <bndbox>
        <xmin>1014.522939608716</xmin>
        <ymin>219.7799835205078</ymin>
        <xmax>1082.181862113402</xmax>
        <ymax>286.0200164794922</ymax>
    </bndbox>
</object><object>
    <name>black ball</name>
    <pose>Unspecified</pose>
    <truncated>0</truncated>
    <difficult>0</difficult>
    <bndbox>
        <xmin>1014.522939608716</xmin>
        <ymin>169.3799835205078</ymin>
        <xmax>1079.302695934864</xmax>
        <ymax>224.0999725341797</ymax>
    </bndbox>
</object><object>
    <name>black ball</name>
    <pose>Unspecified</pose>
    <truncated>0</truncated>
    <difficult>0</difficult>
    <bndbox>
        <xmin>913.7544297680412</xmin>
        <ymin>228.4200164794922</ymin>
        <xmax>969.8969072164948</xmax>
        <ymax>286.0200164794922</ymax>
    </bndbox>
</object><object>
    <name>red ball</name>
    <pose>Unspecified</pose>
    <truncated>0</truncated>
    <difficult>0</difficult>
    <bndbox>
        <xmin>869.1283973758201</xmin>
        <ymin>169.3799835205078</ymin>
        <xmax>909.4358452436738</xmax>
        <ymax>221.2200164794922</ymax>
    </bndbox>
</object>
</annotation>