<?xml version='1.0' encoding='utf-8'?>
<annotation verified="yes">
    <folder>Annotation</folder>
    <filename>frame_7935.jpg</filename>
    <path>wxt2-PascalVOC-export/Annotations/frame_7935.jpg</path>
    <source>
        <database>Unknown</database>
    </source>
    <size>
        <width>1920</width>
        <height>1080</height>
        <depth>3</depth>
    </size>
    <segmented>0</segmented>
    <object>
    <name>black ball</name>
    <pose>Unspecified</pose>
    <truncated>0</truncated>
    <difficult>0</difficult>
    <bndbox>
        <xmin>326.3081451854067</xmin>
        <ymin>596.4106750488281</ymin>
        <xmax>385.1024035586125</xmax>
        <ymax>652.2474545848613</ymax>
    </bndbox>
</object><object>
    <name>red ball</name>
    <pose>Unspecified</pose>
    <truncated>0</truncated>
    <difficult>0</difficult>
    <bndbox>
        <xmin>164.6239346590909</xmin>
        <ymin>612.5740300392619</ymin>
        <xmax>243.99620589114832</xmax>
        <ymax>677.2270015794404</ymax>
    </bndbox>
</object><object>
    <name>red ball</name>
    <pose>Unspecified</pose>
    <truncated>0</truncated>
    <difficult>0</difficult>
    <bndbox>
        <xmin>79.37227123205741</xmin>
        <ymin>596.4106750488281</ymin>
        <xmax>133.75697144138755</xmax>
        <ymax>655.1861852529098</ymax>
    </bndbox>
</object><object>
    <name>black ball</name>
    <pose>Unspecified</pose>
    <truncated>0</truncated>
    <difficult>0</difficult>
    <bndbox>
        <xmin>60.264148474880386</xmin>
        <ymin>631.676003592355</ymin>
        <xmax>114.64879261363637</xmax>
        <ymax>684.5739403549507</ymax>
    </bndbox>
</object><object>
    <name>red ball</name>
    <pose>Unspecified</pose>
    <truncated>0</truncated>
    <difficult>0</difficult>
    <bndbox>
        <xmin>5.879420230263158</xmin>
        <ymin>624.3290648168447</ymin>
        <xmax>48.5052519437799</xmax>
        <ymax>693.390356569874</ymax>
    </bndbox>
</object><object>
    <name>red start</name>
    <pose>Unspecified</pose>
    <truncated>0</truncated>
    <difficult>0</difficult>
    <bndbox>
        <xmin>805.481384569378</xmin>
        <ymin>603.7576138243384</ymin>
        <xmax>1471.3264055023924</xmax>
        <ymax>684.5739403549507</ymax>
    </bndbox>
</object><object>
    <name>crossing</name>
    <pose>Unspecified</pose>
    <truncated>0</truncated>
    <difficult>0</difficult>
    <bndbox>
        <xmin>1412.5320349880383</xmin>
        <ymin>953.4719443807796</ymin>
        <xmax>1913.7530651913876</xmax>
        <ymax>1079.8392688984773</ymax>
    </bndbox>
</object>
</annotation>