<?xml version='1.0' encoding='utf-8'?>
<annotation verified="yes">
    <folder>Annotation</folder>
    <filename>frame_7595.jpg</filename>
    <path>wxt2-PascalVOC-export/Annotations/frame_7595.jpg</path>
    <source>
        <database>Unknown</database>
    </source>
    <size>
        <width>1920</width>
        <height>1080</height>
        <depth>3</depth>
    </size>
    <segmented>0</segmented>
    <object>
    <name>black ball</name>
    <pose>Unspecified</pose>
    <truncated>0</truncated>
    <difficult>0</difficult>
    <bndbox>
        <xmin>974.215601569822</xmin>
        <ymin>235.6200164794922</ymin>
        <xmax>1074.9841114104968</xmax>
        <ymax>359.4599945068359</ymax>
    </bndbox>
</object><object>
    <name>red ball</name>
    <pose>Unspecified</pose>
    <truncated>0</truncated>
    <difficult>0</difficult>
    <bndbox>
        <xmin>931.0290973523898</xmin>
        <ymin>394.0200164794922</ymin>
        <xmax>1036.116191717432</xmax>
        <ymax>516.4200164794922</ymax>
    </bndbox>
</object><object>
    <name>black ball</name>
    <pose>Unspecified</pose>
    <truncated>0</truncated>
    <difficult>0</difficult>
    <bndbox>
        <xmin>843.2165607427366</xmin>
        <ymin>530.8200164794922</ymin>
        <xmax>943.9850705834115</xmax>
        <ymax>676.2600494384766</ymax>
    </bndbox>
</object>
</annotation>