<?xml version='1.0' encoding='utf-8'?>
<annotation verified="yes">
    <folder>Annotation</folder>
    <filename>frame_7641.jpg</filename>
    <path>wxt2-PascalVOC-export/Annotations/frame_7641.jpg</path>
    <source>
        <database>Unknown</database>
    </source>
    <size>
        <width>1920</width>
        <height>1080</height>
        <depth>3</depth>
    </size>
    <segmented>0</segmented>
    <object>
    <name>black ball</name>
    <pose>Unspecified</pose>
    <truncated>0</truncated>
    <difficult>0</difficult>
    <bndbox>
        <xmin>722.2943269681349</xmin>
        <ymin>415.6200164794922</ymin>
        <xmax>764.0413030107778</xmax>
        <ymax>460.259994506836</ymax>
    </bndbox>
</object><object>
    <name>black ball</name>
    <pose>Unspecified</pose>
    <truncated>0</truncated>
    <difficult>0</difficult>
    <bndbox>
        <xmin>923.8313466494845</xmin>
        <ymin>404.0999725341797</ymin>
        <xmax>954.061877635895</xmax>
        <ymax>441.5400054931641</ymax>
    </bndbox>
</object><object>
    <name>red ball</name>
    <pose>Unspecified</pose>
    <truncated>0</truncated>
    <difficult>0</difficult>
    <bndbox>
        <xmin>788.5136114690722</xmin>
        <ymin>412.74000549316406</ymin>
        <xmax>824.5023649835989</xmax>
        <ymax>458.8200164794922</ymax>
    </bndbox>
</object>
</annotation>