<?xml version='1.0' encoding='utf-8'?>
<annotation verified="yes">
    <folder>Annotation</folder>
    <filename>frame_7447.jpg</filename>
    <path>wxt2-PascalVOC-export/Annotations/frame_7447.jpg</path>
    <source>
        <database>Unknown</database>
    </source>
    <size>
        <width>1920</width>
        <height>1080</height>
        <depth>3</depth>
    </size>
    <segmented>0</segmented>
    <object>
    <name>black ball</name>
    <pose>Unspecified</pose>
    <truncated>0</truncated>
    <difficult>0</difficult>
    <bndbox>
        <xmin>703.5801312089972</xmin>
        <ymin>451.6200164794922</ymin>
        <xmax>1154.1593691424555</xmax>
        <ymax>648.9000274658204</ymax>
    </bndbox>
</object><object>
    <name>black ball</name>
    <pose>Unspecified</pose>
    <truncated>0</truncated>
    <difficult>0</difficult>
    <bndbox>
        <xmin>938.2268480552952</xmin>
        <ymin>192.4200164794922</ymin>
        <xmax>974.215601569822</xmax>
        <ymax>235.62001647949222</ymax>
    </bndbox>
</object><object>
    <name>black ball</name>
    <pose>Unspecified</pose>
    <truncated>0</truncated>
    <difficult>0</difficult>
    <bndbox>
        <xmin>1224.6973479967198</xmin>
        <ymin>205.3799835205078</ymin>
        <xmax>1263.565157860825</xmax>
        <ymax>245.6999725341797</ymax>
    </bndbox>
</object><object>
    <name>red ball</name>
    <pose>Unspecified</pose>
    <truncated>0</truncated>
    <difficult>0</difficult>
    <bndbox>
        <xmin>1283.7188817947517</xmin>
        <ymin>173.6999725341797</ymin>
        <xmax>1322.5866916588566</xmax>
        <ymax>215.45999450683595</ymax>
    </bndbox>
</object><object>
    <name>red ball</name>
    <pose>Unspecified</pose>
    <truncated>0</truncated>
    <difficult>0</difficult>
    <bndbox>
        <xmin>1123.928838156045</xmin>
        <ymin>203.94000549316408</ymin>
        <xmax>1169.9943987230554</xmax>
        <ymax>242.8200164794922</ymax>
    </bndbox>
</object><object>
    <name>black ball</name>
    <pose>Unspecified</pose>
    <truncated>0</truncated>
    <difficult>0</difficult>
    <bndbox>
        <xmin>1049.0721649484535</xmin>
        <ymin>209.6999725341797</ymin>
        <xmax>1090.8191409910964</xmax>
        <ymax>248.57998352050782</ymax>
    </bndbox>
</object><object>
    <name>red ball</name>
    <pose>Unspecified</pose>
    <truncated>0</truncated>
    <difficult>0</difficult>
    <bndbox>
        <xmin>1003.0066043814433</xmin>
        <ymin>179.45999450683595</ymin>
        <xmax>1037.5558297211808</xmax>
        <ymax>215.45999450683595</ymax>
    </bndbox>
</object>
</annotation>