<?xml version='1.0' encoding='utf-8'?>
<annotation verified="yes">
    <folder>Annotation</folder>
    <filename>frame_7629.jpg</filename>
    <path>wxt2-PascalVOC-export/Annotations/frame_7629.jpg</path>
    <source>
        <database>Unknown</database>
    </source>
    <size>
        <width>1920</width>
        <height>1080</height>
        <depth>3</depth>
    </size>
    <segmented>0</segmented>
    <object>
    <name>red ball</name>
    <pose>Unspecified</pose>
    <truncated>0</truncated>
    <difficult>0</difficult>
    <bndbox>
        <xmin>673.3496002225867</xmin>
        <ymin>493.37998352050784</ymin>
        <xmax>719.4151607895969</xmax>
        <ymax>548.0999725341798</ymax>
    </bndbox>
</object><object>
    <name>black ball</name>
    <pose>Unspecified</pose>
    <truncated>0</truncated>
    <difficult>0</difficult>
    <bndbox>
        <xmin>705.0196593837863</xmin>
        <ymin>470.3400054931641</ymin>
        <xmax>748.2061636012183</xmax>
        <ymax>517.859994506836</ymax>
    </bndbox>
</object><object>
    <name>black ball</name>
    <pose>Unspecified</pose>
    <truncated>0</truncated>
    <difficult>0</difficult>
    <bndbox>
        <xmin>1082.181862113402</xmin>
        <ymin>468.8999725341797</ymin>
        <xmax>1131.1265888589503</xmax>
        <ymax>503.459994506836</ymax>
    </bndbox>
</object><object>
    <name>black ball</name>
    <pose>Unspecified</pose>
    <truncated>0</truncated>
    <difficult>0</difficult>
    <bndbox>
        <xmin>1000.1274382029053</xmin>
        <ymin>481.85999450683596</ymin>
        <xmax>1049.0721649484535</xmax>
        <ymax>519.2999725341797</ymax>
    </bndbox>
</object><object>
    <name>black ball</name>
    <pose>Unspecified</pose>
    <truncated>0</truncated>
    <difficult>0</difficult>
    <bndbox>
        <xmin>932.468625527179</xmin>
        <ymin>460.25999450683594</ymin>
        <xmax>967.0178508669167</xmax>
        <ymax>502.0200164794922</ymax>
    </bndbox>
</object><object>
    <name>red ball</name>
    <pose>Unspecified</pose>
    <truncated>0</truncated>
    <difficult>0</difficult>
    <bndbox>
        <xmin>892.1611776593252</xmin>
        <ymin>503.4599945068359</ymin>
        <xmax>939.6663762300843</xmax>
        <ymax>555.2999725341797</ymax>
    </bndbox>
</object><object>
    <name>red ball</name>
    <pose>Unspecified</pose>
    <truncated>0</truncated>
    <difficult>0</difficult>
    <bndbox>
        <xmin>778.4368044165885</xmin>
        <ymin>474.659994506836</ymin>
        <xmax>818.7441424554826</xmax>
        <ymax>519.2999725341797</ymax>
    </bndbox>
</object><object>
    <name>red ball</name>
    <pose>Unspecified</pose>
    <truncated>0</truncated>
    <difficult>0</difficult>
    <bndbox>
        <xmin>797.1508903467666</xmin>
        <ymin>517.859994506836</ymin>
        <xmax>834.5791720360824</xmax>
        <ymax>569.6999725341797</ymax>
    </bndbox>
</object><object>
    <name>red ball</name>
    <pose>Unspecified</pose>
    <truncated>0</truncated>
    <difficult>0</difficult>
    <bndbox>
        <xmin>861.9306466729147</xmin>
        <ymin>480.4200164794922</ymin>
        <xmax>910.8753734184629</xmax>
        <ymax>526.4999725341797</ymax>
    </bndbox>
</object>
</annotation>