<?xml version='1.0' encoding='utf-8'?>
<annotation verified="yes">
    <folder>Annotation</folder>
    <filename>frame_7601.jpg</filename>
    <path>wxt2-PascalVOC-export/Annotations/frame_7601.jpg</path>
    <source>
        <database>Unknown</database>
    </source>
    <size>
        <width>1920</width>
        <height>1080</height>
        <depth>3</depth>
    </size>
    <segmented>0</segmented>
    <object>
    <name>black ball</name>
    <pose>Unspecified</pose>
    <truncated>0</truncated>
    <difficult>0</difficult>
    <bndbox>
        <xmin>952.6223494611058</xmin>
        <ymin>267.2999725341797</ymin>
        <xmax>1041.8744142455482</xmax>
        <ymax>353.69997253417966</ymax>
    </bndbox>
</object><object>
    <name>red ball</name>
    <pose>Unspecified</pose>
    <truncated>0</truncated>
    <difficult>0</difficult>
    <bndbox>
        <xmin>1031.7976071930646</xmin>
        <ymin>179.45999450683595</ymin>
        <xmax>1093.6981973406746</xmax>
        <ymax>251.45999450683595</ymax>
    </bndbox>
</object><object>
    <name>red ball</name>
    <pose>Unspecified</pose>
    <truncated>0</truncated>
    <difficult>0</difficult>
    <bndbox>
        <xmin>1145.522090264761</xmin>
        <ymin>231.2999725341797</ymin>
        <xmax>1188.708594482193</xmax>
        <ymax>311.94000549316405</ymax>
    </bndbox>
</object><object>
    <name>black ball</name>
    <pose>Unspecified</pose>
    <truncated>0</truncated>
    <difficult>0</difficult>
    <bndbox>
        <xmin>1237.6532113987817</xmin>
        <ymin>247.14000549316407</ymin>
        <xmax>1293.7956888472352</xmax>
        <ymax>304.74000549316406</ymax>
    </bndbox>
</object><object>
    <name>red ball</name>
    <pose>Unspecified</pose>
    <truncated>0</truncated>
    <difficult>0</difficult>
    <bndbox>
        <xmin>1288.037466319119</xmin>
        <ymin>274.4999725341797</ymin>
        <xmax>1383.0478634606372</xmax>
        <ymax>372.4200164794922</ymax>
    </bndbox>
</object><object>
    <name>black ball</name>
    <pose>Unspecified</pose>
    <truncated>0</truncated>
    <difficult>0</difficult>
    <bndbox>
        <xmin>1344.1799437675727</xmin>
        <ymin>339.2999725341797</ymin>
        <xmax>1429.1134240276476</xmax>
        <ymax>430.0200164794922</ymax>
    </bndbox>
</object><object>
    <name>black ball</name>
    <pose>Unspecified</pose>
    <truncated>0</truncated>
    <difficult>0</difficult>
    <bndbox>
        <xmin>1216.0599592900655</xmin>
        <ymin>451.6200164794922</ymin>
        <xmax>1316.8284691307404</xmax>
        <ymax>568.2599945068359</ymax>
    </bndbox>
</object><object>
    <name>red ball</name>
    <pose>Unspecified</pose>
    <truncated>0</truncated>
    <difficult>0</difficult>
    <bndbox>
        <xmin>1113.8519212746016</xmin>
        <ymin>330.659994506836</ymin>
        <xmax>1185.829428303655</xmax>
        <ymax>402.659994506836</ymax>
    </bndbox>
</object><object>
    <name>red ball</name>
    <pose>Unspecified</pose>
    <truncated>0</truncated>
    <difficult>0</difficult>
    <bndbox>
        <xmin>988.6111029756327</xmin>
        <ymin>370.9799835205078</ymin>
        <xmax>1077.863167760075</xmax>
        <ymax>481.85999450683596</ymax>
    </bndbox>
</object><object>
    <name>black ball</name>
    <pose>Unspecified</pose>
    <truncated>0</truncated>
    <difficult>0</difficult>
    <bndbox>
        <xmin>943.9850705834115</xmin>
        <ymin>478.9799835205078</ymin>
        <xmax>1031.7976071930648</xmax>
        <ymax>601.3799835205078</ymax>
    </bndbox>
</object>
</annotation>