<?xml version='1.0' encoding='utf-8'?>
<annotation verified="yes">
    <folder>Annotation</folder>
    <filename>frame_7444.jpg</filename>
    <path>wxt2-PascalVOC-export/Annotations/frame_7444.jpg</path>
    <source>
        <database>Unknown</database>
    </source>
    <size>
        <width>1920</width>
        <height>1080</height>
        <depth>3</depth>
    </size>
    <segmented>0</segmented>
    <object>
    <name>crossing</name>
    <pose>Unspecified</pose>
    <truncated>0</truncated>
    <difficult>0</difficult>
    <bndbox>
        <xmin>1041.8744142455482</xmin>
        <ymin>512.0999725341798</ymin>
        <xmax>1447.8275099578257</xmax>
        <ymax>702.1799835205079</ymax>
    </bndbox>
</object><object>
    <name>red ball</name>
    <pose>Unspecified</pose>
    <truncated>0</truncated>
    <difficult>0</difficult>
    <bndbox>
        <xmin>1408.9597000937208</xmin>
        <ymin>300.4200164794922</ymin>
        <xmax>1463.6626493673853</xmax>
        <ymax>343.62001647949216</ymax>
    </bndbox>
</object><object>
    <name>red ball</name>
    <pose>Unspecified</pose>
    <truncated>0</truncated>
    <difficult>0</difficult>
    <bndbox>
        <xmin>1590.3431056701031</xmin>
        <ymin>278.8200164794922</ymin>
        <xmax>1629.2109155342082</xmax>
        <ymax>323.459994506836</ymax>
    </bndbox>
</object><object>
    <name>red ball</name>
    <pose>Unspecified</pose>
    <truncated>0</truncated>
    <difficult>0</difficult>
    <bndbox>
        <xmin>1280.8397156162137</xmin>
        <ymin>274.4999725341797</ymin>
        <xmax>1312.509884606373</xmax>
        <ymax>304.74000549316406</ymax>
    </bndbox>
</object><object>
    <name>black ball</name>
    <pose>Unspecified</pose>
    <truncated>0</truncated>
    <difficult>0</difficult>
    <bndbox>
        <xmin>1524.1237113402062</xmin>
        <ymin>306.17998352050785</ymin>
        <xmax>1565.8707972118088</xmax>
        <ymax>345.05999450683595</ymax>
    </bndbox>
</object><object>
    <name>black ball</name>
    <pose>Unspecified</pose>
    <truncated>0</truncated>
    <difficult>0</difficult>
    <bndbox>
        <xmin>1336.9821930646672</xmin>
        <ymin>301.85999450683596</ymin>
        <xmax>1374.410474753983</xmax>
        <ymax>342.17998352050785</ymax>
    </bndbox>
</object>
</annotation>