<?xml version='1.0' encoding='utf-8'?>
<annotation verified="yes">
    <folder>Annotation</folder>
    <filename>frame_7921.jpg</filename>
    <path>wxt2-PascalVOC-export/Annotations/frame_7921.jpg</path>
    <source>
        <database>Unknown</database>
    </source>
    <size>
        <width>1920</width>
        <height>1080</height>
        <depth>3</depth>
    </size>
    <segmented>0</segmented>
    <object>
    <name>red ball</name>
    <pose>Unspecified</pose>
    <truncated>0</truncated>
    <difficult>0</difficult>
    <bndbox>
        <xmin>108.76940041866028</xmin>
        <ymin>524.4107086804448</ymin>
        <xmax>186.67178154904306</xmax>
        <ymax>581.7167974978078</ymax>
    </bndbox>
</object><object>
    <name>black ball</name>
    <pose>Unspecified</pose>
    <truncated>0</truncated>
    <difficult>0</difficult>
    <bndbox>
        <xmin>5.879420230263158</xmin>
        <ymin>524.4107086804448</ymin>
        <xmax>52.914866178229666</xmax>
        <ymax>584.6556402712453</ymax>
    </bndbox>
</object><object>
    <name>black ball</name>
    <pose>Unspecified</pose>
    <truncated>0</truncated>
    <difficult>0</difficult>
    <bndbox>
        <xmin>251.34548818779905</xmin>
        <ymin>512.6556178501675</ymin>
        <xmax>316.01913875598086</xmax>
        <ymax>559.6760372239717</ymax>
    </bndbox>
</object><object>
    <name>red start</name>
    <pose>Unspecified</pose>
    <truncated>0</truncated>
    <difficult>0</difficult>
    <bndbox>
        <xmin>709.9407147129186</xmin>
        <ymin>520.0025566256776</ymin>
        <xmax>1341.9789922248804</xmax>
        <ymax>583.1862749372209</ymax>
    </bndbox>
</object><object>
    <name>crossing</name>
    <pose>Unspecified</pose>
    <truncated>0</truncated>
    <difficult>0</difficult>
    <bndbox>
        <xmin>1293.4736842105262</xmin>
        <ymin>809.471899538624</ymin>
        <xmax>1722.671725478469</xmax>
        <ymax>941.7167974978076</ymax>
    </bndbox>
</object>
</annotation>