<?xml version='1.0' encoding='utf-8'?>
<annotation verified="yes">
    <folder>Annotation</folder>
    <filename>frame_7899.jpg</filename>
    <path>wxt2-PascalVOC-export/Annotations/frame_7899.jpg</path>
    <source>
        <database>Unknown</database>
    </source>
    <size>
        <width>1920</width>
        <height>1080</height>
        <depth>3</depth>
    </size>
    <segmented>0</segmented>
    <object>
    <name>black ball</name>
    <pose>Unspecified</pose>
    <truncated>0</truncated>
    <difficult>0</difficult>
    <bndbox>
        <xmin>438.01721366626793</xmin>
        <ymin>609.6351872658244</ymin>
        <xmax>495.34169407894734</xmax>
        <ymax>653.7168199188856</ymax>
    </bndbox>
</object><object>
    <name>red ball</name>
    <pose>Unspecified</pose>
    <truncated>0</truncated>
    <difficult>0</difficult>
    <bndbox>
        <xmin>326.3081451854067</xmin>
        <ymin>618.4514913753587</ymin>
        <xmax>388.0421276913876</xmax>
        <ymax>668.4106974699059</ymax>
    </bndbox>
</object><object>
    <name>black ball</name>
    <pose>Unspecified</pose>
    <truncated>0</truncated>
    <difficult>0</difficult>
    <bndbox>
        <xmin>236.64692359449762</xmin>
        <ymin>627.2679075902822</ymin>
        <xmax>274.8631691088517</xmax>
        <ymax>666.9413321358817</ymax>
    </bndbox>
</object><object>
    <name>red ball</name>
    <pose>Unspecified</pose>
    <truncated>0</truncated>
    <difficult>0</difficult>
    <bndbox>
        <xmin>185.20194751794259</xmin>
        <ymin>625.798430150869</ymin>
        <xmax>236.6469235944976</xmax>
        <ymax>675.7576362454162</ymax>
    </bndbox>
</object><object>
    <name>red ball</name>
    <pose>Unspecified</pose>
    <truncated>0</truncated>
    <difficult>0</difficult>
    <bndbox>
        <xmin>129.3473572069378</xmin>
        <ymin>608.1658219318001</ymin>
        <xmax>185.20194751794259</xmax>
        <ymax>661.0637586943958</ymax>
    </bndbox>
</object><object>
    <name>red start</name>
    <pose>Unspecified</pose>
    <truncated>0</truncated>
    <difficult>0</difficult>
    <bndbox>
        <xmin>842.2277960526316</xmin>
        <ymin>625.798430150869</ymin>
        <xmax>1405.1827526913876</xmax>
        <ymax>678.6964790188537</ymax>
    </bndbox>
</object><object>
    <name>crossing</name>
    <pose>Unspecified</pose>
    <truncated>0</truncated>
    <difficult>0</difficult>
    <bndbox>
        <xmin>1294.9435182416269</xmin>
        <ymin>849.1454361896126</ymin>
        <xmax>1672.6966955741627</xmax>
        <ymax>935.8393361617109</ymax>
    </bndbox>
</object>
</annotation>