<?xml version='1.0' encoding='utf-8'?>
<annotation verified="yes">
    <folder>Annotation</folder>
    <filename>frame_7539.jpg</filename>
    <path>wxt2-PascalVOC-export/Annotations/frame_7539.jpg</path>
    <source>
        <database>Unknown</database>
    </source>
    <size>
        <width>1920</width>
        <height>1080</height>
        <depth>3</depth>
    </size>
    <segmented>0</segmented>
    <object>
    <name>red ball</name>
    <pose>Unspecified</pose>
    <truncated>0</truncated>
    <difficult>0</difficult>
    <bndbox>
        <xmin>663.2727931701031</xmin>
        <ymin>458.8200164794922</ymin>
        <xmax>776.9971664128398</xmax>
        <ymax>562.4999725341797</ymax>
    </bndbox>
</object><object>
    <name>red ball</name>
    <pose>Unspecified</pose>
    <truncated>0</truncated>
    <difficult>0</difficult>
    <bndbox>
        <xmin>882.0843706068416</xmin>
        <ymin>404.0999725341797</ymin>
        <xmax>946.8641269329897</xmax>
        <ymax>483.2999725341797</ymax>
    </bndbox>
</object><object>
    <name>red ball</name>
    <pose>Unspecified</pose>
    <truncated>0</truncated>
    <difficult>0</difficult>
    <bndbox>
        <xmin>955.5014058106841</xmin>
        <ymin>336.4200164794922</ymin>
        <xmax>1017.402105787254</xmax>
        <ymax>409.85999450683596</ymax>
    </bndbox>
</object><object>
    <name>red ball</name>
    <pose>Unspecified</pose>
    <truncated>0</truncated>
    <difficult>0</difficult>
    <bndbox>
        <xmin>1103.7751142221182</xmin>
        <ymin>598.5000274658204</ymin>
        <xmax>1216.0599592900658</xmax>
        <ymax>732.4199615478517</ymax>
    </bndbox>
</object><object>
    <name>red ball</name>
    <pose>Unspecified</pose>
    <truncated>0</truncated>
    <difficult>0</difficult>
    <bndbox>
        <xmin>874.8866199039362</xmin>
        <ymin>516.4200164794922</ymin>
        <xmax>961.2596283388003</xmax>
        <ymax>633.0600494384767</ymax>
    </bndbox>
</object><object>
    <name>black ball</name>
    <pose>Unspecified</pose>
    <truncated>0</truncated>
    <difficult>0</difficult>
    <bndbox>
        <xmin>800.0300565253045</xmin>
        <ymin>317.6999725341797</ymin>
        <xmax>863.3701748477038</xmax>
        <ymax>402.659994506836</ymax>
    </bndbox>
</object><object>
    <name>black ball</name>
    <pose>Unspecified</pose>
    <truncated>0</truncated>
    <difficult>0</difficult>
    <bndbox>
        <xmin>1041.8744142455482</xmin>
        <ymin>401.2200164794922</ymin>
        <xmax>1141.203395911434</xmax>
        <ymax>513.540005493164</ymax>
    </bndbox>
</object><object>
    <name>black ball</name>
    <pose>Unspecified</pose>
    <truncated>0</truncated>
    <difficult>0</difficult>
    <bndbox>
        <xmin>729.4920776710403</xmin>
        <ymin>572.5799835205079</ymin>
        <xmax>808.667335402999</xmax>
        <ymax>682.0199615478516</ymax>
    </bndbox>
</object>
</annotation>