<?xml version='1.0' encoding='utf-8'?>
<annotation verified="yes">
    <folder>Annotation</folder>
    <filename>frame_7911.jpg</filename>
    <path>wxt2-PascalVOC-export/Annotations/frame_7911.jpg</path>
    <source>
        <database>Unknown</database>
    </source>
    <size>
        <width>1920</width>
        <height>1080</height>
        <depth>3</depth>
    </size>
    <segmented>0</segmented>
    <object>
    <name>red start</name>
    <pose>Unspecified</pose>
    <truncated>0</truncated>
    <difficult>0</difficult>
    <bndbox>
        <xmin>792.2526540071771</xmin>
        <ymin>608.1658219318001</ymin>
        <xmax>1389.0143540669856</xmax>
        <ymax>664.0026014678333</ymax>
    </bndbox>
</object><object>
    <name>crossing</name>
    <pose>Unspecified</pose>
    <truncated>0</truncated>
    <difficult>0</difficult>
    <bndbox>
        <xmin>1350.7981085526317</xmin>
        <ymin>857.961740299147</ymin>
        <xmax>1756.4784688995217</xmax>
        <ymax>962.2882484903141</ymax>
    </bndbox>
</object><object>
    <name>black ball</name>
    <pose>Unspecified</pose>
    <truncated>0</truncated>
    <difficult>0</difficult>
    <bndbox>
        <xmin>368.9340049342105</xmin>
        <ymin>600.8188831562899</ymin>
        <xmax>427.7282633074163</xmax>
        <ymax>647.8392464773996</ymax>
    </bndbox>
</object><object>
    <name>red ball</name>
    <pose>Unspecified</pose>
    <truncated>0</truncated>
    <difficult>0</difficult>
    <bndbox>
        <xmin>239.58659165669857</xmin>
        <ymin>609.6351872658244</ymin>
        <xmax>311.60958059210526</xmax>
        <ymax>665.4719668018575</ymax>
    </bndbox>
</object><object>
    <name>black ball</name>
    <pose>Unspecified</pose>
    <truncated>0</truncated>
    <difficult>0</difficult>
    <bndbox>
        <xmin>142.57608776913875</xmin>
        <ymin>618.4514913753587</ymin>
        <xmax>186.67178154904306</xmax>
        <ymax>669.8800628039302</ymax>
    </bndbox>
</object><object>
    <name>red ball</name>
    <pose>Unspecified</pose>
    <truncated>0</truncated>
    <difficult>0</difficult>
    <bndbox>
        <xmin>88.19138755980862</xmin>
        <ymin>618.4514913753587</ymin>
        <xmax>145.51581190191388</xmax>
        <ymax>672.8189055773677</ymax>
    </bndbox>
</object><object>
    <name>red ball</name>
    <pose>Unspecified</pose>
    <truncated>0</truncated>
    <difficult>0</difficult>
    <bndbox>
        <xmin>26.457405053827753</xmin>
        <ymin>600.8188831562899</ymin>
        <xmax>82.31199536483254</xmax>
        <ymax>664.0026014678332</ymax>
    </bndbox>
</object>
</annotation>