<?xml version='1.0' encoding='utf-8'?>
<annotation verified="yes">
    <folder>Annotation</folder>
    <filename>frame_7451.jpg</filename>
    <path>wxt2-PascalVOC-export/Annotations/frame_7451.jpg</path>
    <source>
        <database>Unknown</database>
    </source>
    <size>
        <width>1920</width>
        <height>1080</height>
        <depth>3</depth>
    </size>
    <segmented>0</segmented>
    <object>
    <name>crossing</name>
    <pose>Unspecified</pose>
    <truncated>0</truncated>
    <difficult>0</difficult>
    <bndbox>
        <xmin>582.6578974343955</xmin>
        <ymin>506.3400054931641</ymin>
        <xmax>1059.1490818298969</xmax>
        <ymax>733.8600494384766</ymax>
    </bndbox>
</object><object>
    <name>black ball</name>
    <pose>Unspecified</pose>
    <truncated>0</truncated>
    <difficult>0</difficult>
    <bndbox>
        <xmin>1165.6757043697282</xmin>
        <ymin>192.4200164794922</ymin>
        <xmax>1207.4226804123712</xmax>
        <ymax>229.85999450683596</ymax>
    </bndbox>
</object><object>
    <name>red ball</name>
    <pose>Unspecified</pose>
    <truncated>0</truncated>
    <difficult>0</difficult>
    <bndbox>
        <xmin>1230.4554606958764</xmin>
        <ymin>152.0999725341797</ymin>
        <xmax>1269.3233803889411</xmax>
        <ymax>196.74000549316406</ymax>
    </bndbox>
</object><object>
    <name>red ball</name>
    <pose>Unspecified</pose>
    <truncated>0</truncated>
    <difficult>0</difficult>
    <bndbox>
        <xmin>1064.9071945290534</xmin>
        <ymin>185.2200164794922</ymin>
        <xmax>1113.8519212746016</xmax>
        <ymax>231.2999725341797</ymax>
    </bndbox>
</object><object>
    <name>black ball</name>
    <pose>Unspecified</pose>
    <truncated>0</truncated>
    <difficult>0</difficult>
    <bndbox>
        <xmin>975.655129744611</xmin>
        <ymin>188.0999725341797</ymin>
        <xmax>1023.1603283153702</xmax>
        <ymax>234.17998352050782</ymax>
    </bndbox>
</object><object>
    <name>red ball</name>
    <pose>Unspecified</pose>
    <truncated>0</truncated>
    <difficult>0</difficult>
    <bndbox>
        <xmin>931.0290973523898</xmin>
        <ymin>159.2999725341797</ymin>
        <xmax>971.3364353912839</xmax>
        <ymax>201.05999450683595</ymax>
    </bndbox>
</object>
</annotation>