<?xml version='1.0' encoding='utf-8'?>
<annotation verified="yes">
    <folder>Annotation</folder>
    <filename>frame_7578.jpg</filename>
    <path>wxt2-PascalVOC-export/Annotations/frame_7578.jpg</path>
    <source>
        <database>Unknown</database>
    </source>
    <size>
        <width>1920</width>
        <height>1080</height>
        <depth>3</depth>
    </size>
    <segmented>0</segmented>
    <object>
    <name>red ball</name>
    <pose>Unspecified</pose>
    <truncated>0</truncated>
    <difficult>0</difficult>
    <bndbox>
        <xmin>1414.7179226218368</xmin>
        <ymin>647.4600494384766</ymin>
        <xmax>1610.4967197750702</xmax>
        <ymax>853.379983520508</ymax>
    </bndbox>
</object><object>
    <name>red ball</name>
    <pose>Unspecified</pose>
    <truncated>0</truncated>
    <difficult>0</difficult>
    <bndbox>
        <xmin>1480.9372071227742</xmin>
        <ymin>480.4200164794922</ymin>
        <xmax>1597.5408563730084</xmax>
        <ymax>605.7000274658203</ymax>
    </bndbox>
</object><object>
    <name>red ball</name>
    <pose>Unspecified</pose>
    <truncated>0</truncated>
    <difficult>0</difficult>
    <bndbox>
        <xmin>1524.1237113402062</xmin>
        <ymin>350.8200164794922</ymin>
        <xmax>1646.485473289597</xmax>
        <ymax>467.459994506836</ymax>
    </bndbox>
</object><object>
    <name>red ball</name>
    <pose>Unspecified</pose>
    <truncated>0</truncated>
    <difficult>0</difficult>
    <bndbox>
        <xmin>1103.7751142221182</xmin>
        <ymin>530.8200164794922</ymin>
        <xmax>1217.4995972938145</xmax>
        <ymax>644.5799835205079</ymax>
    </bndbox>
</object><object>
    <name>red ball</name>
    <pose>Unspecified</pose>
    <truncated>0</truncated>
    <difficult>0</difficult>
    <bndbox>
        <xmin>844.6560889175257</xmin>
        <ymin>440.0999725341797</ymin>
        <xmax>961.2596283388003</xmax>
        <ymax>569.6999725341797</ymax>
    </bndbox>
</object><object>
    <name>black ball</name>
    <pose>Unspecified</pose>
    <truncated>0</truncated>
    <difficult>0</difficult>
    <bndbox>
        <xmin>605.6907875468604</xmin>
        <ymin>460.25999450683594</ymin>
        <xmax>725.1733833177133</xmax>
        <ymax>591.3000274658203</ymax>
    </bndbox>
</object><object>
    <name>black ball</name>
    <pose>Unspecified</pose>
    <truncated>0</truncated>
    <difficult>0</difficult>
    <bndbox>
        <xmin>712.2174100866916</xmin>
        <ymin>631.6199615478516</ymin>
        <xmax>833.1396438612933</xmax>
        <ymax>805.8600494384766</ymax>
    </bndbox>
</object><object>
    <name>black ball</name>
    <pose>Unspecified</pose>
    <truncated>0</truncated>
    <difficult>0</difficult>
    <bndbox>
        <xmin>1237.6532113987817</xmin>
        <ymin>746.8199615478516</ymin>
        <xmax>1388.8059761597938</xmax>
        <ymax>925.3799835205078</ymax>
    </bndbox>
</object><object>
    <name>black ball</name>
    <pose>Unspecified</pose>
    <truncated>0</truncated>
    <difficult>0</difficult>
    <bndbox>
        <xmin>1630.650553537957</xmin>
        <ymin>591.3000274658203</ymin>
        <xmax>1763.0891225398314</xmax>
        <ymax>725.2199615478517</ymax>
    </bndbox>
</object><object>
    <name>black ball</name>
    <pose>Unspecified</pose>
    <truncated>0</truncated>
    <difficult>0</difficult>
    <bndbox>
        <xmin>1125.368366330834</xmin>
        <ymin>381.05999450683595</ymin>
        <xmax>1256.3674071579194</xmax>
        <ymax>499.1400054931641</ymax>
    </bndbox>
</object><object>
    <name>yellow ball</name>
    <pose>Unspecified</pose>
    <truncated>0</truncated>
    <difficult>0</difficult>
    <bndbox>
        <xmin>1125.368366330834</xmin>
        <ymin>381.05999450683595</ymin>
        <xmax>1256.3674071579194</xmax>
        <ymax>499.1400054931641</ymax>
    </bndbox>
</object>
</annotation>