<?xml version='1.0' encoding='utf-8'?>
<annotation verified="yes">
    <folder>Annotation</folder>
    <filename>frame_7475.jpg</filename>
    <path>wxt2-PascalVOC-export/Annotations/frame_7475.jpg</path>
    <source>
        <database>Unknown</database>
    </source>
    <size>
        <width>1920</width>
        <height>1080</height>
        <depth>3</depth>
    </size>
    <segmented>0</segmented>
    <object>
    <name>black ball</name>
    <pose>Unspecified</pose>
    <truncated>0</truncated>
    <difficult>0</difficult>
    <bndbox>
        <xmin>657.5145706419869</xmin>
        <ymin>280.25999450683594</ymin>
        <xmax>729.4920776710403</xmax>
        <ymax>362.3400054931641</ymax>
    </bndbox>
</object><object>
    <name>red ball</name>
    <pose>Unspecified</pose>
    <truncated>0</truncated>
    <difficult>0</difficult>
    <bndbox>
        <xmin>807.2278072282099</xmin>
        <ymin>252.89997253417968</ymin>
        <xmax>861.9306466729147</xmax>
        <ymax>326.3400054931641</ymax>
    </bndbox>
</object><object>
    <name>black ball</name>
    <pose>Unspecified</pose>
    <truncated>0</truncated>
    <difficult>0</difficult>
    <bndbox>
        <xmin>846.0956170923149</xmin>
        <ymin>347.94000549316405</ymin>
        <xmax>919.5126522961575</xmax>
        <ymax>434.3400054931641</ymax>
    </bndbox>
</object><object>
    <name>black ball</name>
    <pose>Unspecified</pose>
    <truncated>0</truncated>
    <difficult>0</difficult>
    <bndbox>
        <xmin>1194.4667071813496</xmin>
        <ymin>378.17998352050785</ymin>
        <xmax>1259.2464635074978</xmax>
        <ymax>457.37998352050784</ymax>
    </bndbox>
</object><object>
    <name>red ball</name>
    <pose>Unspecified</pose>
    <truncated>0</truncated>
    <difficult>0</difficult>
    <bndbox>
        <xmin>1302.4329677249298</xmin>
        <ymin>310.4999725341797</ymin>
        <xmax>1374.4104747539832</xmax>
        <ymax>381.05999450683595</ymax>
    </bndbox>
</object><object>
    <name>black ball</name>
    <pose>Unspecified</pose>
    <truncated>0</truncated>
    <difficult>0</difficult>
    <bndbox>
        <xmin>1007.3251889058107</xmin>
        <ymin>270.17998352050785</ymin>
        <xmax>1093.6981973406748</xmax>
        <ymax>342.17998352050785</ymax>
    </bndbox>
</object><object>
    <name>red ball</name>
    <pose>Unspecified</pose>
    <truncated>0</truncated>
    <difficult>0</difficult>
    <bndbox>
        <xmin>1162.7966480201499</xmin>
        <ymin>322.0200164794922</ymin>
        <xmax>1229.015932521087</xmax>
        <ymax>409.85999450683596</ymax>
    </bndbox>
</object><object>
    <name>red ball</name>
    <pose>Unspecified</pose>
    <truncated>0</truncated>
    <difficult>0</difficult>
    <bndbox>
        <xmin>994.3693255037488</xmin>
        <ymin>350.8200164794922</ymin>
        <xmax>1090.8191409910964</xmax>
        <ymax>447.2999725341797</ymax>
    </bndbox>
</object><object>
    <name>red ball</name>
    <pose>Unspecified</pose>
    <truncated>0</truncated>
    <difficult>0</difficult>
    <bndbox>
        <xmin>912.3149015932521</xmin>
        <ymin>301.85999450683596</ymin>
        <xmax>974.215601569822</xmax>
        <ymax>366.659994506836</ymax>
    </bndbox>
</object>
</annotation>