<?xml version='1.0' encoding='utf-8'?>
<annotation verified="yes">
    <folder>Annotation</folder>
    <filename>frame_7598.jpg</filename>
    <path>wxt2-PascalVOC-export/Annotations/frame_7598.jpg</path>
    <source>
        <database>Unknown</database>
    </source>
    <size>
        <width>1920</width>
        <height>1080</height>
        <depth>3</depth>
    </size>
    <segmented>0</segmented>
    <object>
    <name>black ball</name>
    <pose>Unspecified</pose>
    <truncated>0</truncated>
    <difficult>0</difficult>
    <bndbox>
        <xmin>938.2268480552952</xmin>
        <ymin>215.45999450683595</ymin>
        <xmax>1023.1603283153702</xmax>
        <ymax>310.49997253417973</ymax>
    </bndbox>
</object><object>
    <name>red ball</name>
    <pose>Unspecified</pose>
    <truncated>0</truncated>
    <difficult>0</difficult>
    <bndbox>
        <xmin>1027.4789128397376</xmin>
        <ymin>116.10000000000001</ymin>
        <xmax>1089.3796128163074</xmax>
        <ymax>190.97998352050783</ymax>
    </bndbox>
</object><object>
    <name>red ball</name>
    <pose>Unspecified</pose>
    <truncated>0</truncated>
    <difficult>0</difficult>
    <bndbox>
        <xmin>1144.0824522610121</xmin>
        <ymin>165.05999450683595</ymin>
        <xmax>1204.5436240627928</xmax>
        <ymax>248.57998352050782</ymax>
    </bndbox>
</object><object>
    <name>red ball</name>
    <pose>Unspecified</pose>
    <truncated>0</truncated>
    <difficult>0</difficult>
    <bndbox>
        <xmin>1293.7956888472352</xmin>
        <ymin>212.57998352050782</ymin>
        <xmax>1403.2014775656044</xmax>
        <ymax>310.49997253417973</ymax>
    </bndbox>
</object><object>
    <name>black ball</name>
    <pose>Unspecified</pose>
    <truncated>0</truncated>
    <difficult>0</difficult>
    <bndbox>
        <xmin>1341.3008874179943</xmin>
        <ymin>273.05999450683595</ymin>
        <xmax>1434.8716465557638</xmax>
        <ymax>385.37998352050784</ymax>
    </bndbox>
</object><object>
    <name>black ball</name>
    <pose>Unspecified</pose>
    <truncated>0</truncated>
    <difficult>0</difficult>
    <bndbox>
        <xmin>1184.389900128866</xmin>
        <ymin>422.8200164794922</ymin>
        <xmax>1299.5539113753514</xmax>
        <ymax>548.0999725341798</ymax>
    </bndbox>
</object><object>
    <name>black ball</name>
    <pose>Unspecified</pose>
    <truncated>0</truncated>
    <difficult>0</difficult>
    <bndbox>
        <xmin>897.9194001874414</xmin>
        <ymin>466.0200164794922</ymin>
        <xmax>982.8528804475163</xmax>
        <ymax>585.540005493164</ymax>
    </bndbox>
</object><object>
    <name>red ball</name>
    <pose>Unspecified</pose>
    <truncated>0</truncated>
    <difficult>0</difficult>
    <bndbox>
        <xmin>943.9850705834115</xmin>
        <ymin>337.85999450683596</ymin>
        <xmax>1040.4348860707591</xmax>
        <ymax>453.05999450683595</ymax>
    </bndbox>
</object><object>
    <name>red ball</name>
    <pose>Unspecified</pose>
    <truncated>0</truncated>
    <difficult>0</difficult>
    <bndbox>
        <xmin>1108.0936987464854</xmin>
        <ymin>273.05999450683595</ymin>
        <xmax>1181.5108437792876</xmax>
        <ymax>366.659994506836</ymax>
    </bndbox>
</object><object>
    <name>black ball</name>
    <pose>Unspecified</pose>
    <truncated>0</truncated>
    <difficult>0</difficult>
    <bndbox>
        <xmin>1240.5323775773195</xmin>
        <ymin>163.6200164794922</ymin>
        <xmax>1311.0703564315838</xmax>
        <ymax>242.8200164794922</ymax>
    </bndbox>
</object>
</annotation>