<?xml version='1.0' encoding='utf-8'?>
<annotation verified="yes">
    <folder>Annotation</folder>
    <filename>frame_7453.jpg</filename>
    <path>wxt2-PascalVOC-export/Annotations/frame_7453.jpg</path>
    <source>
        <database>Unknown</database>
    </source>
    <size>
        <width>1920</width>
        <height>1080</height>
        <depth>3</depth>
    </size>
    <segmented>0</segmented>
    <object>
    <name>crossing</name>
    <pose>Unspecified</pose>
    <truncated>0</truncated>
    <difficult>0</difficult>
    <bndbox>
        <xmin>447.34021716846297</xmin>
        <ymin>422.8200164794922</ymin>
        <xmax>1001.5670762066541</xmax>
        <ymax>702.1799835205079</ymax>
    </bndbox>
</object><object>
    <name>black ball</name>
    <pose>Unspecified</pose>
    <truncated>0</truncated>
    <difficult>0</difficult>
    <bndbox>
        <xmin>795.7113621719775</xmin>
        <ymin>110.33997802734375</ymin>
        <xmax>838.8978663894095</xmax>
        <ymax>150.65999450683594</ymax>
    </bndbox>
</object><object>
    <name>black ball</name>
    <pose>Unspecified</pose>
    <truncated>0</truncated>
    <difficult>0</difficult>
    <bndbox>
        <xmin>922.3918184746954</xmin>
        <ymin>127.6200164794922</ymin>
        <xmax>962.6991565135894</xmax>
        <ymax>172.25999450683594</ymax>
    </bndbox>
</object><object>
    <name>black ball</name>
    <pose>Unspecified</pose>
    <truncated>0</truncated>
    <difficult>0</difficult>
    <bndbox>
        <xmin>1119.6101438027179</xmin>
        <ymin>129.05999450683595</ymin>
        <xmax>1148.4011466143393</xmax>
        <ymax>170.8200164794922</ymax>
    </bndbox>
</object><object>
    <name>red ball</name>
    <pose>Unspecified</pose>
    <truncated>0</truncated>
    <difficult>0</difficult>
    <bndbox>
        <xmin>1181.5108437792878</xmin>
        <ymin>95.93997802734376</ymin>
        <xmax>1214.6204311152767</xmax>
        <ymax>139.14000549316407</ymax>
    </bndbox>
</object><object>
    <name>red ball</name>
    <pose>Unspecified</pose>
    <truncated>0</truncated>
    <difficult>0</difficult>
    <bndbox>
        <xmin>1004.4461325562324</xmin>
        <ymin>114.65999450683594</ymin>
        <xmax>1063.4676663542643</xmax>
        <ymax>175.14000549316407</ymax>
    </bndbox>
</object><object>
    <name>red ball</name>
    <pose>Unspecified</pose>
    <truncated>0</truncated>
    <difficult>0</difficult>
    <bndbox>
        <xmin>870.5679255506092</xmin>
        <ymin>91.61998901367188</ymin>
        <xmax>909.4358452436738</xmax>
        <ymax>139.14000549316407</ymax>
    </bndbox>
</object>
</annotation>