<?xml version='1.0' encoding='utf-8'?>
<annotation verified="yes">
    <folder>Annotation</folder>
    <filename>frame_7913.jpg</filename>
    <path>wxt2-PascalVOC-export/Annotations/frame_7913.jpg</path>
    <source>
        <database>Unknown</database>
    </source>
    <size>
        <width>1920</width>
        <height>1080</height>
        <depth>3</depth>
    </size>
    <segmented>0</segmented>
    <object>
    <name>red start</name>
    <pose>Unspecified</pose>
    <truncated>0</truncated>
    <difficult>0</difficult>
    <bndbox>
        <xmin>759.9158567583733</xmin>
        <ymin>583.186274937221</ymin>
        <xmax>1362.557005083732</xmax>
        <ymax>641.9617851413027</ymax>
    </bndbox>
</object><object>
    <name>crossing</name>
    <pose>Unspecified</pose>
    <truncated>0</truncated>
    <difficult>0</difficult>
    <bndbox>
        <xmin>1324.3406474282297</xmin>
        <ymin>825.6352545290578</ymin>
        <xmax>1724.1416716507176</xmax>
        <ymax>929.9617627202249</ymax>
    </bndbox>
</object><object>
    <name>black ball</name>
    <pose>Unspecified</pose>
    <truncated>0</truncated>
    <difficult>0</difficult>
    <bndbox>
        <xmin>323.36842105263156</xmin>
        <ymin>583.186274937221</ymin>
        <xmax>383.6325695275119</xmax>
        <ymax>622.8596994828205</ymax>
    </bndbox>
</object><object>
    <name>red ball</name>
    <pose>Unspecified</pose>
    <truncated>0</truncated>
    <difficult>0</difficult>
    <bndbox>
        <xmin>196.96078797846891</xmin>
        <ymin>587.5943709392938</ymin>
        <xmax>266.0440527811005</xmax>
        <ymax>646.3698811433754</ymax>
    </bndbox>
</object><object>
    <name>black ball</name>
    <pose>Unspecified</pose>
    <truncated>0</truncated>
    <difficult>0</difficult>
    <bndbox>
        <xmin>91.13111169258373</xmin>
        <ymin>597.8801524882414</ymin>
        <xmax>138.16652960526315</xmax>
        <ymax>650.7780892508371</ymax>
    </bndbox>
</object><object>
    <name>red ball</name>
    <pose>Unspecified</pose>
    <truncated>0</truncated>
    <difficult>0</difficult>
    <bndbox>
        <xmin>45.565583881578945</xmin>
        <ymin>597.8801524882414</ymin>
        <xmax>95.54066985645933</xmax>
        <ymax>656.6556626923231</ymax>
    </bndbox>
</object><object>
    <name>red ball</name>
    <pose>Unspecified</pose>
    <truncated>0</truncated>
    <difficult>0</difficult>
    <bndbox>
        <xmin>1.46986206638756</xmin>
        <ymin>580.2474321637835</ymin>
        <xmax>32.336853319377994</xmax>
        <ymax>643.4311504753268</ymax>
    </bndbox>
</object>
</annotation>