<?xml version='1.0' encoding='utf-8'?>
<annotation verified="yes">
    <folder>Annotation</folder>
    <filename>frame_7440.jpg</filename>
    <path>wxt2-PascalVOC-export/Annotations/frame_7440.jpg</path>
    <source>
        <database>Unknown</database>
    </source>
    <size>
        <width>1920</width>
        <height>1080</height>
        <depth>3</depth>
    </size>
    <segmented>0</segmented>
    <object>
    <name>crossing</name>
    <pose>Unspecified</pose>
    <truncated>0</truncated>
    <difficult>0</difficult>
    <bndbox>
        <xmin>1125.368366330834</xmin>
        <ymin>510.659994506836</ymin>
        <xmax>1624.8922211808808</xmax>
        <ymax>719.4600494384766</ymax>
    </bndbox>
</object><object>
    <name>red ball</name>
    <pose>Unspecified</pose>
    <truncated>0</truncated>
    <difficult>0</difficult>
    <bndbox>
        <xmin>1719.9026183223993</xmin>
        <ymin>273.05999450683595</ymin>
        <xmax>1765.9681788894097</xmax>
        <ymax>314.8200164794922</ymax>
    </bndbox>
</object><object>
    <name>black ball</name>
    <pose>Unspecified</pose>
    <truncated>0</truncated>
    <difficult>0</difficult>
    <bndbox>
        <xmin>1652.2438056466729</xmin>
        <ymin>293.2200164794922</ymin>
        <xmax>1691.111615510778</xmax>
        <ymax>343.62001647949216</ymax>
    </bndbox>
</object><object>
    <name>red ball</name>
    <pose>Unspecified</pose>
    <truncated>0</truncated>
    <difficult>0</difficult>
    <bndbox>
        <xmin>1524.1237113402062</xmin>
        <ymin>291.7799835205078</ymin>
        <xmax>1583.1453549671978</xmax>
        <ymax>345.05999450683595</ymax>
    </bndbox>
</object><object>
    <name>black ball</name>
    <pose>Unspecified</pose>
    <truncated>0</truncated>
    <difficult>0</difficult>
    <bndbox>
        <xmin>1447.8275099578257</xmin>
        <ymin>293.2200164794922</ymin>
        <xmax>1489.5745958294283</xmax>
        <ymax>332.0999725341797</ymax>
    </bndbox>
</object><object>
    <name>black ball</name>
    <pose>Unspecified</pose>
    <truncated>0</truncated>
    <difficult>0</difficult>
    <bndbox>
        <xmin>1324.0262198336457</xmin>
        <ymin>267.2999725341797</ymin>
        <xmax>1351.377694470478</xmax>
        <ymax>320.5799835205078</ymax>
    </bndbox>
</object><object>
    <name>red ball</name>
    <pose>Unspecified</pose>
    <truncated>0</truncated>
    <difficult>0</difficult>
    <bndbox>
        <xmin>1380.1686972820994</xmin>
        <ymin>257.2200164794922</ymin>
        <xmax>1421.9156733247423</xmax>
        <ymax>306.1799835205078</ymax>
    </bndbox>
</object>
</annotation>