<?xml version='1.0' encoding='utf-8'?>
<annotation verified="yes">
    <folder>Annotation</folder>
    <filename>frame_7886.jpg</filename>
    <path>wxt2-PascalVOC-export/Annotations/frame_7886.jpg</path>
    <source>
        <database>Unknown</database>
    </source>
    <size>
        <width>1920</width>
        <height>1080</height>
        <depth>3</depth>
    </size>
    <segmented>0</segmented>
    <object>
    <name>red ball</name>
    <pose>Unspecified</pose>
    <truncated>0</truncated>
    <difficult>0</difficult>
    <bndbox>
        <xmin>211.2539721473758</xmin>
        <ymin>571.140005493164</ymin>
        <xmax>255.88005945407684</xmax>
        <ymax>621.540005493164</ymax>
    </bndbox>
</object><object>
    <name>red start</name>
    <pose>Unspecified</pose>
    <truncated>0</truncated>
    <difficult>0</difficult>
    <bndbox>
        <xmin>872.0075635543581</xmin>
        <ymin>594.1799835205078</ymin>
        <xmax>1434.8716465557638</xmax>
        <ymax>651.7799835205078</ymax>
    </bndbox>
</object><object>
    <name>crossing</name>
    <pose>Unspecified</pose>
    <truncated>0</truncated>
    <difficult>0</difficult>
    <bndbox>
        <xmin>1303.8726057286785</xmin>
        <ymin>801.5400054931641</ymin>
        <xmax>1646.485473289597</xmax>
        <ymax>909.5400054931641</ymax>
    </bndbox>
</object><object>
    <name>black ball</name>
    <pose>Unspecified</pose>
    <truncated>0</truncated>
    <difficult>0</difficult>
    <bndbox>
        <xmin>496.28494391401125</xmin>
        <ymin>579.7799835205078</ymin>
        <xmax>549.5483100984068</xmax>
        <ymax>614.3400054931641</ymax>
    </bndbox>
</object><object>
    <name>red ball</name>
    <pose>Unspecified</pose>
    <truncated>0</truncated>
    <difficult>0</difficult>
    <bndbox>
        <xmin>392.6373228092784</xmin>
        <ymin>574.0200164794923</ymin>
        <xmax>450.21932843252114</xmax>
        <ymax>628.7400054931642</ymax>
    </bndbox>
</object><object>
    <name>black ball</name>
    <pose>Unspecified</pose>
    <truncated>0</truncated>
    <difficult>0</difficult>
    <bndbox>
        <xmin>309.14342563847237</xmin>
        <ymin>582.6600494384766</ymin>
        <xmax>345.1321791529991</xmax>
        <ymax>627.3000274658203</ymax>
    </bndbox>
</object><object>
    <name>red ball</name>
    <pose>Unspecified</pose>
    <truncated>0</truncated>
    <difficult>0</difficult>
    <bndbox>
        <xmin>265.9569214210403</xmin>
        <ymin>585.5400054931641</ymin>
        <xmax>304.8247312851453</xmax>
        <ymax>634.5000274658204</ymax>
    </bndbox>
</object>
</annotation>