<?xml version='1.0' encoding='utf-8'?>
<annotation verified="yes">
    <folder>Annotation</folder>
    <filename>frame_7903.jpg</filename>
    <path>wxt2-PascalVOC-export/Annotations/frame_7903.jpg</path>
    <source>
        <database>Unknown</database>
    </source>
    <size>
        <width>1920</width>
        <height>1080</height>
        <depth>3</depth>
    </size>
    <segmented>0</segmented>
    <object>
    <name>black ball</name>
    <pose>Unspecified</pose>
    <truncated>0</truncated>
    <difficult>0</difficult>
    <bndbox>
        <xmin>430.66793136961724</xmin>
        <ymin>616.9821260413345</ymin>
        <xmax>486.52252168062205</xmax>
        <ymax>664.0026014678332</ymax>
    </bndbox>
</object><object>
    <name>red ball</name>
    <pose>Unspecified</pose>
    <truncated>0</truncated>
    <difficult>0</difficult>
    <bndbox>
        <xmin>311.60958059210526</xmin>
        <ymin>625.798430150869</ymin>
        <xmax>377.7531212619617</xmax>
        <ymax>677.2270015794404</ymax>
    </bndbox>
</object><object>
    <name>black ball</name>
    <pose>Unspecified</pose>
    <truncated>0</truncated>
    <difficult>0</difficult>
    <bndbox>
        <xmin>224.88802706339715</xmin>
        <ymin>634.6148463657925</ymin>
        <xmax>263.10432864832535</xmax>
        <ymax>678.6964790188537</ymax>
    </bndbox>
</object><object>
    <name>red ball</name>
    <pose>Unspecified</pose>
    <truncated>0</truncated>
    <difficult>0</difficult>
    <bndbox>
        <xmin>173.4430509868421</xmin>
        <ymin>628.7372729243065</ymin>
        <xmax>221.9483590011962</xmax>
        <ymax>686.0434177943639</ymax>
    </bndbox>
</object><object>
    <name>red ball</name>
    <pose>Unspecified</pose>
    <truncated>0</truncated>
    <difficult>0</difficult>
    <bndbox>
        <xmin>117.58851674641149</xmin>
        <ymin>618.4514913753587</ymin>
        <xmax>166.09376869019138</xmax>
        <ymax>668.4106974699059</ymax>
    </bndbox>
</object><object>
    <name>red start</name>
    <pose>Unspecified</pose>
    <truncated>0</truncated>
    <difficult>0</difficult>
    <bndbox>
        <xmin>836.3483477870814</xmin>
        <ymin>631.676003592355</ymin>
        <xmax>1412.5320349880383</xmax>
        <ymax>681.6352096869022</ymax>
    </bndbox>
</object><object>
    <name>crossing</name>
    <pose>Unspecified</pose>
    <truncated>0</truncated>
    <difficult>0</difficult>
    <bndbox>
        <xmin>1321.4009793660287</xmin>
        <ymin>856.4923749651227</ymin>
        <xmax>1706.5034389952152</xmax>
        <ymax>957.8801524882414</ymax>
    </bndbox>
</object>
</annotation>