<?xml version='1.0' encoding='utf-8'?>
<annotation verified="yes">
    <folder>Annotation</folder>
    <filename>frame_7592.jpg</filename>
    <path>wxt2-PascalVOC-export/Annotations/frame_7592.jpg</path>
    <source>
        <database>Unknown</database>
    </source>
    <size>
        <width>1920</width>
        <height>1080</height>
        <depth>3</depth>
    </size>
    <segmented>0</segmented>
    <object>
    <name>red ball</name>
    <pose>Unspecified</pose>
    <truncated>0</truncated>
    <difficult>0</difficult>
    <bndbox>
        <xmin>974.215601569822</xmin>
        <ymin>431.4599945068359</ymin>
        <xmax>1077.863167760075</xmax>
        <ymax>562.4999725341797</ymax>
    </bndbox>
</object><object>
    <name>red ball</name>
    <pose>Unspecified</pose>
    <truncated>0</truncated>
    <difficult>0</difficult>
    <bndbox>
        <xmin>1216.0599592900655</xmin>
        <ymin>389.6999725341797</ymin>
        <xmax>1300.9934395501405</xmax>
        <ymax>493.37998352050784</ymax>
    </bndbox>
</object><object>
    <name>black ball</name>
    <pose>Unspecified</pose>
    <truncated>0</truncated>
    <difficult>0</difficult>
    <bndbox>
        <xmin>1178.6316776007498</xmin>
        <ymin>610.0199615478516</ymin>
        <xmax>1311.0703564315838</xmax>
        <ymax>791.4600494384766</ymax>
    </bndbox>
</object><object>
    <name>black ball</name>
    <pose>Unspecified</pose>
    <truncated>0</truncated>
    <difficult>0</difficult>
    <bndbox>
        <xmin>827.3814213331772</xmin>
        <ymin>574.0200164794923</ymin>
        <xmax>936.7873198805062</xmax>
        <ymax>719.4600494384766</ymax>
    </bndbox>
</object><object>
    <name>red ball</name>
    <pose>Unspecified</pose>
    <truncated>0</truncated>
    <difficult>0</difficult>
    <bndbox>
        <xmin>1499.651402881912</xmin>
        <ymin>356.5799835205078</ymin>
        <xmax>1645.0460549437676</xmax>
        <ymax>483.2999725341797</ymax>
    </bndbox>
</object><object>
    <name>black ball</name>
    <pose>Unspecified</pose>
    <truncated>0</truncated>
    <difficult>0</difficult>
    <bndbox>
        <xmin>1511.1678479381444</xmin>
        <ymin>470.3400054931641</ymin>
        <xmax>1652.243805646673</xmax>
        <ymax>599.9400054931641</ymax>
    </bndbox>
</object><object>
    <name>black ball</name>
    <pose>Unspecified</pose>
    <truncated>0</truncated>
    <difficult>0</difficult>
    <bndbox>
        <xmin>1076.4236395852859</xmin>
        <ymin>264.4200164794922</ymin>
        <xmax>1172.8734550726335</xmax>
        <ymax>376.74000549316406</ymax>
    </bndbox>
</object>
</annotation>