<?xml version='1.0' encoding='utf-8'?>
<annotation verified="yes">
    <folder>Annotation</folder>
    <filename>frame_7893.jpg</filename>
    <path>wxt2-PascalVOC-export/Annotations/frame_7893.jpg</path>
    <source>
        <database>Unknown</database>
    </source>
    <size>
        <width>1920</width>
        <height>1080</height>
        <depth>3</depth>
    </size>
    <segmented>0</segmented>
    <object>
    <name>black ball</name>
    <pose>Unspecified</pose>
    <truncated>0</truncated>
    <difficult>0</difficult>
    <bndbox>
        <xmin>452.7157782595694</xmin>
        <ymin>599.3495178222656</ymin>
        <xmax>505.63064443779905</xmax>
        <ymax>641.9617851413026</ymax>
    </bndbox>
</object><object>
    <name>red ball</name>
    <pose>Unspecified</pose>
    <truncated>0</truncated>
    <difficult>0</difficult>
    <bndbox>
        <xmin>339.53687574760767</xmin>
        <ymin>608.1658219318001</ymin>
        <xmax>402.74069228468903</xmax>
        <ymax>653.7168199188856</ymax>
    </bndbox>
</object><object>
    <name>black ball</name>
    <pose>Unspecified</pose>
    <truncated>0</truncated>
    <difficult>0</difficult>
    <bndbox>
        <xmin>254.28515625</xmin>
        <ymin>612.5740300392619</ymin>
        <xmax>296.9110159988038</xmax>
        <ymax>656.6556626923231</ymax>
    </bndbox>
</object><object>
    <name>red ball</name>
    <pose>Unspecified</pose>
    <truncated>0</truncated>
    <difficult>0</difficult>
    <bndbox>
        <xmin>205.7799043062201</xmin>
        <ymin>611.1045525998486</ymin>
        <xmax>252.81532221889952</xmax>
        <ymax>661.0637586943958</ymax>
    </bndbox>
</object><object>
    <name>red ball</name>
    <pose>Unspecified</pose>
    <truncated>0</truncated>
    <difficult>0</difficult>
    <bndbox>
        <xmin>155.8048183313397</xmin>
        <ymin>603.7576138243384</ymin>
        <xmax>199.900512111244</xmax>
        <ymax>650.7780892508371</ymax>
    </bndbox>
</object><object>
    <name>red start</name>
    <pose>Unspecified</pose>
    <truncated>0</truncated>
    <difficult>0</difficult>
    <bndbox>
        <xmin>836.3483477870814</xmin>
        <ymin>611.1045525998486</ymin>
        <xmax>1415.4718151913876</xmax>
        <ymax>666.9413321358818</ymax>
    </bndbox>
</object><object>
    <name>crossing</name>
    <pose>Unspecified</pose>
    <truncated>0</truncated>
    <difficult>0</difficult>
    <bndbox>
        <xmin>1281.7148998205741</xmin>
        <ymin>821.227046421596</ymin>
        <xmax>1631.5406698564593</xmax>
        <ymax>906.4515810596699</ymax>
    </bndbox>
</object>
</annotation>