<?xml version='1.0' encoding='utf-8'?>
<annotation verified="yes">
    <folder>Annotation</folder>
    <filename>frame_7549.jpg</filename>
    <path>wxt2-PascalVOC-export/Annotations/frame_7549.jpg</path>
    <source>
        <database>Unknown</database>
    </source>
    <size>
        <width>1920</width>
        <height>1080</height>
        <depth>3</depth>
    </size>
    <segmented>0</segmented>
    <object>
    <name>red ball</name>
    <pose>Unspecified</pose>
    <truncated>0</truncated>
    <difficult>0</difficult>
    <bndbox>
        <xmin>709.3383537371134</xmin>
        <ymin>500.5799835205078</ymin>
        <xmax>836.0188100398312</xmax>
        <ymax>631.6199615478515</ymax>
    </bndbox>
</object><object>
    <name>black ball</name>
    <pose>Unspecified</pose>
    <truncated>0</truncated>
    <difficult>0</difficult>
    <bndbox>
        <xmin>654.6354044634489</xmin>
        <ymin>441.5400054931641</ymin>
        <xmax>738.1293565487348</xmax>
        <ymax>549.540005493164</ymax>
    </bndbox>
</object><object>
    <name>black ball</name>
    <pose>Unspecified</pose>
    <truncated>0</truncated>
    <difficult>0</difficult>
    <bndbox>
        <xmin>890.7216494845361</xmin>
        <ymin>638.8199615478516</ymin>
        <xmax>997.2483818533271</xmax>
        <ymax>765.540005493164</ymax>
    </bndbox>
</object><object>
    <name>red ball</name>
    <pose>Unspecified</pose>
    <truncated>0</truncated>
    <difficult>0</difficult>
    <bndbox>
        <xmin>1030.3580790182755</xmin>
        <ymin>546.6599945068359</ymin>
        <xmax>1116.7310874531395</xmax>
        <ymax>679.140005493164</ymax>
    </bndbox>
</object><object>
    <name>red ball</name>
    <pose>Unspecified</pose>
    <truncated>0</truncated>
    <difficult>0</difficult>
    <bndbox>
        <xmin>1348.4986381208996</xmin>
        <ymin>604.2600494384766</ymin>
        <xmax>1483.8162634723524</xmax>
        <ymax>749.7000274658203</ymax>
    </bndbox>
</object><object>
    <name>black ball</name>
    <pose>Unspecified</pose>
    <truncated>0</truncated>
    <difficult>0</difficult>
    <bndbox>
        <xmin>1092.2586691658857</xmin>
        <ymin>405.5400054931641</ymin>
        <xmax>1194.4667071813496</xmax>
        <ymax>507.7799835205078</ymax>
    </bndbox>
</object><object>
    <name>red ball</name>
    <pose>Unspecified</pose>
    <truncated>0</truncated>
    <difficult>0</difficult>
    <bndbox>
        <xmin>892.1611776593252</xmin>
        <ymin>424.25999450683594</ymin>
        <xmax>967.0178508669165</xmax>
        <ymax>499.14000549316404</ymax>
    </bndbox>
</object><object>
    <name>red ball</name>
    <pose>Unspecified</pose>
    <truncated>0</truncated>
    <difficult>0</difficult>
    <bndbox>
        <xmin>920.9521804709466</xmin>
        <ymin>329.2200164794922</ymin>
        <xmax>981.4133522727273</xmax>
        <ymax>404.0999725341797</ymax>
    </bndbox>
</object><object>
    <name>black ball</name>
    <pose>Unspecified</pose>
    <truncated>0</truncated>
    <difficult>0</difficult>
    <bndbox>
        <xmin>870.5679255506092</xmin>
        <ymin>286.0200164794922</ymin>
        <xmax>925.2708748242736</xmax>
        <ymax>350.8200164794922</ymax>
    </bndbox>
</object><object>
    <name>black ball</name>
    <pose>Unspecified</pose>
    <truncated>0</truncated>
    <difficult>0</difficult>
    <bndbox>
        <xmin>722.2943269681349</xmin>
        <ymin>326.3400054931641</ymin>
        <xmax>798.5904185215556</xmax>
        <ymax>409.85999450683596</ymax>
    </bndbox>
</object>
</annotation>