<?xml version='1.0' encoding='utf-8'?>
<annotation verified="yes">
    <folder>Annotation</folder>
    <filename>frame_7520.jpg</filename>
    <path>wxt2-PascalVOC-export/Annotations/frame_7520.jpg</path>
    <source>
        <database>Unknown</database>
    </source>
    <size>
        <width>1920</width>
        <height>1080</height>
        <depth>3</depth>
    </size>
    <segmented>0</segmented>
    <object>
    <name>red ball</name>
    <pose>Unspecified</pose>
    <truncated>0</truncated>
    <difficult>0</difficult>
    <bndbox>
        <xmin>1446.3880916119963</xmin>
        <ymin>597.0600494384765</ymin>
        <xmax>1601.8595507263356</xmax>
        <ymax>762.6600494384766</ymax>
    </bndbox>
</object><object>
    <name>red ball</name>
    <pose>Unspecified</pose>
    <truncated>0</truncated>
    <difficult>0</difficult>
    <bndbox>
        <xmin>1090.8191409910964</xmin>
        <ymin>522.1799835205078</ymin>
        <xmax>1193.0271790065603</xmax>
        <ymax>643.140005493164</ymax>
    </bndbox>
</object><object>
    <name>black ball</name>
    <pose>Unspecified</pose>
    <truncated>0</truncated>
    <difficult>0</difficult>
    <bndbox>
        <xmin>918.0731241213683</xmin>
        <ymin>584.1000274658203</ymin>
        <xmax>1033.2371353678539</xmax>
        <ymax>709.3799835205078</ymax>
    </bndbox>
</object><object>
    <name>black ball</name>
    <pose>Unspecified</pose>
    <truncated>0</truncated>
    <difficult>0</difficult>
    <bndbox>
        <xmin>1213.1809029404874</xmin>
        <ymin>394.0200164794922</ymin>
        <xmax>1345.6194719423618</xmax>
        <ymax>500.5799835205078</ymax>
    </bndbox>
</object><object>
    <name>red ball</name>
    <pose>Unspecified</pose>
    <truncated>0</truncated>
    <difficult>0</difficult>
    <bndbox>
        <xmin>800.0300565253045</xmin>
        <ymin>461.6999725341797</ymin>
        <xmax>926.7104029990627</xmax>
        <ymax>584.1000274658204</ymax>
    </bndbox>
</object><object>
    <name>red ball</name>
    <pose>Unspecified</pose>
    <truncated>0</truncated>
    <difficult>0</difficult>
    <bndbox>
        <xmin>1018.8416339620431</xmin>
        <ymin>401.2200164794922</ymin>
        <xmax>1090.8191409910964</xmax>
        <ymax>476.0999725341797</ymax>
    </bndbox>
</object><object>
    <name>red ball</name>
    <pose>Unspecified</pose>
    <truncated>0</truncated>
    <difficult>0</difficult>
    <bndbox>
        <xmin>1069.2258888823806</xmin>
        <ymin>317.6999725341797</ymin>
        <xmax>1136.8847015581068</xmax>
        <ymax>394.02001647949226</ymax>
    </bndbox>
</object>
</annotation>