<?xml version='1.0' encoding='utf-8'?>
<annotation verified="yes">
    <folder>Annotation</folder>
    <filename>frame_7887.jpg</filename>
    <path>wxt2-PascalVOC-export/Annotations/frame_7887.jpg</path>
    <source>
        <database>Unknown</database>
    </source>
    <size>
        <width>1920</width>
        <height>1080</height>
        <depth>3</depth>
    </size>
    <segmented>0</segmented>
    <object>
    <name>red start</name>
    <pose>Unspecified</pose>
    <truncated>0</truncated>
    <difficult>0</difficult>
    <bndbox>
        <xmin>873.4470917291471</xmin>
        <ymin>594.1799835205078</ymin>
        <xmax>1416.157450796626</xmax>
        <ymax>648.9000274658202</ymax>
    </bndbox>
</object><object>
    <name>crossing</name>
    <pose>Unspecified</pose>
    <truncated>0</truncated>
    <difficult>0</difficult>
    <bndbox>
        <xmin>1283.7188817947517</xmin>
        <ymin>807.3000274658203</ymin>
        <xmax>1649.3645296391753</xmax>
        <ymax>906.6600494384766</ymax>
    </bndbox>
</object><object>
    <name>black ball</name>
    <pose>Unspecified</pose>
    <truncated>0</truncated>
    <difficult>0</difficult>
    <bndbox>
        <xmin>494.8453608247423</xmin>
        <ymin>574.0200164794923</ymin>
        <xmax>543.7900875702906</xmax>
        <ymax>614.3400054931641</ymax>
    </bndbox>
</object><object>
    <name>red ball</name>
    <pose>Unspecified</pose>
    <truncated>0</truncated>
    <difficult>0</difficult>
    <bndbox>
        <xmin>382.5604608423149</xmin>
        <ymin>576.8999725341797</ymin>
        <xmax>447.34021716846297</xmax>
        <ymax>627.3000274658203</ymax>
    </bndbox>
</object><object>
    <name>black ball</name>
    <pose>Unspecified</pose>
    <truncated>0</truncated>
    <difficult>0</difficult>
    <bndbox>
        <xmin>299.0665636715089</xmin>
        <ymin>579.7799835205078</ymin>
        <xmax>340.813484799672</xmax>
        <ymax>630.1799835205078</ymax>
    </bndbox>
</object><object>
    <name>red ball</name>
    <pose>Unspecified</pose>
    <truncated>0</truncated>
    <difficult>0</difficult>
    <bndbox>
        <xmin>254.44047636480786</xmin>
        <ymin>581.2199615478515</ymin>
        <xmax>300.50609184629803</xmax>
        <ymax>631.6199615478515</ymax>
    </bndbox>
</object><object>
    <name>red ball</name>
    <pose>Unspecified</pose>
    <truncated>0</truncated>
    <difficult>0</difficult>
    <bndbox>
        <xmin>204.05622144447048</xmin>
        <ymin>568.2599945068359</ymin>
        <xmax>251.5614200152296</xmax>
        <ymax>617.2199615478515</ymax>
    </bndbox>
</object>
</annotation>