<?xml version='1.0' encoding='utf-8'?>
<annotation verified="yes">
    <folder>Annotation</folder>
    <filename>frame_7493.jpg</filename>
    <path>wxt2-PascalVOC-export/Annotations/frame_7493.jpg</path>
    <source>
        <database>Unknown</database>
    </source>
    <size>
        <width>1920</width>
        <height>1080</height>
        <depth>3</depth>
    </size>
    <segmented>0</segmented>
    <object>
    <name>black ball</name>
    <pose>Unspecified</pose>
    <truncated>0</truncated>
    <difficult>0</difficult>
    <bndbox>
        <xmin>424.30743688495784</xmin>
        <ymin>386.8200164794922</ymin>
        <xmax>562.5042833294283</xmax>
        <ymax>539.459994506836</ymax>
    </bndbox>
</object><object>
    <name>black ball</name>
    <pose>Unspecified</pose>
    <truncated>0</truncated>
    <difficult>0</difficult>
    <bndbox>
        <xmin>561.0646453256795</xmin>
        <ymin>595.6199615478516</ymin>
        <xmax>726.6129114925023</xmax>
        <ymax>792.9000274658204</ymax>
    </bndbox>
</object><object>
    <name>black ball</name>
    <pose>Unspecified</pose>
    <truncated>0</truncated>
    <difficult>0</difficult>
    <bndbox>
        <xmin>1067.7863607075913</xmin>
        <ymin>366.659994506836</ymin>
        <xmax>1205.9831522375819</xmax>
        <ymax>503.459994506836</ymax>
    </bndbox>
</object><object>
    <name>black ball</name>
    <pose>Unspecified</pose>
    <truncated>0</truncated>
    <difficult>0</difficult>
    <bndbox>
        <xmin>579.7788410848173</xmin>
        <ymin>287.4599945068359</ymin>
        <xmax>661.8331551663542</xmax>
        <ymax>399.7799835205078</ymax>
    </bndbox>
</object><object>
    <name>black ball</name>
    <pose>Unspecified</pose>
    <truncated>0</truncated>
    <difficult>0</difficult>
    <bndbox>
        <xmin>1306.7516620782567</xmin>
        <ymin>745.3799835205078</ymin>
        <xmax>1478.0581507731958</xmax>
        <ymax>928.2600494384766</ymax>
    </bndbox>
</object><object>
    <name>red ball</name>
    <pose>Unspecified</pose>
    <truncated>0</truncated>
    <difficult>0</difficult>
    <bndbox>
        <xmin>1279.4001874414246</xmin>
        <ymin>545.2200164794922</ymin>
        <xmax>1442.0693972586691</xmax>
        <ymax>722.3400054931641</ymax>
    </bndbox>
</object><object>
    <name>red ball</name>
    <pose>Unspecified</pose>
    <truncated>0</truncated>
    <difficult>0</difficult>
    <bndbox>
        <xmin>1587.4640493205247</xmin>
        <ymin>474.659994506836</ymin>
        <xmax>1773.1659295923148</xmax>
        <ymax>647.4600494384766</ymax>
    </bndbox>
</object><object>
    <name>red ball</name>
    <pose>Unspecified</pose>
    <truncated>0</truncated>
    <difficult>0</difficult>
    <bndbox>
        <xmin>866.2493410262418</xmin>
        <ymin>620.1000274658203</ymin>
        <xmax>1056.269915651359</xmax>
        <ymax>864.9000274658204</ymax>
    </bndbox>
</object><object>
    <name>red ball</name>
    <pose>Unspecified</pose>
    <truncated>0</truncated>
    <difficult>0</difficult>
    <bndbox>
        <xmin>859.0515903233364</xmin>
        <ymin>440.0999725341797</ymin>
        <xmax>959.8201001640113</xmax>
        <ymax>574.0200164794921</ymax>
    </bndbox>
</object><object>
    <name>red ball</name>
    <pose>Unspecified</pose>
    <truncated>0</truncated>
    <difficult>0</difficult>
    <bndbox>
        <xmin>722.2943269681349</xmin>
        <ymin>327.7799835205078</ymin>
        <xmax>830.260587511715</xmax>
        <ymax>447.2999725341797</ymax>
    </bndbox>
</object>
</annotation>