<?xml version='1.0' encoding='utf-8'?>
<annotation verified="yes">
    <folder>Annotation</folder>
    <filename>frame_7413.jpg</filename>
    <path>wxt2-PascalVOC-export/Annotations/frame_7413.jpg</path>
    <source>
        <database>Unknown</database>
    </source>
    <size>
        <width>1920</width>
        <height>1080</height>
        <depth>3</depth>
    </size>
    <segmented>0</segmented>
    <object>
    <name>black ball</name>
    <pose>Unspecified</pose>
    <truncated>0</truncated>
    <difficult>0</difficult>
    <bndbox>
        <xmin>979.9738240979382</xmin>
        <ymin>215.45999450683595</ymin>
        <xmax>1010.2043550843487</xmax>
        <ymax>262.97998352050786</ymax>
    </bndbox>
</object><object>
    <name>black ball</name>
    <pose>Unspecified</pose>
    <truncated>0</truncated>
    <difficult>0</difficult>
    <bndbox>
        <xmin>1165.6757043697282</xmin>
        <ymin>255.7799835205078</ymin>
        <xmax>1211.7413747656983</xmax>
        <ymax>307.62001647949216</ymax>
    </bndbox>
</object><object>
    <name>black ball</name>
    <pose>Unspecified</pose>
    <truncated>0</truncated>
    <difficult>0</difficult>
    <bndbox>
        <xmin>1354.2568606490158</xmin>
        <ymin>257.2200164794922</ymin>
        <xmax>1401.7619493908153</xmax>
        <ymax>298.9799835205078</ymax>
    </bndbox>
</object><object>
    <name>black ball</name>
    <pose>Unspecified</pose>
    <truncated>0</truncated>
    <difficult>0</difficult>
    <bndbox>
        <xmin>1190.1481226569822</xmin>
        <ymin>211.14000549316407</ymin>
        <xmax>1241.9719057521088</xmax>
        <ymax>260.0999725341797</ymax>
    </bndbox>
</object><object>
    <name>black ball</name>
    <pose>Unspecified</pose>
    <truncated>0</truncated>
    <difficult>0</difficult>
    <bndbox>
        <xmin>1010.2043550843487</xmin>
        <ymin>229.85999450683593</ymin>
        <xmax>1049.0721649484535</xmax>
        <ymax>286.0200164794922</ymax>
    </bndbox>
</object><object>
    <name>red ball</name>
    <pose>Unspecified</pose>
    <truncated>0</truncated>
    <difficult>0</difficult>
    <bndbox>
        <xmin>1062.0281381794753</xmin>
        <ymin>214.0200164794922</ymin>
        <xmax>1105.2146423969073</xmax>
        <ymax>265.85999450683596</ymax>
    </bndbox>
</object><object>
    <name>red ball</name>
    <pose>Unspecified</pose>
    <truncated>0</truncated>
    <difficult>0</difficult>
    <bndbox>
        <xmin>1243.4114339268979</xmin>
        <ymin>248.57998352050782</ymin>
        <xmax>1306.751662078257</xmax>
        <ymax>309.05999450683595</ymax>
    </bndbox>
</object><object>
    <name>red ball</name>
    <pose>Unspecified</pose>
    <truncated>0</truncated>
    <difficult>0</difficult>
    <bndbox>
        <xmin>1321.1471634840675</xmin>
        <ymin>229.85999450683593</ymin>
        <xmax>1357.1359169985942</xmax>
        <ymax>290.3400054931641</ymax>
    </bndbox>
</object><object>
    <name>red ball</name>
    <pose>Unspecified</pose>
    <truncated>0</truncated>
    <difficult>0</difficult>
    <bndbox>
        <xmin>1383.0478634606372</xmin>
        <ymin>221.2200164794922</ymin>
        <xmax>1431.9924803772258</xmax>
        <ymax>275.94000549316405</ymax>
    </bndbox>
</object><object>
    <name>crossing</name>
    <pose>Unspecified</pose>
    <truncated>0</truncated>
    <difficult>0</difficult>
    <bndbox>
        <xmin>1213.1809029404874</xmin>
        <ymin>667.6199615478516</ymin>
        <xmax>1891.2089971883788</xmax>
        <ymax>1080</ymax>
    </bndbox>
</object>
</annotation>