<?xml version='1.0' encoding='utf-8'?>
<annotation verified="yes">
    <folder>Annotation</folder>
    <filename>frame_7482.jpg</filename>
    <path>wxt2-PascalVOC-export/Annotations/frame_7482.jpg</path>
    <source>
        <database>Unknown</database>
    </source>
    <size>
        <width>1920</width>
        <height>1080</height>
        <depth>3</depth>
    </size>
    <segmented>0</segmented>
    <object>
    <name>black ball</name>
    <pose>Unspecified</pose>
    <truncated>0</truncated>
    <difficult>0</difficult>
    <bndbox>
        <xmin>474.6916918052952</xmin>
        <ymin>358.0200164794922</ymin>
        <xmax>572.5810903819118</xmax>
        <ymax>466.0200164794922</ymax>
    </bndbox>
</object><object>
    <name>black ball</name>
    <pose>Unspecified</pose>
    <truncated>0</truncated>
    <difficult>0</difficult>
    <bndbox>
        <xmin>561.0646453256795</xmin>
        <ymin>307.6200164794922</ymin>
        <xmax>631.6026241799439</xmax>
        <ymax>382.49997253417973</ymax>
    </bndbox>
</object><object>
    <name>red ball</name>
    <pose>Unspecified</pose>
    <truncated>0</truncated>
    <difficult>0</difficult>
    <bndbox>
        <xmin>705.0196593837863</xmin>
        <ymin>316.25999450683594</ymin>
        <xmax>781.3158607661669</xmax>
        <ymax>409.85999450683596</ymax>
    </bndbox>
</object><object>
    <name>red ball</name>
    <pose>Unspecified</pose>
    <truncated>0</truncated>
    <difficult>0</difficult>
    <bndbox>
        <xmin>814.4255579311152</xmin>
        <ymin>386.8200164794922</ymin>
        <xmax>902.2380945407684</xmax>
        <ymax>477.5400054931641</ymax>
    </bndbox>
</object><object>
    <name>red ball</name>
    <pose>Unspecified</pose>
    <truncated>0</truncated>
    <difficult>0</difficult>
    <bndbox>
        <xmin>910.875373418463</xmin>
        <ymin>463.1400054931641</ymin>
        <xmax>1028.9184410145267</xmax>
        <ymax>620.1000274658204</ymax>
    </bndbox>
</object><object>
    <name>black ball</name>
    <pose>Unspecified</pose>
    <truncated>0</truncated>
    <difficult>0</difficult>
    <bndbox>
        <xmin>948.3036551077788</xmin>
        <ymin>336.4200164794922</ymin>
        <xmax>1066.3468325328022</xmax>
        <ymax>435.7799835205078</ymax>
    </bndbox>
</object><object>
    <name>red ball</name>
    <pose>Unspecified</pose>
    <truncated>0</truncated>
    <difficult>0</difficult>
    <bndbox>
        <xmin>1139.763867736645</xmin>
        <ymin>432.8999725341797</ymin>
        <xmax>1230.4554606958764</xmax>
        <ymax>532.2599945068359</ymax>
    </bndbox>
</object><object>
    <name>black ball</name>
    <pose>Unspecified</pose>
    <truncated>0</truncated>
    <difficult>0</difficult>
    <bndbox>
        <xmin>1182.950371954077</xmin>
        <ymin>512.0999725341798</ymin>
        <xmax>1289.477104322868</xmax>
        <ymax>615.7799835205079</ymax>
    </bndbox>
</object><object>
    <name>red ball</name>
    <pose>Unspecified</pose>
    <truncated>0</truncated>
    <difficult>0</difficult>
    <bndbox>
        <xmin>1334.103136715089</xmin>
        <ymin>399.7799835205078</ymin>
        <xmax>1417.5969789714152</xmax>
        <ymax>493.37998352050784</ymax>
    </bndbox>
</object><object>
    <name>black ball</name>
    <pose>Unspecified</pose>
    <truncated>0</truncated>
    <difficult>0</difficult>
    <bndbox>
        <xmin>683.4264072750702</xmin>
        <ymin>451.6200164794922</ymin>
        <xmax>785.6345551194938</xmax>
        <ymax>591.3000274658203</ymax>
    </bndbox>
</object>
</annotation>