<?xml version='1.0' encoding='utf-8'?>
<annotation verified="yes">
    <folder>Annotation</folder>
    <filename>frame_7415.jpg</filename>
    <path>wxt2-PascalVOC-export/Annotations/frame_7415.jpg</path>
    <source>
        <database>Unknown</database>
    </source>
    <size>
        <width>1920</width>
        <height>1080</height>
        <depth>3</depth>
    </size>
    <segmented>0</segmented>
    <object>
    <name>black ball</name>
    <pose>Unspecified</pose>
    <truncated>0</truncated>
    <difficult>0</difficult>
    <bndbox>
        <xmin>1001.5670762066542</xmin>
        <ymin>186.65999450683594</ymin>
        <xmax>1033.2371353678539</xmax>
        <ymax>238.4999725341797</ymax>
    </bndbox>
</object><object>
    <name>black ball</name>
    <pose>Unspecified</pose>
    <truncated>0</truncated>
    <difficult>0</difficult>
    <bndbox>
        <xmin>1380.1686972820994</xmin>
        <ymin>224.0999725341797</ymin>
        <xmax>1414.717922621837</xmax>
        <ymax>268.74000549316406</ymax>
    </bndbox>
</object><object>
    <name>black ball</name>
    <pose>Unspecified</pose>
    <truncated>0</truncated>
    <difficult>0</difficult>
    <bndbox>
        <xmin>1216.0599592900655</xmin>
        <ymin>185.2200164794922</ymin>
        <xmax>1265.0046860356138</xmax>
        <ymax>226.9799835205078</ymax>
    </bndbox>
</object><object>
    <name>black ball</name>
    <pose>Unspecified</pose>
    <truncated>0</truncated>
    <difficult>0</difficult>
    <bndbox>
        <xmin>1182.950371954077</xmin>
        <ymin>221.2200164794922</ymin>
        <xmax>1241.9719057521088</xmax>
        <ymax>267.2999725341797</ymax>
    </bndbox>
</object><object>
    <name>red ball</name>
    <pose>Unspecified</pose>
    <truncated>0</truncated>
    <difficult>0</difficult>
    <bndbox>
        <xmin>1404.6411155693534</xmin>
        <ymin>189.54000549316407</ymin>
        <xmax>1453.5858423149016</xmax>
        <ymax>237.05999450683595</ymax>
    </bndbox>
</object><object>
    <name>red ball</name>
    <pose>Unspecified</pose>
    <truncated>0</truncated>
    <difficult>0</difficult>
    <bndbox>
        <xmin>1342.7404155927834</xmin>
        <ymin>198.17998352050782</ymin>
        <xmax>1383.0478634606372</xmax>
        <ymax>251.45999450683595</ymax>
    </bndbox>
</object><object>
    <name>red ball</name>
    <pose>Unspecified</pose>
    <truncated>0</truncated>
    <difficult>0</difficult>
    <bndbox>
        <xmin>1260.6861015112465</xmin>
        <ymin>228.4200164794922</ymin>
        <xmax>1332.6636085403</xmax>
        <ymax>280.25999450683594</ymax>
    </bndbox>
</object><object>
    <name>red ball</name>
    <pose>Unspecified</pose>
    <truncated>0</truncated>
    <difficult>0</difficult>
    <bndbox>
        <xmin>1087.9400846415183</xmin>
        <ymin>186.65999450683594</ymin>
        <xmax>1138.3243395618556</xmax>
        <ymax>237.05999450683595</ymax>
    </bndbox>
</object><object>
    <name>black ball</name>
    <pose>Unspecified</pose>
    <truncated>0</truncated>
    <difficult>0</difficult>
    <bndbox>
        <xmin>1036.116191717432</xmin>
        <ymin>205.3799835205078</ymin>
        <xmax>1079.302695934864</xmax>
        <ymax>264.4200164794922</ymax>
    </bndbox>
</object><object>
    <name>crossing</name>
    <pose>Unspecified</pose>
    <truncated>0</truncated>
    <difficult>0</difficult>
    <bndbox>
        <xmin>1167.115342373477</xmin>
        <ymin>516.4200164794922</ymin>
        <xmax>1863.857632380506</xmax>
        <ymax>1043.4600494384767</ymax>
    </bndbox>
</object>
</annotation>