<?xml version='1.0' encoding='utf-8'?>
<annotation verified="yes">
    <folder>Annotation</folder>
    <filename>frame_7455.jpg</filename>
    <path>wxt2-PascalVOC-export/Annotations/frame_7455.jpg</path>
    <source>
        <database>Unknown</database>
    </source>
    <size>
        <width>1920</width>
        <height>1080</height>
        <depth>3</depth>
    </size>
    <segmented>0</segmented>
    <object>
    <name>crossing</name>
    <pose>Unspecified</pose>
    <truncated>0</truncated>
    <difficult>0</difficult>
    <bndbox>
        <xmin>314.90159325210874</xmin>
        <ymin>589.8600494384766</ymin>
        <xmax>1008.7648269095596</xmax>
        <ymax>975.7799835205078</ymax>
    </bndbox>
</object><object>
    <name>black ball</name>
    <pose>Unspecified</pose>
    <truncated>0</truncated>
    <difficult>0</difficult>
    <bndbox>
        <xmin>1102.335586047329</xmin>
        <ymin>221.2200164794922</ymin>
        <xmax>1146.96161843955</xmax>
        <ymax>265.85999450683596</ymax>
    </bndbox>
</object><object>
    <name>red ball</name>
    <pose>Unspecified</pose>
    <truncated>0</truncated>
    <difficult>0</difficult>
    <bndbox>
        <xmin>1168.554870548266</xmin>
        <ymin>185.2200164794922</ymin>
        <xmax>1208.8622085871602</xmax>
        <ymax>234.17998352050782</ymax>
    </bndbox>
</object><object>
    <name>red ball</name>
    <pose>Unspecified</pose>
    <truncated>0</truncated>
    <difficult>0</difficult>
    <bndbox>
        <xmin>984.2924086223055</xmin>
        <ymin>221.2200164794922</ymin>
        <xmax>1040.4348860707591</xmax>
        <ymax>271.62001647949216</ymax>
    </bndbox>
</object><object>
    <name>black ball</name>
    <pose>Unspecified</pose>
    <truncated>0</truncated>
    <difficult>0</difficult>
    <bndbox>
        <xmin>916.6335959465791</xmin>
        <ymin>229.85999450683593</ymin>
        <xmax>949.7431832825679</xmax>
        <ymax>277.37998352050784</ymax>
    </bndbox>
</object><object>
    <name>black ball</name>
    <pose>Unspecified</pose>
    <truncated>0</truncated>
    <difficult>0</difficult>
    <bndbox>
        <xmin>782.755388940956</xmin>
        <ymin>214.0200164794922</ymin>
        <xmax>820.1836706302718</xmax>
        <ymax>260.0999725341797</ymax>
    </bndbox>
</object><object>
    <name>red ball</name>
    <pose>Unspecified</pose>
    <truncated>0</truncated>
    <difficult>0</difficult>
    <bndbox>
        <xmin>857.6120621485474</xmin>
        <ymin>189.54000549316407</ymin>
        <xmax>895.0403438378632</xmax>
        <ymax>239.94000549316408</ymax>
    </bndbox>
</object>
</annotation>