<?xml version='1.0' encoding='utf-8'?>
<annotation verified="yes">
    <folder>Annotation</folder>
    <filename>frame_7638.jpg</filename>
    <path>wxt2-PascalVOC-export/Annotations/frame_7638.jpg</path>
    <source>
        <database>Unknown</database>
    </source>
    <size>
        <width>1920</width>
        <height>1080</height>
        <depth>3</depth>
    </size>
    <segmented>0</segmented>
    <object>
    <name>black ball</name>
    <pose>Unspecified</pose>
    <truncated>0</truncated>
    <difficult>0</difficult>
    <bndbox>
        <xmin>706.4592973875351</xmin>
        <ymin>406.9799835205078</ymin>
        <xmax>745.3271072516401</xmax>
        <ymax>455.94000549316405</ymax>
    </bndbox>
</object><object>
    <name>black ball</name>
    <pose>Unspecified</pose>
    <truncated>0</truncated>
    <difficult>0</difficult>
    <bndbox>
        <xmin>1050.5116931232428</xmin>
        <ymin>398.3400054931641</ymin>
        <xmax>1098.016891694002</xmax>
        <ymax>434.3400054931641</ymax>
    </bndbox>
</object><object>
    <name>black ball</name>
    <pose>Unspecified</pose>
    <truncated>0</truncated>
    <difficult>0</difficult>
    <bndbox>
        <xmin>942.5454325796626</xmin>
        <ymin>425.6999725341797</ymin>
        <xmax>995.808853678538</xmax>
        <ymax>471.77998352050787</ymax>
    </bndbox>
</object><object>
    <name>red ball</name>
    <pose>Unspecified</pose>
    <truncated>0</truncated>
    <difficult>0</difficult>
    <bndbox>
        <xmin>877.7656762535145</xmin>
        <ymin>430.0200164794922</ymin>
        <xmax>926.7104029990627</xmax>
        <ymax>481.85999450683596</ymax>
    </bndbox>
</object><object>
    <name>red ball</name>
    <pose>Unspecified</pose>
    <truncated>0</truncated>
    <difficult>0</difficult>
    <bndbox>
        <xmin>775.5576382380506</xmin>
        <ymin>415.6200164794922</ymin>
        <xmax>814.4255579311152</xmax>
        <ymax>453.05999450683595</ymax>
    </bndbox>
</object>
</annotation>