<?xml version='1.0' encoding='utf-8'?>
<annotation verified="yes">
    <folder>Annotation</folder>
    <filename>frame_7940.jpg</filename>
    <path>wxt2-PascalVOC-export/Annotations/frame_7940.jpg</path>
    <source>
        <database>Unknown</database>
    </source>
    <size>
        <width>1920</width>
        <height>1080</height>
        <depth>3</depth>
    </size>
    <segmented>0</segmented>
    <object>
    <name>red start</name>
    <pose>Unspecified</pose>
    <truncated>0</truncated>
    <difficult>0</difficult>
    <bndbox>
        <xmin>779.023923444976</xmin>
        <ymin>605.2270912637516</ymin>
        <xmax>1477.2057416267944</xmax>
        <ymax>675.7576362454162</ymax>
    </bndbox>
</object><object>
    <name>crossing</name>
    <pose>Unspecified</pose>
    <truncated>0</truncated>
    <difficult>0</difficult>
    <bndbox>
        <xmin>1422.8210974880383</xmin>
        <ymin>971.1045525998486</ymin>
        <xmax>1912.2833433014355</xmax>
        <ymax>1078.3699035644531</ymax>
    </bndbox>
</object><object>
    <name>black ball</name>
    <pose>Unspecified</pose>
    <truncated>0</truncated>
    <difficult>0</difficult>
    <bndbox>
        <xmin>280.7426173744019</xmin>
        <ymin>596.4106750488281</ymin>
        <xmax>341.0067097787081</xmax>
        <ymax>647.8392464773996</ymax>
    </bndbox>
</object><object>
    <name>red ball</name>
    <pose>Unspecified</pose>
    <truncated>0</truncated>
    <difficult>0</difficult>
    <bndbox>
        <xmin>105.82967628588517</xmin>
        <ymin>608.1658219318001</ymin>
        <xmax>195.49089787679426</xmax>
        <ymax>672.8189055773677</ymax>
    </bndbox>
</object><object>
    <name>red ball</name>
    <pose>Unspecified</pose>
    <truncated>0</truncated>
    <difficult>0</difficult>
    <bndbox>
        <xmin>16.168426659688997</xmin>
        <ymin>589.0637362733179</ymin>
        <xmax>79.37227123205741</xmax>
        <ymax>647.8392464773996</ymax>
    </bndbox>
</object><object>
    <name>black ball</name>
    <pose>Unspecified</pose>
    <truncated>0</truncated>
    <difficult>0</difficult>
    <bndbox>
        <xmin>0</xmin>
        <ymin>621.3903341487962</ymin>
        <xmax>51.44497607655502</xmax>
        <ymax>677.2270015794404</ymax>
    </bndbox>
</object>
</annotation>