<?xml version='1.0' encoding='utf-8'?>
<annotation verified="yes">
    <folder>Annotation</folder>
    <filename>frame_7450.jpg</filename>
    <path>wxt2-PascalVOC-export/Annotations/frame_7450.jpg</path>
    <source>
        <database>Unknown</database>
    </source>
    <size>
        <width>1920</width>
        <height>1080</height>
        <depth>3</depth>
    </size>
    <segmented>0</segmented>
    <object>
    <name>crossing</name>
    <pose>Unspecified</pose>
    <truncated>0</truncated>
    <difficult>0</difficult>
    <bndbox>
        <xmin>656.0750424671977</xmin>
        <ymin>489.05999450683595</ymin>
        <xmax>1207.422680412371</xmax>
        <ymax>762.6600494384766</ymax>
    </bndbox>
</object><object>
    <name>red ball</name>
    <pose>Unspecified</pose>
    <truncated>0</truncated>
    <difficult>0</difficult>
    <bndbox>
        <xmin>1115.2914494493907</xmin>
        <ymin>189.54000549316407</ymin>
        <xmax>1167.115342373477</xmax>
        <ymax>250.0200164794922</ymax>
    </bndbox>
</object><object>
    <name>red ball</name>
    <pose>Unspecified</pose>
    <truncated>0</truncated>
    <difficult>0</difficult>
    <bndbox>
        <xmin>1282.2793536199624</xmin>
        <ymin>157.85999450683593</ymin>
        <xmax>1311.0703564315838</xmax>
        <ymax>202.49997253417968</ymax>
    </bndbox>
</object><object>
    <name>black ball</name>
    <pose>Unspecified</pose>
    <truncated>0</truncated>
    <difficult>0</difficult>
    <bndbox>
        <xmin>1227.576404346298</xmin>
        <ymin>198.17998352050782</ymin>
        <xmax>1257.8069353327085</xmax>
        <ymax>235.6200164794922</ymax>
    </bndbox>
</object><object>
    <name>black ball</name>
    <pose>Unspecified</pose>
    <truncated>0</truncated>
    <difficult>0</difficult>
    <bndbox>
        <xmin>1038.99535789597</xmin>
        <ymin>201.05999450683595</ymin>
        <xmax>1074.9841114104968</xmax>
        <ymax>255.7799835205078</ymax>
    </bndbox>
</object><object>
    <name>red ball</name>
    <pose>Unspecified</pose>
    <truncated>0</truncated>
    <difficult>0</difficult>
    <bndbox>
        <xmin>985.7319367970947</xmin>
        <ymin>175.14000549316407</ymin>
        <xmax>1021.7206903116214</xmax>
        <ymax>214.0200164794922</ymax>
    </bndbox>
</object><object>
    <name>black ball</name>
    <pose>Unspecified</pose>
    <truncated>0</truncated>
    <difficult>0</difficult>
    <bndbox>
        <xmin>923.8313466494845</xmin>
        <ymin>196.74000549316406</ymin>
        <xmax>959.8201001640113</xmax>
        <ymax>241.3799835205078</ymax>
    </bndbox>
</object>
</annotation>