<?xml version='1.0' encoding='utf-8'?>
<annotation verified="yes">
    <folder>Annotation</folder>
    <filename>frame_7602.jpg</filename>
    <path>wxt2-PascalVOC-export/Annotations/frame_7602.jpg</path>
    <source>
        <database>Unknown</database>
    </source>
    <size>
        <width>1920</width>
        <height>1080</height>
        <depth>3</depth>
    </size>
    <segmented>0</segmented>
    <object>
    <name>black ball</name>
    <pose>Unspecified</pose>
    <truncated>0</truncated>
    <difficult>0</difficult>
    <bndbox>
        <xmin>949.7431832825679</xmin>
        <ymin>275.94000549316405</ymin>
        <xmax>1027.4789128397374</xmax>
        <ymax>363.7799835205078</ymax>
    </bndbox>
</object><object>
    <name>red ball</name>
    <pose>Unspecified</pose>
    <truncated>0</truncated>
    <difficult>0</difficult>
    <bndbox>
        <xmin>985.7319367970947</xmin>
        <ymin>379.6200164794922</ymin>
        <xmax>1073.5445832357077</xmax>
        <ymax>476.09997253417976</ymax>
    </bndbox>
</object><object>
    <name>black ball</name>
    <pose>Unspecified</pose>
    <truncated>0</truncated>
    <difficult>0</difficult>
    <bndbox>
        <xmin>952.6223494611058</xmin>
        <ymin>478.9799835205078</ymin>
        <xmax>1038.9953578959698</xmax>
        <ymax>595.6199615478515</ymax>
    </bndbox>
</object><object>
    <name>black ball</name>
    <pose>Unspecified</pose>
    <truncated>0</truncated>
    <difficult>0</difficult>
    <bndbox>
        <xmin>1203.1040958880037</xmin>
        <ymin>440.0999725341797</ymin>
        <xmax>1308.191190253046</xmax>
        <ymax>568.2599945068359</ymax>
    </bndbox>
</object><object>
    <name>black ball</name>
    <pose>Unspecified</pose>
    <truncated>0</truncated>
    <difficult>0</difficult>
    <bndbox>
        <xmin>1324.0262198336457</xmin>
        <ymin>333.5400054931641</ymin>
        <xmax>1416.1574507966259</xmax>
        <ymax>417.05999450683595</ymax>
    </bndbox>
</object><object>
    <name>black ball</name>
    <pose>Unspecified</pose>
    <truncated>0</truncated>
    <difficult>0</difficult>
    <bndbox>
        <xmin>1227.576404346298</xmin>
        <ymin>241.3799835205078</ymin>
        <xmax>1275.0816029170571</xmax>
        <ymax>309.05999450683595</ymax>
    </bndbox>
</object><object>
    <name>red ball</name>
    <pose>Unspecified</pose>
    <truncated>0</truncated>
    <difficult>0</difficult>
    <bndbox>
        <xmin>1125.368366330834</xmin>
        <ymin>235.6200164794922</ymin>
        <xmax>1185.829428303655</xmax>
        <ymax>310.4999725341797</ymax>
    </bndbox>
</object><object>
    <name>red ball</name>
    <pose>Unspecified</pose>
    <truncated>0</truncated>
    <difficult>0</difficult>
    <bndbox>
        <xmin>1020.2811621368322</xmin>
        <ymin>196.74000549316406</ymin>
        <xmax>1077.863167760075</xmax>
        <ymax>273.05999450683595</ymax>
    </bndbox>
</object><object>
    <name>red ball</name>
    <pose>Unspecified</pose>
    <truncated>0</truncated>
    <difficult>0</difficult>
    <bndbox>
        <xmin>1109.5333367502342</xmin>
        <ymin>330.659994506836</ymin>
        <xmax>1184.389900128866</xmax>
        <ymax>414.17998352050785</ymax>
    </bndbox>
</object><object>
    <name>red ball</name>
    <pose>Unspecified</pose>
    <truncated>0</truncated>
    <difficult>0</difficult>
    <bndbox>
        <xmin>1277.9606592666355</xmin>
        <ymin>277.37998352050784</ymin>
        <xmax>1367.2127240510779</xmax>
        <ymax>381.05999450683595</ymax>
    </bndbox>
</object>
</annotation>