<?xml version='1.0' encoding='utf-8'?>
<annotation verified="yes">
    <folder>Annotation</folder>
    <filename>frame_7556.jpg</filename>
    <path>wxt2-PascalVOC-export/Annotations/frame_7556.jpg</path>
    <source>
        <database>Unknown</database>
    </source>
    <size>
        <width>1920</width>
        <height>1080</height>
        <depth>3</depth>
    </size>
    <segmented>0</segmented>
    <object>
    <name>red ball</name>
    <pose>Unspecified</pose>
    <truncated>0</truncated>
    <difficult>0</difficult>
    <bndbox>
        <xmin>870.5679255506092</xmin>
        <ymin>574.0200164794923</ymin>
        <xmax>1007.3251889058107</xmax>
        <ymax>719.4600494384766</ymax>
    </bndbox>
</object><object>
    <name>red ball</name>
    <pose>Unspecified</pose>
    <truncated>0</truncated>
    <difficult>0</difficult>
    <bndbox>
        <xmin>1244.850962101687</xmin>
        <ymin>607.140005493164</ymin>
        <xmax>1365.7731958762886</xmax>
        <ymax>746.8199615478516</ymax>
    </bndbox>
</object><object>
    <name>red ball</name>
    <pose>Unspecified</pose>
    <truncated>0</truncated>
    <difficult>0</difficult>
    <bndbox>
        <xmin>1642.1667789362698</xmin>
        <ymin>633.0600494384765</ymin>
        <xmax>1812.0337394564197</xmax>
        <ymax>791.4600494384765</ymax>
    </bndbox>
</object><object>
    <name>black ball</name>
    <pose>Unspecified</pose>
    <truncated>0</truncated>
    <difficult>0</difficult>
    <bndbox>
        <xmin>1208.8622085871602</xmin>
        <ymin>428.5799835205078</ymin>
        <xmax>1321.1471634840675</xmax>
        <ymax>538.0200164794921</ymax>
    </bndbox>
</object><object>
    <name>red ball</name>
    <pose>Unspecified</pose>
    <truncated>0</truncated>
    <difficult>0</difficult>
    <bndbox>
        <xmin>969.8969072164948</xmin>
        <ymin>349.37998352050784</ymin>
        <xmax>1047.6326367736644</xmax>
        <ymax>437.2200164794922</ymax>
    </bndbox>
</object><object>
    <name>red ball</name>
    <pose>Unspecified</pose>
    <truncated>0</truncated>
    <difficult>0</difficult>
    <bndbox>
        <xmin>992.9296875</xmin>
        <ymin>445.85999450683596</ymin>
        <xmax>1080.742333938613</xmax>
        <ymax>555.2999725341797</ymax>
    </bndbox>
</object><object>
    <name>black ball</name>
    <pose>Unspecified</pose>
    <truncated>0</truncated>
    <difficult>0</difficult>
    <bndbox>
        <xmin>886.4030649601686</xmin>
        <ymin>309.05999450683595</ymin>
        <xmax>959.8201001640111</xmax>
        <ymax>392.5799835205078</ymax>
    </bndbox>
</object><object>
    <name>black ball</name>
    <pose>Unspecified</pose>
    <truncated>0</truncated>
    <difficult>0</difficult>
    <bndbox>
        <xmin>749.6458016049672</xmin>
        <ymin>363.7799835205078</ymin>
        <xmax>831.7001156865042</xmax>
        <ymax>463.14000549316404</ymax>
    </bndbox>
</object><object>
    <name>black ball</name>
    <pose>Unspecified</pose>
    <truncated>0</truncated>
    <difficult>0</difficult>
    <bndbox>
        <xmin>735.2503001991565</xmin>
        <ymin>504.8999725341797</ymin>
        <xmax>843.2165607427366</xmax>
        <ymax>635.9400054931641</ymax>
    </bndbox>
</object><object>
    <name>black ball</name>
    <pose>Unspecified</pose>
    <truncated>0</truncated>
    <difficult>0</difficult>
    <bndbox>
        <xmin>1158.477953666823</xmin>
        <ymin>746.8199615478516</ymin>
        <xmax>1282.2793536199626</xmax>
        <ymax>873.540005493164</ymax>
    </bndbox>
</object>
</annotation>