<?xml version='1.0' encoding='utf-8'?>
<annotation verified="yes">
    <folder>Annotation</folder>
    <filename>frame_9796.jpg</filename>
    <path>wxt2-PascalVOC-export/Annotations/frame_9796.jpg</path>
    <source>
        <database>Unknown</database>
    </source>
    <size>
        <width>1920</width>
        <height>1080</height>
        <depth>3</depth>
    </size>
    <segmented>0</segmented>
    <object>
    <name>blue ball</name>
    <pose>Unspecified</pose>
    <truncated>0</truncated>
    <difficult>0</difficult>
    <bndbox>
        <xmin>1238.1308411214952</xmin>
        <ymin>273.32830962712086</ymin>
        <xmax>1386.467399240654</xmax>
        <ymax>460.00973181050904</ymax>
    </bndbox>
</object><object>
    <name>blue ball</name>
    <pose>Unspecified</pose>
    <truncated>0</truncated>
    <difficult>0</difficult>
    <bndbox>
        <xmin>1008.4486346378504</xmin>
        <ymin>440.862935665902</ymin>
        <xmax>1247.7009710864486</xmax>
        <ymax>694.5582813041032</ymax>
    </bndbox>
</object><object>
    <name>blue ball</name>
    <pose>Unspecified</pose>
    <truncated>0</truncated>
    <difficult>0</difficult>
    <bndbox>
        <xmin>872.0747846086448</xmin>
        <ymin>256.5748287634176</ymin>
        <xmax>1032.3738682827102</xmax>
        <ymax>450.43628808864264</ymax>
    </bndbox>
</object><object>
    <name>blue ball</name>
    <pose>Unspecified</pose>
    <truncated>0</truncated>
    <difficult>0</difficult>
    <bndbox>
        <xmin>474.9159426109813</xmin>
        <ymin>390.6024930747922</ymin>
        <xmax>716.5607659170561</xmax>
        <ymax>570.1038781163435</ymax>
    </bndbox>
</object><object>
    <name>blue square</name>
    <pose>Unspecified</pose>
    <truncated>0</truncated>
    <difficult>0</difficult>
    <bndbox>
        <xmin>0</xmin>
        <ymin>91.43351800554017</ymin>
        <xmax>1896.0747663551401</xmax>
        <ymax>1060.740997229917</ymax>
    </bndbox>
</object><object>
    <name>black ball</name>
    <pose>Unspecified</pose>
    <truncated>0</truncated>
    <difficult>0</difficult>
    <bndbox>
        <xmin>0</xmin>
        <ymin>91.43351800554017</ymin>
        <xmax>1896.0747663551401</xmax>
        <ymax>1060.740997229917</ymax>
    </bndbox>
</object><object>
    <name>black ball</name>
    <pose>Unspecified</pose>
    <truncated>0</truncated>
    <difficult>0</difficult>
    <bndbox>
        <xmin>0</xmin>
        <ymin>91.43351800554017</ymin>
        <xmax>1896.0747663551401</xmax>
        <ymax>1060.740997229917</ymax>
    </bndbox>
</object>
</annotation>