<?xml version='1.0' encoding='utf-8'?>
<annotation verified="yes">
    <folder>Annotation</folder>
    <filename>frame_7528.jpg</filename>
    <path>wxt2-PascalVOC-export/Annotations/frame_7528.jpg</path>
    <source>
        <database>Unknown</database>
    </source>
    <size>
        <width>1920</width>
        <height>1080</height>
        <depth>3</depth>
    </size>
    <segmented>0</segmented>
    <object>
    <name>red ball</name>
    <pose>Unspecified</pose>
    <truncated>0</truncated>
    <difficult>0</difficult>
    <bndbox>
        <xmin>1144.0824522610121</xmin>
        <ymin>438.659994506836</ymin>
        <xmax>1265.0046860356138</xmax>
        <ymax>584.1000274658204</ymax>
    </bndbox>
</object><object>
    <name>red ball</name>
    <pose>Unspecified</pose>
    <truncated>0</truncated>
    <difficult>0</difficult>
    <bndbox>
        <xmin>938.2268480552952</xmin>
        <ymin>352.25999450683594</ymin>
        <xmax>1018.8416339620431</xmax>
        <ymax>463.14000549316404</ymax>
    </bndbox>
</object><object>
    <name>red ball</name>
    <pose>Unspecified</pose>
    <truncated>0</truncated>
    <difficult>0</difficult>
    <bndbox>
        <xmin>743.887579076851</xmin>
        <ymin>293.2200164794922</ymin>
        <xmax>854.7328959700094</xmax>
        <ymax>394.0200164794922</ymax>
    </bndbox>
</object><object>
    <name>black ball</name>
    <pose>Unspecified</pose>
    <truncated>0</truncated>
    <difficult>0</difficult>
    <bndbox>
        <xmin>769.7994157099344</xmin>
        <ymin>406.9799835205078</ymin>
        <xmax>869.12839737582</xmax>
        <ymax>500.5799835205078</ymax>
    </bndbox>
</object><object>
    <name>red ball</name>
    <pose>Unspecified</pose>
    <truncated>0</truncated>
    <difficult>0</difficult>
    <bndbox>
        <xmin>982.8528804475164</xmin>
        <ymin>257.2200164794922</ymin>
        <xmax>1037.555829721181</xmax>
        <ymax>324.8999725341797</ymax>
    </bndbox>
</object><object>
    <name>black ball</name>
    <pose>Unspecified</pose>
    <truncated>0</truncated>
    <difficult>0</difficult>
    <bndbox>
        <xmin>1131.1265888589503</xmin>
        <ymin>252.89997253417968</ymin>
        <xmax>1247.730128280225</xmax>
        <ymax>368.0999725341797</ymax>
    </bndbox>
</object>
</annotation>