<?xml version='1.0' encoding='utf-8'?>
<annotation verified="yes">
    <folder>Annotation</folder>
    <filename>frame_7534.jpg</filename>
    <path>wxt2-PascalVOC-export/Annotations/frame_7534.jpg</path>
    <source>
        <database>Unknown</database>
    </source>
    <size>
        <width>1920</width>
        <height>1080</height>
        <depth>3</depth>
    </size>
    <segmented>0</segmented>
    <object>
    <name>red ball</name>
    <pose>Unspecified</pose>
    <truncated>0</truncated>
    <difficult>0</difficult>
    <bndbox>
        <xmin>818.7441424554827</xmin>
        <ymin>383.94000549316405</ymin>
        <xmax>920.9521804709466</xmax>
        <ymax>477.5400054931641</ymax>
    </bndbox>
</object><object>
    <name>red ball</name>
    <pose>Unspecified</pose>
    <truncated>0</truncated>
    <difficult>0</difficult>
    <bndbox>
        <xmin>994.3693255037488</xmin>
        <ymin>451.6200164794922</ymin>
        <xmax>1076.4236395852859</xmax>
        <ymax>555.2999725341797</ymax>
    </bndbox>
</object><object>
    <name>red ball</name>
    <pose>Unspecified</pose>
    <truncated>0</truncated>
    <difficult>0</difficult>
    <bndbox>
        <xmin>1195.9063451850984</xmin>
        <ymin>527.9400054931641</ymin>
        <xmax>1309.630718427835</xmax>
        <ymax>676.2600494384766</ymax>
    </bndbox>
</object><object>
    <name>red ball</name>
    <pose>Unspecified</pose>
    <truncated>0</truncated>
    <difficult>0</difficult>
    <bndbox>
        <xmin>1037.5558297211808</xmin>
        <ymin>345.05999450683595</ymin>
        <xmax>1106.6541705716963</xmax>
        <ymax>418.49997253417973</ymax>
    </bndbox>
</object><object>
    <name>red ball</name>
    <pose>Unspecified</pose>
    <truncated>0</truncated>
    <difficult>0</difficult>
    <bndbox>
        <xmin>1132.5661170337394</xmin>
        <ymin>280.25999450683594</ymin>
        <xmax>1207.422680412371</xmax>
        <ymax>349.37998352050784</ymax>
    </bndbox>
</object><object>
    <name>black ball</name>
    <pose>Unspecified</pose>
    <truncated>0</truncated>
    <difficult>0</difficult>
    <bndbox>
        <xmin>990.0506311504217</xmin>
        <ymin>267.2999725341797</ymin>
        <xmax>1051.9513311269916</xmax>
        <ymax>343.62001647949216</ymax>
    </bndbox>
</object><object>
    <name>black ball</name>
    <pose>Unspecified</pose>
    <truncated>0</truncated>
    <difficult>0</difficult>
    <bndbox>
        <xmin>1197.3458733598875</xmin>
        <ymin>346.4999725341797</ymin>
        <xmax>1300.9934395501405</xmax>
        <ymax>454.4999725341797</ymax>
    </bndbox>
</object><object>
    <name>black ball</name>
    <pose>Unspecified</pose>
    <truncated>0</truncated>
    <difficult>0</difficult>
    <bndbox>
        <xmin>851.8538396204311</xmin>
        <ymin>478.9799835205078</ymin>
        <xmax>928.1499311738519</xmax>
        <ymax>579.7799835205078</ymax>
    </bndbox>
</object>
</annotation>