<?xml version='1.0' encoding='utf-8'?>
<annotation verified="yes">
    <folder>Annotation</folder>
    <filename>frame_7898.jpg</filename>
    <path>wxt2-PascalVOC-export/Annotations/frame_7898.jpg</path>
    <source>
        <database>Unknown</database>
    </source>
    <size>
        <width>1920</width>
        <height>1080</height>
        <depth>3</depth>
    </size>
    <segmented>0</segmented>
    <object>
    <name>black ball</name>
    <pose>Unspecified</pose>
    <truncated>0</truncated>
    <difficult>0</difficult>
    <bndbox>
        <xmin>445.3664959629187</xmin>
        <ymin>608.1658219318001</ymin>
        <xmax>499.75119617224885</xmax>
        <ymax>649.3087239168128</ymax>
    </bndbox>
</object><object>
    <name>red ball</name>
    <pose>Unspecified</pose>
    <truncated>0</truncated>
    <difficult>0</difficult>
    <bndbox>
        <xmin>327.77797921650716</xmin>
        <ymin>614.0433953732861</ymin>
        <xmax>390.9818518241627</xmax>
        <ymax>664.0026014678333</ymax>
    </bndbox>
</object><object>
    <name>black ball</name>
    <pose>Unspecified</pose>
    <truncated>0</truncated>
    <difficult>0</difficult>
    <bndbox>
        <xmin>235.17703349282297</xmin>
        <ymin>621.3903341487962</ymin>
        <xmax>277.8028932416268</xmax>
        <ymax>666.9413321358817</ymax>
    </bndbox>
</object><object>
    <name>red ball</name>
    <pose>Unspecified</pose>
    <truncated>0</truncated>
    <difficult>0</difficult>
    <bndbox>
        <xmin>191.08133971291866</xmin>
        <ymin>618.4514913753587</ymin>
        <xmax>242.5263157894737</xmax>
        <ymax>674.2882709113919</ymax>
    </bndbox>
</object><object>
    <name>red ball</name>
    <pose>Unspecified</pose>
    <truncated>0</truncated>
    <difficult>0</difficult>
    <bndbox>
        <xmin>133.75697144138755</xmin>
        <ymin>602.2882484903141</ymin>
        <xmax>182.26222338516746</xmax>
        <ymax>659.5943933603716</ymax>
    </bndbox>
</object><object>
    <name>red start</name>
    <pose>Unspecified</pose>
    <truncated>0</truncated>
    <difficult>0</difficult>
    <bndbox>
        <xmin>833.4086797248804</xmin>
        <ymin>619.920968814772</ymin>
        <xmax>1405.1827526913876</xmax>
        <ymax>683.1045750209263</ymax>
    </bndbox>
</object><object>
    <name>crossing</name>
    <pose>Unspecified</pose>
    <truncated>0</truncated>
    <difficult>0</difficult>
    <bndbox>
        <xmin>1294.9435182416269</xmin>
        <ymin>843.2678627481266</ymin>
        <xmax>1665.347413277512</xmax>
        <ymax>927.0229199467874</ymax>
    </bndbox>
</object>
</annotation>