<?xml version='1.0' encoding='utf-8'?>
<annotation verified="yes">
    <folder>Annotation</folder>
    <filename>frame_7896.jpg</filename>
    <path>wxt2-PascalVOC-export/Annotations/frame_7896.jpg</path>
    <source>
        <database>Unknown</database>
    </source>
    <size>
        <width>1920</width>
        <height>1080</height>
        <depth>3</depth>
    </size>
    <segmented>0</segmented>
    <object>
    <name>black ball</name>
    <pose>Unspecified</pose>
    <truncated>0</truncated>
    <difficult>0</difficult>
    <bndbox>
        <xmin>448.3062200956938</xmin>
        <ymin>612.5740300392619</ymin>
        <xmax>504.1608104066986</xmax>
        <ymax>649.3087239168128</ymax>
    </bndbox>
</object><object>
    <name>red ball</name>
    <pose>Unspecified</pose>
    <truncated>0</truncated>
    <difficult>0</difficult>
    <bndbox>
        <xmin>333.6574274820574</xmin>
        <ymin>614.0433953732861</ymin>
        <xmax>395.3914099880383</xmax>
        <ymax>666.9413321358818</ymax>
    </bndbox>
</object><object>
    <name>black ball</name>
    <pose>Unspecified</pose>
    <truncated>0</truncated>
    <difficult>0</difficult>
    <bndbox>
        <xmin>245.4660399222488</xmin>
        <ymin>625.798430150869</ymin>
        <xmax>293.9712918660287</xmax>
        <ymax>669.8800628039302</ymax>
    </bndbox>
</object><object>
    <name>red ball</name>
    <pose>Unspecified</pose>
    <truncated>0</truncated>
    <difficult>0</difficult>
    <bndbox>
        <xmin>198.4306220095694</xmin>
        <ymin>622.8596994828205</ymin>
        <xmax>246.9358739533493</xmax>
        <ymax>669.8800628039302</ymax>
    </bndbox>
</object><object>
    <name>red ball</name>
    <pose>Unspecified</pose>
    <truncated>0</truncated>
    <difficult>0</difficult>
    <bndbox>
        <xmin>141.10625373803828</xmin>
        <ymin>606.6964565977759</ymin>
        <xmax>191.08133971291866</xmax>
        <ymax>658.1250280263473</ymax>
    </bndbox>
</object><object>
    <name>red start</name>
    <pose>Unspecified</pose>
    <truncated>0</truncated>
    <difficult>0</difficult>
    <bndbox>
        <xmin>837.8181818181819</xmin>
        <ymin>621.3903341487962</ymin>
        <xmax>1405.1827526913876</xmax>
        <ymax>674.2882709113919</ymax>
    </bndbox>
</object><object>
    <name>crossing</name>
    <pose>Unspecified</pose>
    <truncated>0</truncated>
    <difficult>0</difficult>
    <bndbox>
        <xmin>1292.0038501794259</xmin>
        <ymin>835.9209239726164</ymin>
        <xmax>1672.6966955741627</xmax>
        <ymax>938.7780668297593</ymax>
    </bndbox>
</object>
</annotation>