<?xml version='1.0' encoding='utf-8'?>
<annotation verified="yes">
    <folder>Annotation</folder>
    <filename>frame_7566.jpg</filename>
    <path>wxt2-PascalVOC-export/Annotations/frame_7566.jpg</path>
    <source>
        <database>Unknown</database>
    </source>
    <size>
        <width>1920</width>
        <height>1080</height>
        <depth>3</depth>
    </size>
    <segmented>0</segmented>
    <object>
    <name>red ball</name>
    <pose>Unspecified</pose>
    <truncated>0</truncated>
    <difficult>0</difficult>
    <bndbox>
        <xmin>1093.6981973406748</xmin>
        <ymin>686.3400054931641</ymin>
        <xmax>1253.4883508083412</xmax>
        <ymax>870.6600494384766</ymax>
    </bndbox>
</object><object>
    <name>red ball</name>
    <pose>Unspecified</pose>
    <truncated>0</truncated>
    <difficult>0</difficult>
    <bndbox>
        <xmin>1431.9924803772258</xmin>
        <ymin>618.6600494384766</ymin>
        <xmax>1537.0797944001874</xmax>
        <ymax>748.2600494384766</ymax>
    </bndbox>
</object><object>
    <name>red ball</name>
    <pose>Unspecified</pose>
    <truncated>0</truncated>
    <difficult>0</difficult>
    <bndbox>
        <xmin>1037.5558297211808</xmin>
        <ymin>506.3400054931641</ymin>
        <xmax>1121.049671977507</xmax>
        <ymax>595.6199615478516</ymax>
    </bndbox>
</object><object>
    <name>red ball</name>
    <pose>Unspecified</pose>
    <truncated>0</truncated>
    <difficult>0</difficult>
    <bndbox>
        <xmin>909.4358452436738</xmin>
        <ymin>366.659994506836</ymin>
        <xmax>991.4901593252108</xmax>
        <ymax>470.3400054931641</ymax>
    </bndbox>
</object><object>
    <name>black ball</name>
    <pose>Unspecified</pose>
    <truncated>0</truncated>
    <difficult>0</difficult>
    <bndbox>
        <xmin>860.4911184981256</xmin>
        <ymin>643.140005493164</ymin>
        <xmax>964.1386846883787</xmax>
        <ymax>795.7799835205078</ymax>
    </bndbox>
</object><object>
    <name>black ball</name>
    <pose>Unspecified</pose>
    <truncated>0</truncated>
    <difficult>0</difficult>
    <bndbox>
        <xmin>1214.6204311152765</xmin>
        <ymin>415.6200164794922</ymin>
        <xmax>1316.8284691307404</xmax>
        <ymax>519.2999725341797</ymax>
    </bndbox>
</object><object>
    <name>black ball</name>
    <pose>Unspecified</pose>
    <truncated>0</truncated>
    <difficult>0</difficult>
    <bndbox>
        <xmin>1460.7835930178069</xmin>
        <ymin>787.140005493164</ymin>
        <xmax>1593.2221620196813</xmax>
        <ymax>922.5000274658203</ymax>
    </bndbox>
</object>
</annotation>