<?xml version='1.0' encoding='utf-8'?>
<annotation verified="yes">
    <folder>Annotation</folder>
    <filename>frame_7577.jpg</filename>
    <path>wxt2-PascalVOC-export/Annotations/frame_7577.jpg</path>
    <source>
        <database>Unknown</database>
    </source>
    <size>
        <width>1920</width>
        <height>1080</height>
        <depth>3</depth>
    </size>
    <segmented>0</segmented>
    <object>
    <name>black ball</name>
    <pose>Unspecified</pose>
    <truncated>0</truncated>
    <difficult>0</difficult>
    <bndbox>
        <xmin>633.0421523547329</xmin>
        <ymin>480.4200164794922</ymin>
        <xmax>749.6458016049672</xmax>
        <ymax>617.2199615478515</ymax>
    </bndbox>
</object><object>
    <name>black ball</name>
    <pose>Unspecified</pose>
    <truncated>0</truncated>
    <difficult>0</difficult>
    <bndbox>
        <xmin>709.3383537371134</xmin>
        <ymin>660.4199615478516</ymin>
        <xmax>834.5791720360825</xmax>
        <ymax>823.1400054931642</ymax>
    </bndbox>
</object><object>
    <name>red ball</name>
    <pose>Unspecified</pose>
    <truncated>0</truncated>
    <difficult>0</difficult>
    <bndbox>
        <xmin>861.9306466729147</xmin>
        <ymin>466.0200164794922</ymin>
        <xmax>969.8969072164948</xmax>
        <ymax>605.7000274658203</ymax>
    </bndbox>
</object><object>
    <name>red ball</name>
    <pose>Unspecified</pose>
    <truncated>0</truncated>
    <difficult>0</difficult>
    <bndbox>
        <xmin>1110.9728649250235</xmin>
        <ymin>563.9400054931641</ymin>
        <xmax>1218.9391254686036</xmax>
        <ymax>676.2600494384766</ymax>
    </bndbox>
</object><object>
    <name>red ball</name>
    <pose>Unspecified</pose>
    <truncated>0</truncated>
    <difficult>0</difficult>
    <bndbox>
        <xmin>1424.7947296743205</xmin>
        <ymin>705.0600494384765</ymin>
        <xmax>1626.3318591846298</xmax>
        <ymax>919.6199615478515</ymax>
    </bndbox>
</object><object>
    <name>red ball</name>
    <pose>Unspecified</pose>
    <truncated>0</truncated>
    <difficult>0</difficult>
    <bndbox>
        <xmin>1511.1678479381444</xmin>
        <ymin>525.059994506836</ymin>
        <xmax>1624.892221180881</xmax>
        <ymax>653.2199615478517</ymax>
    </bndbox>
</object><object>
    <name>red ball</name>
    <pose>Unspecified</pose>
    <truncated>0</truncated>
    <difficult>0</difficult>
    <bndbox>
        <xmin>1581.7057169634488</xmin>
        <ymin>398.3400054931641</ymin>
        <xmax>1699.7487845595126</xmax>
        <ymax>514.9799835205079</ymax>
    </bndbox>
</object><object>
    <name>black ball</name>
    <pose>Unspecified</pose>
    <truncated>0</truncated>
    <difficult>0</difficult>
    <bndbox>
        <xmin>1154.1593691424555</xmin>
        <ymin>402.659994506836</ymin>
        <xmax>1286.5979381443299</xmax>
        <ymax>530.8200164794922</ymax>
    </bndbox>
</object><object>
    <name>black ball</name>
    <pose>Unspecified</pose>
    <truncated>0</truncated>
    <difficult>0</difficult>
    <bndbox>
        <xmin>1223.2577099929708</xmin>
        <ymin>785.7000274658203</ymin>
        <xmax>1384.4873916354263</xmax>
        <ymax>980.1000274658203</ymax>
    </bndbox>
</object><object>
    <name>black ball</name>
    <pose>Unspecified</pose>
    <truncated>0</truncated>
    <difficult>0</difficult>
    <bndbox>
        <xmin>1663.760031044986</xmin>
        <ymin>653.2199615478515</ymin>
        <xmax>1806.2756267572634</xmax>
        <ymax>788.5799835205078</ymax>
    </bndbox>
</object>
</annotation>