<?xml version='1.0' encoding='utf-8'?>
<annotation verified="yes">
    <folder>Annotation</folder>
    <filename>frame_7519.jpg</filename>
    <path>wxt2-PascalVOC-export/Annotations/frame_7519.jpg</path>
    <source>
        <database>Unknown</database>
    </source>
    <size>
        <width>1920</width>
        <height>1080</height>
        <depth>3</depth>
    </size>
    <segmented>0</segmented>
    <object>
    <name>red ball</name>
    <pose>Unspecified</pose>
    <truncated>0</truncated>
    <difficult>0</difficult>
    <bndbox>
        <xmin>784.194917115745</xmin>
        <ymin>454.4999725341797</ymin>
        <xmax>916.6335959465791</xmax>
        <ymax>584.1000274658203</ymax>
    </bndbox>
</object><object>
    <name>black ball</name>
    <pose>Unspecified</pose>
    <truncated>0</truncated>
    <difficult>0</difficult>
    <bndbox>
        <xmin>918.0731241213683</xmin>
        <ymin>599.9400054931641</ymin>
        <xmax>1023.1603283153702</xmax>
        <ymax>715.1400054931642</ymax>
    </bndbox>
</object><object>
    <name>red ball</name>
    <pose>Unspecified</pose>
    <truncated>0</truncated>
    <difficult>0</difficult>
    <bndbox>
        <xmin>1095.1378353444236</xmin>
        <ymin>527.9400054931641</ymin>
        <xmax>1197.3458733598875</xmax>
        <ymax>658.9799835205079</ymax>
    </bndbox>
</object><object>
    <name>red ball</name>
    <pose>Unspecified</pose>
    <truncated>0</truncated>
    <difficult>0</difficult>
    <bndbox>
        <xmin>1447.8275099578257</xmin>
        <ymin>597.0600494384765</ymin>
        <xmax>1620.573526827554</xmax>
        <ymax>781.3799835205078</ymax>
    </bndbox>
</object><object>
    <name>black ball</name>
    <pose>Unspecified</pose>
    <truncated>0</truncated>
    <difficult>0</difficult>
    <bndbox>
        <xmin>1210.301846590909</xmin>
        <ymin>388.25999450683594</ymin>
        <xmax>1348.4986381208996</xmax>
        <ymax>500.5799835205078</ymax>
    </bndbox>
</object><object>
    <name>red ball</name>
    <pose>Unspecified</pose>
    <truncated>0</truncated>
    <difficult>0</difficult>
    <bndbox>
        <xmin>1011.6438832591377</xmin>
        <ymin>395.4599945068359</ymin>
        <xmax>1085.0609184629802</xmax>
        <ymax>483.2999725341797</ymax>
    </bndbox>
</object><object>
    <name>red ball</name>
    <pose>Unspecified</pose>
    <truncated>0</truncated>
    <difficult>0</difficult>
    <bndbox>
        <xmin>1063.4676663542643</xmin>
        <ymin>322.0200164794922</ymin>
        <xmax>1131.1265888589503</xmax>
        <ymax>398.3400054931641</ymax>
    </bndbox>
</object><object>
    <name>black ball</name>
    <pose>Unspecified</pose>
    <truncated>0</truncated>
    <difficult>0</difficult>
    <bndbox>
        <xmin>873.4470917291471</xmin>
        <ymin>313.37998352050784</ymin>
        <xmax>951.1828212863168</xmax>
        <ymax>394.0200164794922</ymax>
    </bndbox>
</object><object>
    <name>black ball</name>
    <pose>Unspecified</pose>
    <truncated>0</truncated>
    <difficult>0</difficult>
    <bndbox>
        <xmin>1038.99535789597</xmin>
        <ymin>287.4599945068359</ymin>
        <xmax>1085.0609184629805</xmax>
        <ymax>356.5799835205078</ymax>
    </bndbox>
</object>
</annotation>