<?xml version='1.0' encoding='utf-8'?>
<annotation verified="yes">
    <folder>Annotation</folder>
    <filename>frame_7511.jpg</filename>
    <path>wxt2-PascalVOC-export/Annotations/frame_7511.jpg</path>
    <source>
        <database>Unknown</database>
    </source>
    <size>
        <width>1920</width>
        <height>1080</height>
        <depth>3</depth>
    </size>
    <segmented>0</segmented>
    <object>
    <name>black ball</name>
    <pose>Unspecified</pose>
    <truncated>0</truncated>
    <difficult>0</difficult>
    <bndbox>
        <xmin>789.9531396438613</xmin>
        <ymin>509.2200164794922</ymin>
        <xmax>886.4030649601686</xmax>
        <ymax>631.6199615478515</ymax>
    </bndbox>
</object><object>
    <name>black ball</name>
    <pose>Unspecified</pose>
    <truncated>0</truncated>
    <difficult>0</difficult>
    <bndbox>
        <xmin>841.7769227389878</xmin>
        <ymin>386.8200164794922</ymin>
        <xmax>910.8753734184629</xmax>
        <ymax>476.0999725341797</ymax>
    </bndbox>
</object><object>
    <name>black ball</name>
    <pose>Unspecified</pose>
    <truncated>0</truncated>
    <difficult>0</difficult>
    <bndbox>
        <xmin>984.2924086223055</xmin>
        <ymin>343.6200164794922</ymin>
        <xmax>1043.3139424203373</xmax>
        <ymax>422.8200164794922</ymax>
    </bndbox>
</object><object>
    <name>red ball</name>
    <pose>Unspecified</pose>
    <truncated>0</truncated>
    <difficult>0</difficult>
    <bndbox>
        <xmin>1057.7094438261481</xmin>
        <ymin>370.9799835205078</ymin>
        <xmax>1125.368366330834</xmax>
        <ymax>476.0999725341797</ymax>
    </bndbox>
</object><object>
    <name>black ball</name>
    <pose>Unspecified</pose>
    <truncated>0</truncated>
    <difficult>0</difficult>
    <bndbox>
        <xmin>1279.4001874414246</xmin>
        <ymin>450.17998352050785</ymin>
        <xmax>1396.0037268626993</xmax>
        <ymax>574.0200164794923</ymax>
    </bndbox>
</object><object>
    <name>red ball</name>
    <pose>Unspecified</pose>
    <truncated>0</truncated>
    <difficult>0</difficult>
    <bndbox>
        <xmin>1046.1931085988754</xmin>
        <ymin>483.2999725341797</ymin>
        <xmax>1134.0056452085287</xmax>
        <ymax>562.4999725341797</ymax>
    </bndbox>
</object><object>
    <name>red ball</name>
    <pose>Unspecified</pose>
    <truncated>0</truncated>
    <difficult>0</difficult>
    <bndbox>
        <xmin>1285.1584099695408</xmin>
        <ymin>640.2600494384766</ymin>
        <xmax>1397.443364866448</xmax>
        <ymax>784.2600494384766</ymax>
    </bndbox>
</object><object>
    <name>red ball</name>
    <pose>Unspecified</pose>
    <truncated>0</truncated>
    <difficult>0</difficult>
    <bndbox>
        <xmin>1711.265229615745</xmin>
        <ymin>693.5400054931641</ymin>
        <xmax>1909.9231929475163</xmax>
        <ymax>877.8600494384766</ymax>
    </bndbox>
</object><object>
    <name>black ball</name>
    <pose>Unspecified</pose>
    <truncated>0</truncated>
    <difficult>0</difficult>
    <bndbox>
        <xmin>1128.2474226804125</xmin>
        <ymin>746.8199615478516</ymin>
        <xmax>1267.8838522141518</xmax>
        <ymax>899.4600494384765</ymax>
    </bndbox>
</object><object>
    <name>red ball</name>
    <pose>Unspecified</pose>
    <truncated>0</truncated>
    <difficult>0</difficult>
    <bndbox>
        <xmin>882.0843706068416</xmin>
        <ymin>572.5799835205079</ymin>
        <xmax>1024.5998564901593</xmax>
        <ymax>738.1799835205079</ymax>
    </bndbox>
</object>
</annotation>