<?xml version='1.0' encoding='utf-8'?>
<annotation verified="yes">
    <folder>Annotation</folder>
    <filename>frame_7941.jpg</filename>
    <path>wxt2-PascalVOC-export/Annotations/frame_7941.jpg</path>
    <source>
        <database>Unknown</database>
    </source>
    <size>
        <width>1920</width>
        <height>1080</height>
        <depth>3</depth>
    </size>
    <segmented>0</segmented>
    <object>
    <name>red start</name>
    <pose>Unspecified</pose>
    <truncated>0</truncated>
    <difficult>0</difficult>
    <bndbox>
        <xmin>776.0842553827752</xmin>
        <ymin>608.1658219318001</ymin>
        <xmax>1462.507177033493</xmax>
        <ymax>694.8597219038984</ymax>
    </bndbox>
</object><object>
    <name>black ball</name>
    <pose>Unspecified</pose>
    <truncated>0</truncated>
    <difficult>0</difficult>
    <bndbox>
        <xmin>267.51388681220095</xmin>
        <ymin>596.4106750488281</ymin>
        <xmax>333.6574274820574</xmax>
        <ymax>652.2474545848613</ymax>
    </bndbox>
</object><object>
    <name>red ball</name>
    <pose>Unspecified</pose>
    <truncated>0</truncated>
    <difficult>0</difficult>
    <bndbox>
        <xmin>102.88995215311004</xmin>
        <ymin>612.5740300392619</ymin>
        <xmax>188.14161558014354</xmax>
        <ymax>677.2270015794404</ymax>
    </bndbox>
</object><object>
    <name>red ball</name>
    <pose>Unspecified</pose>
    <truncated>0</truncated>
    <difficult>0</difficult>
    <bndbox>
        <xmin>8.819144363038278</xmin>
        <ymin>592.0025790467554</ymin>
        <xmax>64.67370663875599</xmax>
        <ymax>652.2474545848612</ymax>
    </bndbox>
</object>
</annotation>