<?xml version='1.0' encoding='utf-8'?>
<annotation verified="yes">
    <folder>Annotation</folder>
    <filename>frame_7630.jpg</filename>
    <path>wxt2-PascalVOC-export/Annotations/frame_7630.jpg</path>
    <source>
        <database>Unknown</database>
    </source>
    <size>
        <width>1920</width>
        <height>1080</height>
        <depth>3</depth>
    </size>
    <segmented>0</segmented>
    <object>
    <name>red ball</name>
    <pose>Unspecified</pose>
    <truncated>0</truncated>
    <difficult>0</difficult>
    <bndbox>
        <xmin>706.4592973875351</xmin>
        <ymin>496.25999450683594</ymin>
        <xmax>749.6458016049671</xmax>
        <ymax>552.4200164794922</ymax>
    </bndbox>
</object><object>
    <name>red ball</name>
    <pose>Unspecified</pose>
    <truncated>0</truncated>
    <difficult>0</difficult>
    <bndbox>
        <xmin>919.5126522961574</xmin>
        <ymin>503.4599945068359</ymin>
        <xmax>962.6991565135894</xmax>
        <ymax>562.4999725341797</ymax>
    </bndbox>
</object><object>
    <name>red ball</name>
    <pose>Unspecified</pose>
    <truncated>0</truncated>
    <difficult>0</difficult>
    <bndbox>
        <xmin>821.6233086340206</xmin>
        <ymin>510.659994506836</ymin>
        <xmax>863.3701748477039</xmax>
        <ymax>568.2599945068359</ymax>
    </bndbox>
</object><object>
    <name>red ball</name>
    <pose>Unspecified</pose>
    <truncated>0</truncated>
    <difficult>0</difficult>
    <bndbox>
        <xmin>795.7113621719775</xmin>
        <ymin>473.2200164794922</ymin>
        <xmax>846.0956170923149</xmax>
        <ymax>526.4999725341797</ymax>
    </bndbox>
</object><object>
    <name>black ball</name>
    <pose>Unspecified</pose>
    <truncated>0</truncated>
    <difficult>0</difficult>
    <bndbox>
        <xmin>738.1293565487348</xmin>
        <ymin>474.659994506836</ymin>
        <xmax>776.9971664128398</xmax>
        <ymax>517.859994506836</ymax>
    </bndbox>
</object><object>
    <name>black ball</name>
    <pose>Unspecified</pose>
    <truncated>0</truncated>
    <difficult>0</difficult>
    <bndbox>
        <xmin>1100.8959480435801</xmin>
        <ymin>467.4599945068359</ymin>
        <xmax>1146.9616184395502</xmax>
        <ymax>502.0200164794922</ymax>
    </bndbox>
</object><object>
    <name>black ball</name>
    <pose>Unspecified</pose>
    <truncated>0</truncated>
    <difficult>0</difficult>
    <bndbox>
        <xmin>1021.7206903116214</xmin>
        <ymin>477.5400054931641</ymin>
        <xmax>1082.181862113402</xmax>
        <ymax>520.7400054931641</ymax>
    </bndbox>
</object><object>
    <name>black ball</name>
    <pose>Unspecified</pose>
    <truncated>0</truncated>
    <difficult>0</difficult>
    <bndbox>
        <xmin>990.0506311504217</xmin>
        <ymin>502.0200164794922</ymin>
        <xmax>1041.8744142455482</xmax>
        <ymax>555.2999725341797</ymax>
    </bndbox>
</object><object>
    <name>black ball</name>
    <pose>Unspecified</pose>
    <truncated>0</truncated>
    <difficult>0</difficult>
    <bndbox>
        <xmin>952.6223494611058</xmin>
        <ymin>466.0200164794922</ymin>
        <xmax>995.8088536785378</xmax>
        <ymax>503.4599945068359</ymax>
    </bndbox>
</object>
</annotation>