<?xml version='1.0' encoding='utf-8'?>
<annotation verified="yes">
    <folder>Annotation</folder>
    <filename>frame_7436.jpg</filename>
    <path>wxt2-PascalVOC-export/Annotations/frame_7436.jpg</path>
    <source>
        <database>Unknown</database>
    </source>
    <size>
        <width>1920</width>
        <height>1080</height>
        <depth>3</depth>
    </size>
    <segmented>0</segmented>
    <object>
    <name>crossing</name>
    <pose>Unspecified</pose>
    <truncated>0</truncated>
    <difficult>0</difficult>
    <bndbox>
        <xmin>1295.2352170220242</xmin>
        <ymin>494.8200164794922</ymin>
        <xmax>1742.9352887769446</xmax>
        <ymax>732.4199615478516</ymax>
    </bndbox>
</object><object>
    <name>red ball</name>
    <pose>Unspecified</pose>
    <truncated>0</truncated>
    <difficult>0</difficult>
    <bndbox>
        <xmin>1655.1228619962512</xmin>
        <ymin>304.74000549316406</ymin>
        <xmax>1722.7816746719775</xmax>
        <ymax>366.6599945068359</ymax>
    </bndbox>
</object><object>
    <name>red ball</name>
    <pose>Unspecified</pose>
    <truncated>0</truncated>
    <difficult>0</difficult>
    <bndbox>
        <xmin>1862.4179943767572</xmin>
        <ymin>304.74000549316406</ymin>
        <xmax>1907.044136597938</xmax>
        <ymax>355.14000549316404</ymax>
    </bndbox>
</object><object>
    <name>red ball</name>
    <pose>Unspecified</pose>
    <truncated>0</truncated>
    <difficult>0</difficult>
    <bndbox>
        <xmin>1764.5285408856607</xmin>
        <ymin>301.85999450683596</ymin>
        <xmax>1797.6382380506093</xmax>
        <ymax>353.6999725341797</ymax>
    </bndbox>
</object><object>
    <name>black ball</name>
    <pose>Unspecified</pose>
    <truncated>0</truncated>
    <difficult>0</difficult>
    <bndbox>
        <xmin>1786.1217929943768</xmin>
        <ymin>327.7799835205078</ymin>
        <xmax>1827.8688788659795</xmax>
        <ymax>373.85999450683596</ymax>
    </bndbox>
</object><object>
    <name>black ball</name>
    <pose>Unspecified</pose>
    <truncated>0</truncated>
    <difficult>0</difficult>
    <bndbox>
        <xmin>1571.6289099109654</xmin>
        <ymin>297.5400054931641</ymin>
        <xmax>1616.2550521321461</xmax>
        <ymax>349.37998352050784</ymax>
    </bndbox>
</object><object>
    <name>red ball</name>
    <pose>Unspecified</pose>
    <truncated>0</truncated>
    <difficult>0</difficult>
    <bndbox>
        <xmin>1501.0910408856607</xmin>
        <ymin>268.74000549316406</ymin>
        <xmax>1539.9588507497656</xmax>
        <ymax>303.2999725341797</ymax>
    </bndbox>
</object><object>
    <name>black ball</name>
    <pose>Unspecified</pose>
    <truncated>0</truncated>
    <difficult>0</difficult>
    <bndbox>
        <xmin>1437.750702905342</xmin>
        <ymin>271.6200164794922</ymin>
        <xmax>1479.4977887769446</xmax>
        <ymax>323.459994506836</ymax>
    </bndbox>
</object>
</annotation>