<?xml version='1.0' encoding='utf-8'?>
<annotation verified="yes">
    <folder>Annotation</folder>
    <filename>frame_7531.jpg</filename>
    <path>wxt2-PascalVOC-export/Annotations/frame_7531.jpg</path>
    <source>
        <database>Unknown</database>
    </source>
    <size>
        <width>1920</width>
        <height>1080</height>
        <depth>3</depth>
    </size>
    <segmented>0</segmented>
    <object>
    <name>red ball</name>
    <pose>Unspecified</pose>
    <truncated>0</truncated>
    <difficult>0</difficult>
    <bndbox>
        <xmin>776.9971664128398</xmin>
        <ymin>248.57998352050782</ymin>
        <xmax>874.8866199039363</xmax>
        <ymax>343.6200164794922</ymax>
    </bndbox>
</object><object>
    <name>black ball</name>
    <pose>Unspecified</pose>
    <truncated>0</truncated>
    <difficult>0</difficult>
    <bndbox>
        <xmin>798.5904185215558</xmin>
        <ymin>349.37998352050784</ymin>
        <xmax>879.2053142572634</xmax>
        <ymax>442.97998352050786</ymax>
    </bndbox>
</object><object>
    <name>red ball</name>
    <pose>Unspecified</pose>
    <truncated>0</truncated>
    <difficult>0</difficult>
    <bndbox>
        <xmin>942.5454325796626</xmin>
        <ymin>310.4999725341797</ymin>
        <xmax>1020.2811621368322</xmax>
        <ymax>415.62001647949216</ymax>
    </bndbox>
</object><object>
    <name>red ball</name>
    <pose>Unspecified</pose>
    <truncated>0</truncated>
    <difficult>0</difficult>
    <bndbox>
        <xmin>1132.5661170337394</xmin>
        <ymin>391.1400054931641</ymin>
        <xmax>1246.2906001054357</xmax>
        <ymax>532.2599945068359</ymax>
    </bndbox>
</object><object>
    <name>red ball</name>
    <pose>Unspecified</pose>
    <truncated>0</truncated>
    <difficult>0</difficult>
    <bndbox>
        <xmin>1000.1274382029053</xmin>
        <ymin>214.0200164794922</ymin>
        <xmax>1057.7094438261481</xmax>
        <ymax>287.459994506836</ymax>
    </bndbox>
</object><object>
    <name>red ball</name>
    <pose>Unspecified</pose>
    <truncated>0</truncated>
    <difficult>0</difficult>
    <bndbox>
        <xmin>1099.456419868791</xmin>
        <ymin>149.2200164794922</ymin>
        <xmax>1161.3571198453608</xmax>
        <ymax>225.54000549316407</ymax>
    </bndbox>
</object><object>
    <name>black ball</name>
    <pose>Unspecified</pose>
    <truncated>0</truncated>
    <difficult>0</difficult>
    <bndbox>
        <xmin>954.061877635895</xmin>
        <ymin>130.4999725341797</ymin>
        <xmax>1013.0834114339269</xmax>
        <ymax>206.8200164794922</ymax>
    </bndbox>
</object><object>
    <name>black ball</name>
    <pose>Unspecified</pose>
    <truncated>0</truncated>
    <difficult>0</difficult>
    <bndbox>
        <xmin>1154.1593691424555</xmin>
        <ymin>225.54000549316407</ymin>
        <xmax>1260.6861015112465</xmax>
        <ymax>324.8999725341797</ymax>
    </bndbox>
</object>
</annotation>