<?xml version='1.0' encoding='utf-8'?>
<annotation verified="yes">
    <folder>Annotation</folder>
    <filename>frame_7568.jpg</filename>
    <path>wxt2-PascalVOC-export/Annotations/frame_7568.jpg</path>
    <source>
        <database>Unknown</database>
    </source>
    <size>
        <width>1920</width>
        <height>1080</height>
        <depth>3</depth>
    </size>
    <segmented>0</segmented>
    <object>
    <name>black ball</name>
    <pose>Unspecified</pose>
    <truncated>0</truncated>
    <difficult>0</difficult>
    <bndbox>
        <xmin>699.2615466846298</xmin>
        <ymin>630.1799835205078</ymin>
        <xmax>815.8650861059044</xmax>
        <ymax>792.9000274658204</ymax>
    </bndbox>
</object><object>
    <name>red ball</name>
    <pose>Unspecified</pose>
    <truncated>0</truncated>
    <difficult>0</difficult>
    <bndbox>
        <xmin>952.6223494611058</xmin>
        <ymin>644.5799835205079</ymin>
        <xmax>1102.335586047329</xmax>
        <ymax>815.9400054931641</ymax>
    </bndbox>
</object><object>
    <name>black ball</name>
    <pose>Unspecified</pose>
    <truncated>0</truncated>
    <difficult>0</difficult>
    <bndbox>
        <xmin>1286.5979381443299</xmin>
        <ymin>699.3000274658203</ymin>
        <xmax>1397.443364866448</xmax>
        <ymax>820.2600494384766</ymax>
    </bndbox>
</object><object>
    <name>red ball</name>
    <pose>Unspecified</pose>
    <truncated>0</truncated>
    <difficult>0</difficult>
    <bndbox>
        <xmin>1240.5323775773195</xmin>
        <ymin>545.2200164794922</ymin>
        <xmax>1336.9821930646672</xmax>
        <ymax>673.3799835205078</ymax>
    </bndbox>
</object>
</annotation>