<?xml version='1.0' encoding='utf-8'?>
<annotation verified="yes">
    <folder>Annotation</folder>
    <filename>frame_7938.jpg</filename>
    <path>wxt2-PascalVOC-export/Annotations/frame_7938.jpg</path>
    <source>
        <database>Unknown</database>
    </source>
    <size>
        <width>1920</width>
        <height>1080</height>
        <depth>3</depth>
    </size>
    <segmented>0</segmented>
    <object>
    <name>red start</name>
    <pose>Unspecified</pose>
    <truncated>0</truncated>
    <difficult>0</difficult>
    <bndbox>
        <xmin>789.312985944976</xmin>
        <ymin>600.8188831562899</ymin>
        <xmax>1493.3742523923445</xmax>
        <ymax>677.2270015794404</ymax>
    </bndbox>
</object><object>
    <name>crossing</name>
    <pose>Unspecified</pose>
    <truncated>0</truncated>
    <difficult>0</difficult>
    <bndbox>
        <xmin>1436.049715909091</xmin>
        <ymin>954.9413097148039</ymin>
        <xmax>1919.6326255980862</xmax>
        <ymax>1080</ymax>
    </bndbox>
</object><object>
    <name>black ball</name>
    <pose>Unspecified</pose>
    <truncated>0</truncated>
    <difficult>0</difficult>
    <bndbox>
        <xmin>302.79046426435406</xmin>
        <ymin>589.0637362733179</ymin>
        <xmax>370.403838965311</xmax>
        <ymax>646.3698811433753</ymax>
    </bndbox>
</object><object>
    <name>red ball</name>
    <pose>Unspecified</pose>
    <truncated>0</truncated>
    <difficult>0</difficult>
    <bndbox>
        <xmin>139.63636363636363</xmin>
        <ymin>605.2270912637516</ymin>
        <xmax>224.88802706339712</xmax>
        <ymax>672.8189055773677</ymax>
    </bndbox>
</object><object>
    <name>red ball</name>
    <pose>Unspecified</pose>
    <truncated>0</truncated>
    <difficult>0</difficult>
    <bndbox>
        <xmin>55.854534240430624</xmin>
        <ymin>586.1250056052695</ymin>
        <xmax>111.70912455143541</xmax>
        <ymax>644.9005158093512</ymax>
    </bndbox>
</object><object>
    <name>black ball</name>
    <pose>Unspecified</pose>
    <truncated>0</truncated>
    <difficult>0</difficult>
    <bndbox>
        <xmin>27.927295155502392</xmin>
        <ymin>619.920968814772</ymin>
        <xmax>88.19138755980862</xmax>
        <ymax>677.2270015794403</ymax>
    </bndbox>
</object><object>
    <name>red ball</name>
    <pose>Unspecified</pose>
    <truncated>0</truncated>
    <difficult>0</difficult>
    <bndbox>
        <xmin>0</xmin>
        <ymin>618.4514913753587</ymin>
        <xmax>33.80668735047847</xmax>
        <ymax>690.4515137964365</ymax>
    </bndbox>
</object>
</annotation>