<?xml version='1.0' encoding='utf-8'?>
<annotation verified="yes">
    <folder>Annotation</folder>
    <filename>frame_7616.jpg</filename>
    <path>wxt2-PascalVOC-export/Annotations/frame_7616.jpg</path>
    <source>
        <database>Unknown</database>
    </source>
    <size>
        <width>1920</width>
        <height>1080</height>
        <depth>3</depth>
    </size>
    <segmented>0</segmented>
    <object>
    <name>red ball</name>
    <pose>Unspecified</pose>
    <truncated>0</truncated>
    <difficult>0</difficult>
    <bndbox>
        <xmin>669.0309058692596</xmin>
        <ymin>339.2999725341797</ymin>
        <xmax>722.294326968135</xmax>
        <ymax>414.1799835205078</ymax>
    </bndbox>
</object><object>
    <name>red ball</name>
    <pose>Unspecified</pose>
    <truncated>0</truncated>
    <difficult>0</difficult>
    <bndbox>
        <xmin>801.4695847000937</xmin>
        <ymin>369.5400054931641</ymin>
        <xmax>867.6888692010309</xmax>
        <ymax>432.8999725341797</ymax>
    </bndbox>
</object><object>
    <name>red ball</name>
    <pose>Unspecified</pose>
    <truncated>0</truncated>
    <difficult>0</difficult>
    <bndbox>
        <xmin>902.2380945407685</xmin>
        <ymin>326.3400054931641</ymin>
        <xmax>952.622349461106</xmax>
        <ymax>382.49997253417973</ymax>
    </bndbox>
</object><object>
    <name>red ball</name>
    <pose>Unspecified</pose>
    <truncated>0</truncated>
    <difficult>0</difficult>
    <bndbox>
        <xmin>922.3918184746954</xmin>
        <ymin>358.0200164794922</ymin>
        <xmax>985.7319367970946</xmax>
        <ymax>422.8200164794922</ymax>
    </bndbox>
</object><object>
    <name>black ball</name>
    <pose>Unspecified</pose>
    <truncated>0</truncated>
    <difficult>0</difficult>
    <bndbox>
        <xmin>1171.4339268978445</xmin>
        <ymin>306.17998352050785</ymin>
        <xmax>1220.3786536433927</xmax>
        <ymax>355.1400054931641</ymax>
    </bndbox>
</object><object>
    <name>black ball</name>
    <pose>Unspecified</pose>
    <truncated>0</truncated>
    <difficult>0</difficult>
    <bndbox>
        <xmin>1064.9071945290534</xmin>
        <ymin>324.8999725341797</ymin>
        <xmax>1126.8078945056232</xmax>
        <ymax>375.2999725341797</ymax>
    </bndbox>
</object><object>
    <name>black ball</name>
    <pose>Unspecified</pose>
    <truncated>0</truncated>
    <difficult>0</difficult>
    <bndbox>
        <xmin>1020.2811621368322</xmin>
        <ymin>347.94000549316405</ymin>
        <xmax>1090.8191409910964</xmax>
        <ymax>428.5799835205078</ymax>
    </bndbox>
</object><object>
    <name>black ball</name>
    <pose>Unspecified</pose>
    <truncated>0</truncated>
    <difficult>0</difficult>
    <bndbox>
        <xmin>984.2924086223055</xmin>
        <ymin>301.85999450683596</ymin>
        <xmax>1031.7976071930646</xmax>
        <ymax>359.459994506836</ymax>
    </bndbox>
</object><object>
    <name>black ball</name>
    <pose>Unspecified</pose>
    <truncated>0</truncated>
    <difficult>0</difficult>
    <bndbox>
        <xmin>707.8988255623243</xmin>
        <ymin>316.25999450683594</ymin>
        <xmax>774.1181100632615</xmax>
        <ymax>372.4200164794922</ymax>
    </bndbox>
</object><object>
    <name>red ball</name>
    <pose>Unspecified</pose>
    <truncated>0</truncated>
    <difficult>0</difficult>
    <bndbox>
        <xmin>802.9091128748828</xmin>
        <ymin>317.6999725341797</ymin>
        <xmax>844.6560889175257</xmax>
        <ymax>375.29997253417974</ymax>
    </bndbox>
</object>
</annotation>