<?xml version='1.0' encoding='utf-8'?>
<annotation verified="yes">
    <folder>Annotation</folder>
    <filename>frame_7622.jpg</filename>
    <path>wxt2-PascalVOC-export/Annotations/frame_7622.jpg</path>
    <source>
        <database>Unknown</database>
    </source>
    <size>
        <width>1920</width>
        <height>1080</height>
        <depth>3</depth>
    </size>
    <segmented>0</segmented>
    <object>
    <name>red ball</name>
    <pose>Unspecified</pose>
    <truncated>0</truncated>
    <difficult>0</difficult>
    <bndbox>
        <xmin>640.2399030576382</xmin>
        <ymin>487.6200164794922</ymin>
        <xmax>692.0637959817244</xmax>
        <ymax>543.7799835205078</ymax>
    </bndbox>
</object><object>
    <name>black ball</name>
    <pose>Unspecified</pose>
    <truncated>0</truncated>
    <difficult>0</difficult>
    <bndbox>
        <xmin>681.9868791002812</xmin>
        <ymin>458.8200164794922</ymin>
        <xmax>728.0525494962511</xmax>
        <ymax>510.659994506836</ymax>
    </bndbox>
</object><object>
    <name>black ball</name>
    <pose>Unspecified</pose>
    <truncated>0</truncated>
    <difficult>0</difficult>
    <bndbox>
        <xmin>1095.1378353444236</xmin>
        <ymin>447.2999725341797</ymin>
        <xmax>1146.9616184395502</xmax>
        <ymax>494.8200164794922</ymax>
    </bndbox>
</object><object>
    <name>black ball</name>
    <pose>Unspecified</pose>
    <truncated>0</truncated>
    <difficult>0</difficult>
    <bndbox>
        <xmin>1005.8856607310215</xmin>
        <ymin>463.1400054931641</ymin>
        <xmax>1056.2699156513588</xmax>
        <ymax>507.77998352050787</ymax>
    </bndbox>
</object><object>
    <name>black ball</name>
    <pose>Unspecified</pose>
    <truncated>0</truncated>
    <difficult>0</difficult>
    <bndbox>
        <xmin>964.1386846883786</xmin>
        <ymin>494.8200164794922</ymin>
        <xmax>1023.1603283153702</xmax>
        <ymax>561.059994506836</ymax>
    </bndbox>
</object><object>
    <name>black ball</name>
    <pose>Unspecified</pose>
    <truncated>0</truncated>
    <difficult>0</difficult>
    <bndbox>
        <xmin>933.9081537019681</xmin>
        <ymin>445.85999450683596</ymin>
        <xmax>974.215601569822</xmax>
        <ymax>491.9400054931641</ymax>
    </bndbox>
</object><object>
    <name>red ball</name>
    <pose>Unspecified</pose>
    <truncated>0</truncated>
    <difficult>0</difficult>
    <bndbox>
        <xmin>880.6448424320524</xmin>
        <ymin>502.0200164794922</ymin>
        <xmax>931.0290973523898</xmax>
        <ymax>556.7400054931641</ymax>
    </bndbox>
</object><object>
    <name>red ball</name>
    <pose>Unspecified</pose>
    <truncated>0</truncated>
    <difficult>0</difficult>
    <bndbox>
        <xmin>853.2933677952202</xmin>
        <ymin>461.6999725341797</ymin>
        <xmax>896.4798720126522</xmax>
        <ymax>514.9799835205079</ymax>
    </bndbox>
</object><object>
    <name>red ball</name>
    <pose>Unspecified</pose>
    <truncated>0</truncated>
    <difficult>0</difficult>
    <bndbox>
        <xmin>751.0853297797563</xmin>
        <ymin>463.1400054931641</ymin>
        <xmax>804.348641049672</xmax>
        <ymax>513.5400054931641</ymax>
    </bndbox>
</object><object>
    <name>red ball</name>
    <pose>Unspecified</pose>
    <truncated>0</truncated>
    <difficult>0</difficult>
    <bndbox>
        <xmin>766.9203593603561</xmin>
        <ymin>514.9799835205079</ymin>
        <xmax>820.1836706302718</xmax>
        <ymax>585.5400054931641</ymax>
    </bndbox>
</object>
</annotation>