<?xml version='1.0' encoding='utf-8'?>
<annotation verified="yes">
    <folder>Annotation</folder>
    <filename>frame_7626.jpg</filename>
    <path>wxt2-PascalVOC-export/Annotations/frame_7626.jpg</path>
    <source>
        <database>Unknown</database>
    </source>
    <size>
        <width>1920</width>
        <height>1080</height>
        <depth>3</depth>
    </size>
    <segmented>0</segmented>
    <object>
    <name>red ball</name>
    <pose>Unspecified</pose>
    <truncated>0</truncated>
    <difficult>0</difficult>
    <bndbox>
        <xmin>683.4264072750702</xmin>
        <ymin>500.5799835205078</ymin>
        <xmax>730.9316058458294</xmax>
        <ymax>566.8200164794922</ymax>
    </bndbox>
</object><object>
    <name>black ball</name>
    <pose>Unspecified</pose>
    <truncated>0</truncated>
    <difficult>0</difficult>
    <bndbox>
        <xmin>1113.8519212746016</xmin>
        <ymin>474.659994506836</ymin>
        <xmax>1165.6757043697282</xmax>
        <ymax>525.059994506836</ymax>
    </bndbox>
</object><object>
    <name>black ball</name>
    <pose>Unspecified</pose>
    <truncated>0</truncated>
    <difficult>0</difficult>
    <bndbox>
        <xmin>1018.8416339620431</xmin>
        <ymin>490.4999725341797</ymin>
        <xmax>1080.742333938613</xmax>
        <ymax>533.6999725341797</ymax>
    </bndbox>
</object><object>
    <name>black ball</name>
    <pose>Unspecified</pose>
    <truncated>0</truncated>
    <difficult>0</difficult>
    <bndbox>
        <xmin>987.1715748008435</xmin>
        <ymin>519.2999725341797</ymin>
        <xmax>1040.4348860707591</xmax>
        <ymax>576.8999725341797</ymax>
    </bndbox>
</object><object>
    <name>black ball</name>
    <pose>Unspecified</pose>
    <truncated>0</truncated>
    <difficult>0</difficult>
    <bndbox>
        <xmin>955.5014058106841</xmin>
        <ymin>471.7799835205078</ymin>
        <xmax>990.0506311504217</xmax>
        <ymax>520.7400054931641</ymax>
    </bndbox>
</object><object>
    <name>red ball</name>
    <pose>Unspecified</pose>
    <truncated>0</truncated>
    <difficult>0</difficult>
    <bndbox>
        <xmin>907.9963170688848</xmin>
        <ymin>519.2999725341797</ymin>
        <xmax>962.6991565135895</xmax>
        <ymax>576.8999725341797</ymax>
    </bndbox>
</object><object>
    <name>red ball</name>
    <pose>Unspecified</pose>
    <truncated>0</truncated>
    <difficult>0</difficult>
    <bndbox>
        <xmin>880.6448424320524</xmin>
        <ymin>491.94000549316405</ymin>
        <xmax>926.7104029990627</xmax>
        <ymax>546.6599945068359</ymax>
    </bndbox>
</object><object>
    <name>red ball</name>
    <pose>Unspecified</pose>
    <truncated>0</truncated>
    <difficult>0</difficult>
    <bndbox>
        <xmin>798.5904185215558</xmin>
        <ymin>530.8200164794922</ymin>
        <xmax>850.4143114456419</xmax>
        <ymax>584.1000274658203</ymax>
    </bndbox>
</object><object>
    <name>red ball</name>
    <pose>Unspecified</pose>
    <truncated>0</truncated>
    <difficult>0</difficult>
    <bndbox>
        <xmin>784.194917115745</xmin>
        <ymin>483.2999725341797</ymin>
        <xmax>834.5791720360825</xmax>
        <ymax>535.140005493164</ymax>
    </bndbox>
</object><object>
    <name>black ball</name>
    <pose>Unspecified</pose>
    <truncated>0</truncated>
    <difficult>0</difficult>
    <bndbox>
        <xmin>715.0965762652296</xmin>
        <ymin>483.2999725341797</ymin>
        <xmax>759.7226086574508</xmax>
        <ymax>529.3799835205078</ymax>
    </bndbox>
</object>
</annotation>