<?xml version='1.0' encoding='utf-8'?>
<annotation verified="yes">
    <folder>Annotation</folder>
    <filename>frame_7594.jpg</filename>
    <path>wxt2-PascalVOC-export/Annotations/frame_7594.jpg</path>
    <source>
        <database>Unknown</database>
    </source>
    <size>
        <width>1920</width>
        <height>1080</height>
        <depth>3</depth>
    </size>
    <segmented>0</segmented>
    <object>
    <name>red ball</name>
    <pose>Unspecified</pose>
    <truncated>0</truncated>
    <difficult>0</difficult>
    <bndbox>
        <xmin>967.0178508669165</xmin>
        <ymin>417.05999450683595</ymin>
        <xmax>1089.3796128163074</xmax>
        <ymax>552.4200164794922</ymax>
    </bndbox>
</object><object>
    <name>red ball</name>
    <pose>Unspecified</pose>
    <truncated>0</truncated>
    <difficult>0</difficult>
    <bndbox>
        <xmin>1200.2249297094659</xmin>
        <ymin>372.4200164794922</ymin>
        <xmax>1289.477104322868</xmax>
        <ymax>464.5799835205078</ymax>
    </bndbox>
</object><object>
    <name>red ball</name>
    <pose>Unspecified</pose>
    <truncated>0</truncated>
    <difficult>0</difficult>
    <bndbox>
        <xmin>1311.0703564315838</xmin>
        <ymin>234.17998352050782</ymin>
        <xmax>1381.6082254568885</xmax>
        <ymax>329.2200164794922</ymax>
    </bndbox>
</object><object>
    <name>red ball</name>
    <pose>Unspecified</pose>
    <truncated>0</truncated>
    <difficult>0</difficult>
    <bndbox>
        <xmin>1200.2249297094659</xmin>
        <ymin>152.0999725341797</ymin>
        <xmax>1275.0816029170574</xmax>
        <ymax>247.1400054931641</ymax>
    </bndbox>
</object><object>
    <name>black ball</name>
    <pose>Unspecified</pose>
    <truncated>0</truncated>
    <difficult>0</difficult>
    <bndbox>
        <xmin>1056.269915651359</xmin>
        <ymin>267.2999725341797</ymin>
        <xmax>1148.4011466143393</xmax>
        <ymax>378.1799835205078</ymax>
    </bndbox>
</object><object>
    <name>black ball</name>
    <pose>Unspecified</pose>
    <truncated>0</truncated>
    <difficult>0</difficult>
    <bndbox>
        <xmin>1187.2689564784441</xmin>
        <ymin>579.7799835205078</ymin>
        <xmax>1326.9053860121835</xmax>
        <ymax>743.9400054931641</ymax>
    </bndbox>
</object><object>
    <name>black ball</name>
    <pose>Unspecified</pose>
    <truncated>0</truncated>
    <difficult>0</difficult>
    <bndbox>
        <xmin>843.2165607427366</xmin>
        <ymin>562.4999725341797</ymin>
        <xmax>961.2596283388004</xmax>
        <ymax>702.1799835205079</ymax>
    </bndbox>
</object>
</annotation>