<?xml version='1.0' encoding='utf-8'?>
<annotation verified="yes">
    <folder>Annotation</folder>
    <filename>frame_7590.jpg</filename>
    <path>wxt2-PascalVOC-export/Annotations/frame_7590.jpg</path>
    <source>
        <database>Unknown</database>
    </source>
    <size>
        <width>1920</width>
        <height>1080</height>
        <depth>3</depth>
    </size>
    <segmented>0</segmented>
    <object>
    <name>red ball</name>
    <pose>Unspecified</pose>
    <truncated>0</truncated>
    <difficult>0</difficult>
    <bndbox>
        <xmin>1692.5510338566073</xmin>
        <ymin>461.6999725341797</ymin>
        <xmax>1873.9344394329896</xmax>
        <ymax>604.2600494384766</ymax>
    </bndbox>
</object><object>
    <name>black ball</name>
    <pose>Unspecified</pose>
    <truncated>0</truncated>
    <difficult>0</difficult>
    <bndbox>
        <xmin>1673.837057755389</xmin>
        <ymin>602.8199615478516</ymin>
        <xmax>1850.9015493205247</xmax>
        <ymax>743.9400054931641</ymax>
    </bndbox>
</object><object>
    <name>black ball</name>
    <pose>Unspecified</pose>
    <truncated>0</truncated>
    <difficult>0</difficult>
    <bndbox>
        <xmin>1711.265229615745</xmin>
        <ymin>365.2200164794922</ymin>
        <xmax>1820.671128163074</xmax>
        <ymax>463.14000549316404</ymax>
    </bndbox>
</object><object>
    <name>red ball</name>
    <pose>Unspecified</pose>
    <truncated>0</truncated>
    <difficult>0</difficult>
    <bndbox>
        <xmin>1552.9147141518276</xmin>
        <ymin>317.6999725341797</ymin>
        <xmax>1637.8483042408623</xmax>
        <ymax>422.8200164794922</ymax>
    </bndbox>
</object><object>
    <name>red ball</name>
    <pose>Unspecified</pose>
    <truncated>0</truncated>
    <difficult>0</difficult>
    <bndbox>
        <xmin>1472.3000380740393</xmin>
        <ymin>206.82001647949218</ymin>
        <xmax>1557.2334085051546</xmax>
        <ymax>310.4999725341797</ymax>
    </bndbox>
</object><object>
    <name>black ball</name>
    <pose>Unspecified</pose>
    <truncated>0</truncated>
    <difficult>0</difficult>
    <bndbox>
        <xmin>1239.0928494025304</xmin>
        <ymin>303.2999725341797</ymin>
        <xmax>1339.8613592432052</xmax>
        <ymax>412.74000549316406</ymax>
    </bndbox>
</object><object>
    <name>red ball</name>
    <pose>Unspecified</pose>
    <truncated>0</truncated>
    <difficult>0</difficult>
    <bndbox>
        <xmin>1365.7731958762886</xmin>
        <ymin>450.17998352050785</ymin>
        <xmax>1455.025260660731</xmax>
        <ymax>555.2999725341797</ymax>
    </bndbox>
</object><object>
    <name>red ball</name>
    <pose>Unspecified</pose>
    <truncated>0</truncated>
    <difficult>0</difficult>
    <bndbox>
        <xmin>1073.5445832357075</xmin>
        <ymin>458.8200164794922</ymin>
        <xmax>1190.1481226569822</xmax>
        <ymax>592.7400054931641</ymax>
    </bndbox>
</object><object>
    <name>black ball</name>
    <pose>Unspecified</pose>
    <truncated>0</truncated>
    <difficult>0</difficult>
    <bndbox>
        <xmin>902.2380945407685</xmin>
        <ymin>569.6999725341797</ymin>
        <xmax>1010.2043550843487</xmax>
        <ymax>702.1799835205078</ymax>
    </bndbox>
</object><object>
    <name>black ball</name>
    <pose>Unspecified</pose>
    <truncated>0</truncated>
    <difficult>0</difficult>
    <bndbox>
        <xmin>1230.4554606958764</xmin>
        <ymin>667.6199615478516</ymin>
        <xmax>1384.4873916354265</xmax>
        <ymax>844.7400054931642</ymax>
    </bndbox>
</object>
</annotation>