<?xml version='1.0' encoding='utf-8'?>
<annotation verified="yes">
    <folder>Annotation</folder>
    <filename>frame_7916.jpg</filename>
    <path>wxt2-PascalVOC-export/Annotations/frame_7916.jpg</path>
    <source>
        <database>Unknown</database>
    </source>
    <size>
        <width>1920</width>
        <height>1080</height>
        <depth>3</depth>
    </size>
    <segmented>0</segmented>
    <object>
    <name>red start</name>
    <pose>Unspecified</pose>
    <truncated>0</truncated>
    <difficult>0</difficult>
    <bndbox>
        <xmin>692.3023699162679</xmin>
        <ymin>556.7372505032287</ymin>
        <xmax>1308.1722488038276</xmax>
        <ymax>611.1045525998486</ymax>
    </bndbox>
</object><object>
    <name>crossing</name>
    <pose>Unspecified</pose>
    <truncated>0</truncated>
    <difficult>0</difficult>
    <bndbox>
        <xmin>1284.6545678827752</xmin>
        <ymin>806.5331688705755</ymin>
        <xmax>1703.5637709330144</xmax>
        <ymax>946.1250056052694</ymax>
    </bndbox>
</object><object>
    <name>black ball</name>
    <pose>Unspecified</pose>
    <truncated>0</truncated>
    <difficult>0</difficult>
    <bndbox>
        <xmin>248.40576405502392</xmin>
        <ymin>552.3290984484614</ymin>
        <xmax>308.66985645933016</xmax>
        <ymax>602.2882484903141</ymax>
    </bndbox>
</object><object>
    <name>red ball</name>
    <pose>Unspecified</pose>
    <truncated>0</truncated>
    <difficult>0</difficult>
    <bndbox>
        <xmin>113.17895858253588</xmin>
        <ymin>559.6760372239717</ymin>
        <xmax>183.73205741626793</xmax>
        <ymax>616.9821260413346</ymax>
    </bndbox>
</object><object>
    <name>black ball</name>
    <pose>Unspecified</pose>
    <truncated>0</truncated>
    <difficult>0</difficult>
    <bndbox>
        <xmin>5.879420230263158</xmin>
        <ymin>564.0841892787389</ymin>
        <xmax>55.854534240430624</xmax>
        <ymax>621.3903341487963</ymax>
    </bndbox>
</object>
</annotation>