<?xml version='1.0' encoding='utf-8'?>
<annotation verified="yes">
    <folder>Annotation</folder>
    <filename>frame_7923.jpg</filename>
    <path>wxt2-PascalVOC-export/Annotations/frame_7923.jpg</path>
    <source>
        <database>Unknown</database>
    </source>
    <size>
        <width>1920</width>
        <height>1080</height>
        <depth>3</depth>
    </size>
    <segmented>0</segmented>
    <object>
    <name>red ball</name>
    <pose>Unspecified</pose>
    <truncated>0</truncated>
    <difficult>0</difficult>
    <bndbox>
        <xmin>1.46986206638756</xmin>
        <ymin>556.7372505032287</ymin>
        <xmax>45.56558388157895</xmax>
        <ymax>616.9821260413345</ymax>
    </bndbox>
</object><object>
    <name>red ball</name>
    <pose>Unspecified</pose>
    <truncated>0</truncated>
    <difficult>0</difficult>
    <bndbox>
        <xmin>64.67370663875599</xmin>
        <ymin>528.8188607352121</ymin>
        <xmax>113.1789585825359</xmax>
        <ymax>578.7780668297593</ymax>
    </bndbox>
</object><object>
    <name>black ball</name>
    <pose>Unspecified</pose>
    <truncated>0</truncated>
    <difficult>0</difficult>
    <bndbox>
        <xmin>45.565583881578945</xmin>
        <ymin>561.1454025579959</ymin>
        <xmax>97.01055995813397</xmax>
        <ymax>614.0433953732861</ymax>
    </bndbox>
</object><object>
    <name>black ball</name>
    <pose>Unspecified</pose>
    <truncated>0</truncated>
    <difficult>0</difficult>
    <bndbox>
        <xmin>293.9712918660287</xmin>
        <ymin>536.1657995107223</ymin>
        <xmax>358.64499850478467</xmax>
        <ymax>584.6556402712453</ymax>
    </bndbox>
</object><object>
    <name>red ball</name>
    <pose>Unspecified</pose>
    <truncated>0</truncated>
    <difficult>0</difficult>
    <bndbox>
        <xmin>154.33492822966508</xmin>
        <ymin>547.9208903409997</ymin>
        <xmax>229.2976412978469</xmax>
        <ymax>605.2270912637516</ymax>
    </bndbox>
</object><object>
    <name>red start</name>
    <pose>Unspecified</pose>
    <truncated>0</truncated>
    <difficult>0</difficult>
    <bndbox>
        <xmin>748.1569602272727</xmin>
        <ymin>543.5127382862324</ymin>
        <xmax>1375.7856235047848</xmax>
        <ymax>611.1045525998485</ymax>
    </bndbox>
</object><object>
    <name>crossing</name>
    <pose>Unspecified</pose>
    <truncated>0</truncated>
    <difficult>0</difficult>
    <bndbox>
        <xmin>1318.4613113038279</xmin>
        <ymin>841.7984974141024</ymin>
        <xmax>1772.646979665072</xmax>
        <ymax>975.5127607073102</ymax>
    </bndbox>
</object>
</annotation>