<?xml version='1.0' encoding='utf-8'?>
<annotation verified="yes">
    <folder>Annotation</folder>
    <filename>frame_7606.jpg</filename>
    <path>wxt2-PascalVOC-export/Annotations/frame_7606.jpg</path>
    <source>
        <database>Unknown</database>
    </source>
    <size>
        <width>1920</width>
        <height>1080</height>
        <depth>3</depth>
    </size>
    <segmented>0</segmented>
    <object>
    <name>black ball</name>
    <pose>Unspecified</pose>
    <truncated>0</truncated>
    <difficult>0</difficult>
    <bndbox>
        <xmin>974.215601569822</xmin>
        <ymin>411.2999725341797</ymin>
        <xmax>1050.5116931232428</xmax>
        <ymax>525.0599945068359</ymax>
    </bndbox>
</object><object>
    <name>black ball</name>
    <pose>Unspecified</pose>
    <truncated>0</truncated>
    <difficult>0</difficult>
    <bndbox>
        <xmin>1220.3786536433927</xmin>
        <ymin>381.05999450683595</ymin>
        <xmax>1312.509884606373</xmax>
        <ymax>504.8999725341797</ymax>
    </bndbox>
</object><object>
    <name>black ball</name>
    <pose>Unspecified</pose>
    <truncated>0</truncated>
    <difficult>0</difficult>
    <bndbox>
        <xmin>1345.6194719423618</xmin>
        <ymin>293.2200164794922</ymin>
        <xmax>1411.8388662722587</xmax>
        <ymax>376.74000549316406</ymax>
    </bndbox>
</object><object>
    <name>red ball</name>
    <pose>Unspecified</pose>
    <truncated>0</truncated>
    <difficult>0</difficult>
    <bndbox>
        <xmin>1295.2352170220242</xmin>
        <ymin>242.82001647949218</ymin>
        <xmax>1377.289640932521</xmax>
        <ymax>334.9799835205078</ymax>
    </bndbox>
</object><object>
    <name>black ball</name>
    <pose>Unspecified</pose>
    <truncated>0</truncated>
    <difficult>0</difficult>
    <bndbox>
        <xmin>1247.730128280225</xmin>
        <ymin>205.3799835205078</ymin>
        <xmax>1302.4329677249298</xmax>
        <ymax>268.74000549316406</ymax>
    </bndbox>
</object><object>
    <name>red ball</name>
    <pose>Unspecified</pose>
    <truncated>0</truncated>
    <difficult>0</difficult>
    <bndbox>
        <xmin>1146.9616184395502</xmin>
        <ymin>195.2999725341797</ymin>
        <xmax>1207.4226804123712</xmax>
        <ymax>275.94000549316405</ymax>
    </bndbox>
</object><object>
    <name>red ball</name>
    <pose>Unspecified</pose>
    <truncated>0</truncated>
    <difficult>0</difficult>
    <bndbox>
        <xmin>1046.1931085988754</xmin>
        <ymin>153.54000549316407</ymin>
        <xmax>1105.2146423969073</xmax>
        <ymax>232.74000549316406</ymax>
    </bndbox>
</object><object>
    <name>red ball</name>
    <pose>Unspecified</pose>
    <truncated>0</truncated>
    <difficult>0</difficult>
    <bndbox>
        <xmin>1131.1265888589503</xmin>
        <ymin>286.0200164794922</ymin>
        <xmax>1198.7854015346766</xmax>
        <ymax>362.3400054931641</ymax>
    </bndbox>
</object><object>
    <name>red ball</name>
    <pose>Unspecified</pose>
    <truncated>0</truncated>
    <difficult>0</difficult>
    <bndbox>
        <xmin>1011.6438832591377</xmin>
        <ymin>329.2200164794922</ymin>
        <xmax>1086.5004466377695</xmax>
        <ymax>422.8200164794922</ymax>
    </bndbox>
</object><object>
    <name>black ball</name>
    <pose>Unspecified</pose>
    <truncated>0</truncated>
    <difficult>0</difficult>
    <bndbox>
        <xmin>972.7760733950328</xmin>
        <ymin>226.97998352050783</ymin>
        <xmax>1060.588610004686</xmax>
        <ymax>320.5799835205078</ymax>
    </bndbox>
</object>
</annotation>