<?xml version='1.0' encoding='utf-8'?>
<annotation verified="yes">
    <folder>Annotation</folder>
    <filename>frame_7457.jpg</filename>
    <path>wxt2-PascalVOC-export/Annotations/frame_7457.jpg</path>
    <source>
        <database>Unknown</database>
    </source>
    <size>
        <width>1920</width>
        <height>1080</height>
        <depth>3</depth>
    </size>
    <segmented>0</segmented>
    <object>
    <name>crossing</name>
    <pose>Unspecified</pose>
    <truncated>0</truncated>
    <difficult>0</difficult>
    <bndbox>
        <xmin>175.2652186328491</xmin>
        <ymin>622.9799835205079</ymin>
        <xmax>916.6335959465791</xmax>
        <ymax>1049.2199615478517</ymax>
    </bndbox>
</object><object>
    <name>black ball</name>
    <pose>Unspecified</pose>
    <truncated>0</truncated>
    <difficult>0</difficult>
    <bndbox>
        <xmin>699.2615466846298</xmin>
        <ymin>178.0200164794922</ymin>
        <xmax>752.5248579545455</xmax>
        <ymax>237.05999450683595</ymax>
    </bndbox>
</object><object>
    <name>black ball</name>
    <pose>Unspecified</pose>
    <truncated>0</truncated>
    <difficult>0</difficult>
    <bndbox>
        <xmin>841.7769227389878</xmin>
        <ymin>198.17998352050782</ymin>
        <xmax>889.2821213097469</xmax>
        <ymax>251.45999450683595</ymax>
    </bndbox>
</object><object>
    <name>black ball</name>
    <pose>Unspecified</pose>
    <truncated>0</truncated>
    <difficult>0</difficult>
    <bndbox>
        <xmin>1050.5116931232428</xmin>
        <ymin>193.85999450683593</ymin>
        <xmax>1087.9400846415183</xmax>
        <ymax>242.82001647949218</ymax>
    </bndbox>
</object><object>
    <name>red ball</name>
    <pose>Unspecified</pose>
    <truncated>0</truncated>
    <difficult>0</difficult>
    <bndbox>
        <xmin>1118.1706156279288</xmin>
        <ymin>156.4200164794922</ymin>
        <xmax>1149.8406747891283</xmax>
        <ymax>206.8200164794922</ymax>
    </bndbox>
</object><object>
    <name>red ball</name>
    <pose>Unspecified</pose>
    <truncated>0</truncated>
    <difficult>0</difficult>
    <bndbox>
        <xmin>923.8313466494845</xmin>
        <ymin>189.54000549316407</ymin>
        <xmax>985.7319367970947</xmax>
        <ymax>244.25999450683594</ymax>
    </bndbox>
</object><object>
    <name>red ball</name>
    <pose>Unspecified</pose>
    <truncated>0</truncated>
    <difficult>0</difficult>
    <bndbox>
        <xmin>789.9531396438613</xmin>
        <ymin>159.2999725341797</ymin>
        <xmax>833.1396438612933</xmax>
        <ymax>206.82001647949218</ymax>
    </bndbox>
</object>
</annotation>