<?xml version='1.0' encoding='utf-8'?>
<annotation verified="yes">
    <folder>Annotation</folder>
    <filename>frame_7888.jpg</filename>
    <path>wxt2-PascalVOC-export/Annotations/frame_7888.jpg</path>
    <source>
        <database>Unknown</database>
    </source>
    <size>
        <width>1920</width>
        <height>1080</height>
        <depth>3</depth>
    </size>
    <segmented>0</segmented>
    <object>
    <name>red start</name>
    <pose>Unspecified</pose>
    <truncated>0</truncated>
    <difficult>0</difficult>
    <bndbox>
        <xmin>872.0075635543581</xmin>
        <ymin>598.5000274658204</ymin>
        <xmax>1416.157450796626</xmax>
        <ymax>658.9799835205079</ymax>
    </bndbox>
</object><object>
    <name>crossing</name>
    <pose>Unspecified</pose>
    <truncated>0</truncated>
    <difficult>0</difficult>
    <bndbox>
        <xmin>1283.7188817947517</xmin>
        <ymin>813.0600494384765</ymin>
        <xmax>1640.7273605904406</xmax>
        <ymax>908.1000274658203</ymax>
    </bndbox>
</object><object>
    <name>black ball</name>
    <pose>Unspecified</pose>
    <truncated>0</truncated>
    <difficult>0</difficult>
    <bndbox>
        <xmin>487.6476101218369</xmin>
        <ymin>576.8999725341797</ymin>
        <xmax>550.9878382731958</xmax>
        <ymax>617.2199615478515</ymax>
    </bndbox>
</object><object>
    <name>red ball</name>
    <pose>Unspecified</pose>
    <truncated>0</truncated>
    <difficult>0</difficult>
    <bndbox>
        <xmin>378.24182140346767</xmin>
        <ymin>579.7799835205078</ymin>
        <xmax>441.58199464034675</xmax>
        <ymax>633.0600494384765</ymax>
    </bndbox>
</object><object>
    <name>black ball</name>
    <pose>Unspecified</pose>
    <truncated>0</truncated>
    <difficult>0</difficult>
    <bndbox>
        <xmin>294.74792423266166</xmin>
        <ymin>584.1000274658203</ymin>
        <xmax>335.0553171860356</xmax>
        <ymax>631.6199615478515</ymax>
    </bndbox>
</object><object>
    <name>red ball</name>
    <pose>Unspecified</pose>
    <truncated>0</truncated>
    <difficult>0</difficult>
    <bndbox>
        <xmin>250.12183692596062</xmin>
        <ymin>582.6600494384766</ymin>
        <xmax>293.3083411433927</xmax>
        <ymax>635.9400054931641</ymax>
    </bndbox>
</object><object>
    <name>red ball</name>
    <pose>Unspecified</pose>
    <truncated>0</truncated>
    <difficult>0</difficult>
    <bndbox>
        <xmin>192.5398313027179</xmin>
        <ymin>571.140005493164</ymin>
        <xmax>241.48455804826614</xmax>
        <ymax>622.9799835205077</ymax>
    </bndbox>
</object>
</annotation>