<?xml version='1.0' encoding='utf-8'?>
<annotation verified="yes">
    <folder>Annotation</folder>
    <filename>frame_7597.jpg</filename>
    <path>wxt2-PascalVOC-export/Annotations/frame_7597.jpg</path>
    <source>
        <database>Unknown</database>
    </source>
    <size>
        <width>1920</width>
        <height>1080</height>
        <depth>3</depth>
    </size>
    <segmented>0</segmented>
    <object>
    <name>black ball</name>
    <pose>Unspecified</pose>
    <truncated>0</truncated>
    <difficult>0</difficult>
    <bndbox>
        <xmin>974.215601569822</xmin>
        <ymin>463.1400054931641</ymin>
        <xmax>1087.9400846415183</xmax>
        <ymax>598.5000274658204</ymax>
    </bndbox>
</object><object>
    <name>black ball</name>
    <pose>Unspecified</pose>
    <truncated>0</truncated>
    <difficult>0</difficult>
    <bndbox>
        <xmin>1276.5211310918462</xmin>
        <ymin>441.5400054931641</ymin>
        <xmax>1408.9597000937206</xmax>
        <ymax>591.3000274658203</ymax>
    </bndbox>
</object><object>
    <name>black ball</name>
    <pose>Unspecified</pose>
    <truncated>0</truncated>
    <difficult>0</difficult>
    <bndbox>
        <xmin>1059.1490818298969</xmin>
        <ymin>215.45999450683595</ymin>
        <xmax>1145.522090264761</xmax>
        <ymax>311.9400054931641</ymax>
    </bndbox>
</object><object>
    <name>red ball</name>
    <pose>Unspecified</pose>
    <truncated>0</truncated>
    <difficult>0</difficult>
    <bndbox>
        <xmin>1046.1931085988754</xmin>
        <ymin>342.17998352050785</ymin>
        <xmax>1145.5220902647611</xmax>
        <ymax>458.8200164794922</ymax>
    </bndbox>
</object><object>
    <name>red ball</name>
    <pose>Unspecified</pose>
    <truncated>0</truncated>
    <difficult>0</difficult>
    <bndbox>
        <xmin>1221.8181818181818</xmin>
        <ymin>277.37998352050784</ymin>
        <xmax>1300.9934395501405</xmax>
        <ymax>378.17998352050785</ymax>
    </bndbox>
</object><object>
    <name>red ball</name>
    <pose>Unspecified</pose>
    <truncated>0</truncated>
    <difficult>0</difficult>
    <bndbox>
        <xmin>1267.8838522141518</xmin>
        <ymin>163.6200164794922</ymin>
        <xmax>1339.8613592432052</xmax>
        <ymax>250.0200164794922</ymax>
    </bndbox>
</object><object>
    <name>red ball</name>
    <pose>Unspecified</pose>
    <truncated>0</truncated>
    <difficult>0</difficult>
    <bndbox>
        <xmin>1159.9175916705717</xmin>
        <ymin>107.45999450683594</ymin>
        <xmax>1220.3786536433927</xmax>
        <ymax>189.54000549316407</ymax>
    </bndbox>
</object><object>
    <name>red ball</name>
    <pose>Unspecified</pose>
    <truncated>0</truncated>
    <difficult>0</difficult>
    <bndbox>
        <xmin>1431.9924803772258</xmin>
        <ymin>224.0999725341797</ymin>
        <xmax>1552.9147141518274</xmax>
        <ymax>329.2200164794922</ymax>
    </bndbox>
</object><object>
    <name>black ball</name>
    <pose>Unspecified</pose>
    <truncated>0</truncated>
    <difficult>0</difficult>
    <bndbox>
        <xmin>1387.3664479850047</xmin>
        <ymin>172.25999450683594</ymin>
        <xmax>1463.6626493673853</xmax>
        <ymax>241.37998352050784</ymax>
    </bndbox>
</object><object>
    <name>black ball</name>
    <pose>Unspecified</pose>
    <truncated>0</truncated>
    <difficult>0</difficult>
    <bndbox>
        <xmin>1488.1349578256795</xmin>
        <ymin>296.0999725341797</ymin>
        <xmax>1584.5847733130272</xmax>
        <ymax>408.42001647949223</ymax>
    </bndbox>
</object>
</annotation>