<?xml version='1.0' encoding='utf-8'?>
<annotation verified="yes">
    <folder>Annotation</folder>
    <filename>frame_7553.jpg</filename>
    <path>wxt2-PascalVOC-export/Annotations/frame_7553.jpg</path>
    <source>
        <database>Unknown</database>
    </source>
    <size>
        <width>1920</width>
        <height>1080</height>
        <depth>3</depth>
    </size>
    <segmented>0</segmented>
    <object>
    <name>black ball</name>
    <pose>Unspecified</pose>
    <truncated>0</truncated>
    <difficult>0</difficult>
    <bndbox>
        <xmin>719.4151607895969</xmin>
        <ymin>422.8200164794922</ymin>
        <xmax>791.3926678186504</xmax>
        <ymax>509.2200164794922</ymax>
    </bndbox>
</object><object>
    <name>black ball</name>
    <pose>Unspecified</pose>
    <truncated>0</truncated>
    <difficult>0</difficult>
    <bndbox>
        <xmin>854.7328959700094</xmin>
        <ymin>373.85999450683596</ymin>
        <xmax>913.7544297680413</xmax>
        <ymax>445.85999450683596</ymax>
    </bndbox>
</object><object>
    <name>black ball</name>
    <pose>Unspecified</pose>
    <truncated>0</truncated>
    <difficult>0</difficult>
    <bndbox>
        <xmin>1129.6869508552015</xmin>
        <ymin>484.74000549316406</ymin>
        <xmax>1220.3786536433927</xmax>
        <ymax>612.9000274658204</ymax>
    </bndbox>
</object><object>
    <name>black ball</name>
    <pose>Unspecified</pose>
    <truncated>0</truncated>
    <difficult>0</difficult>
    <bndbox>
        <xmin>997.248381853327</xmin>
        <ymin>771.3000274658203</ymin>
        <xmax>1108.0936987464854</xmax>
        <ymax>893.7000274658203</ymax>
    </bndbox>
</object><object>
    <name>black ball</name>
    <pose>Unspecified</pose>
    <truncated>0</truncated>
    <difficult>0</difficult>
    <bndbox>
        <xmin>674.7891283973759</xmin>
        <ymin>558.1799835205078</ymin>
        <xmax>766.9203593603562</xmax>
        <ymax>671.940005493164</ymax>
    </bndbox>
</object><object>
    <name>red ball</name>
    <pose>Unspecified</pose>
    <truncated>0</truncated>
    <difficult>0</difficult>
    <bndbox>
        <xmin>768.3598875351453</xmin>
        <ymin>615.7799835205078</ymin>
        <xmax>892.1611776593252</xmax>
        <ymax>769.8600494384766</ymax>
    </bndbox>
</object><object>
    <name>red ball</name>
    <pose>Unspecified</pose>
    <truncated>0</truncated>
    <difficult>0</difficult>
    <bndbox>
        <xmin>920.9521804709466</xmin>
        <ymin>514.9799835205079</ymin>
        <xmax>991.4901593252109</xmax>
        <ymax>601.3799835205078</ymax>
    </bndbox>
</object><object>
    <name>red ball</name>
    <pose>Unspecified</pose>
    <truncated>0</truncated>
    <difficult>0</difficult>
    <bndbox>
        <xmin>922.3918184746954</xmin>
        <ymin>422.8200164794922</ymin>
        <xmax>982.8528804475163</xmax>
        <ymax>500.5799835205078</ymax>
    </bndbox>
</object><object>
    <name>red ball</name>
    <pose>Unspecified</pose>
    <truncated>0</truncated>
    <difficult>0</difficult>
    <bndbox>
        <xmin>1116.7310874531397</xmin>
        <ymin>660.4199615478516</ymin>
        <xmax>1216.0599592900658</xmax>
        <ymax>782.8199615478516</ymax>
    </bndbox>
</object><object>
    <name>red ball</name>
    <pose>Unspecified</pose>
    <truncated>0</truncated>
    <difficult>0</difficult>
    <bndbox>
        <xmin>1465.102287371134</xmin>
        <ymin>667.6199615478516</ymin>
        <xmax>1598.9802747188378</xmax>
        <ymax>860.5799835205079</ymax>
    </bndbox>
</object>
</annotation>