<?xml version='1.0' encoding='utf-8'?>
<annotation verified="yes">
    <folder>Annotation</folder>
    <filename>frame_7533.jpg</filename>
    <path>wxt2-PascalVOC-export/Annotations/frame_7533.jpg</path>
    <source>
        <database>Unknown</database>
    </source>
    <size>
        <width>1920</width>
        <height>1080</height>
        <depth>3</depth>
    </size>
    <segmented>0</segmented>
    <object>
    <name>red ball</name>
    <pose>Unspecified</pose>
    <truncated>0</truncated>
    <difficult>0</difficult>
    <bndbox>
        <xmin>1178.6316776007498</xmin>
        <ymin>548.0999725341798</ymin>
        <xmax>1292.356160672446</xmax>
        <ymax>687.7799835205079</ymax>
    </bndbox>
</object><object>
    <name>red ball</name>
    <pose>Unspecified</pose>
    <truncated>0</truncated>
    <difficult>0</difficult>
    <bndbox>
        <xmin>997.248381853327</xmin>
        <ymin>444.4200164794922</ymin>
        <xmax>1074.9841114104966</xmax>
        <ymax>545.2200164794922</ymax>
    </bndbox>
</object><object>
    <name>black ball</name>
    <pose>Unspecified</pose>
    <truncated>0</truncated>
    <difficult>0</difficult>
    <bndbox>
        <xmin>853.2933677952202</xmin>
        <ymin>473.2200164794922</ymin>
        <xmax>929.5895691776007</xmax>
        <ymax>569.6999725341797</ymax>
    </bndbox>
</object><object>
    <name>red ball</name>
    <pose>Unspecified</pose>
    <truncated>0</truncated>
    <difficult>0</difficult>
    <bndbox>
        <xmin>841.7769227389878</xmin>
        <ymin>368.0999725341797</ymin>
        <xmax>936.7873198805061</xmax>
        <ymax>468.8999725341797</ymax>
    </bndbox>
</object><object>
    <name>black ball</name>
    <pose>Unspecified</pose>
    <truncated>0</truncated>
    <difficult>0</difficult>
    <bndbox>
        <xmin>1201.664457884255</xmin>
        <ymin>358.0200164794922</ymin>
        <xmax>1322.5866916588566</xmax>
        <ymax>455.9400054931641</ymax>
    </bndbox>
</object><object>
    <name>red ball</name>
    <pose>Unspecified</pose>
    <truncated>0</truncated>
    <difficult>0</difficult>
    <bndbox>
        <xmin>1059.1490818298969</xmin>
        <ymin>336.4200164794922</ymin>
        <xmax>1138.3243395618556</xmax>
        <ymax>406.9799835205078</ymax>
    </bndbox>
</object><object>
    <name>black ball</name>
    <pose>Unspecified</pose>
    <truncated>0</truncated>
    <difficult>0</difficult>
    <bndbox>
        <xmin>1023.1603283153702</xmin>
        <ymin>241.3799835205078</ymin>
        <xmax>1077.863167760075</xmax>
        <ymax>327.7799835205078</ymax>
    </bndbox>
</object>
</annotation>