<?xml version='1.0' encoding='utf-8'?>
<annotation verified="yes">
    <folder>Annotation</folder>
    <filename>frame_7508.jpg</filename>
    <path>wxt2-PascalVOC-export/Annotations/frame_7508.jpg</path>
    <source>
        <database>Unknown</database>
    </source>
    <size>
        <width>1920</width>
        <height>1080</height>
        <depth>3</depth>
    </size>
    <segmented>0</segmented>
    <object>
    <name>red ball</name>
    <pose>Unspecified</pose>
    <truncated>0</truncated>
    <difficult>0</difficult>
    <bndbox>
        <xmin>945.4245987582005</xmin>
        <ymin>513.5400054931641</ymin>
        <xmax>1082.181862113402</xmax>
        <ymax>676.2600494384767</ymax>
    </bndbox>
</object><object>
    <name>red ball</name>
    <pose>Unspecified</pose>
    <truncated>0</truncated>
    <difficult>0</difficult>
    <bndbox>
        <xmin>1378.72916910731</xmin>
        <ymin>525.059994506836</ymin>
        <xmax>1493.8932901827552</xmax>
        <ymax>700.7400054931642</ymax>
    </bndbox>
</object><object>
    <name>black ball</name>
    <pose>Unspecified</pose>
    <truncated>0</truncated>
    <difficult>0</difficult>
    <bndbox>
        <xmin>1256.3674071579194</xmin>
        <ymin>674.8199615478516</ymin>
        <xmax>1419.036616975164</xmax>
        <ymax>850.5000274658203</ymax>
    </bndbox>
</object><object>
    <name>black ball</name>
    <pose>Unspecified</pose>
    <truncated>0</truncated>
    <difficult>0</difficult>
    <bndbox>
        <xmin>1316.8284691307404</xmin>
        <ymin>352.25999450683594</ymin>
        <xmax>1426.2343676780692</xmax>
        <ymax>468.8999725341797</ymax>
    </bndbox>
</object><object>
    <name>red ball</name>
    <pose>Unspecified</pose>
    <truncated>0</truncated>
    <difficult>0</difficult>
    <bndbox>
        <xmin>1080.742333938613</xmin>
        <ymin>399.7799835205078</ymin>
        <xmax>1159.9175916705717</xmax>
        <ymax>496.25999450683594</ymax>
    </bndbox>
</object><object>
    <name>red ball</name>
    <pose>Unspecified</pose>
    <truncated>0</truncated>
    <difficult>0</difficult>
    <bndbox>
        <xmin>1043.3139424203373</xmin>
        <ymin>301.85999450683596</ymin>
        <xmax>1122.489200152296</xmax>
        <ymax>388.25999450683594</ymax>
    </bndbox>
</object><object>
    <name>black ball</name>
    <pose>Unspecified</pose>
    <truncated>0</truncated>
    <difficult>0</difficult>
    <bndbox>
        <xmin>952.6223494611058</xmin>
        <ymin>268.74000549316406</ymin>
        <xmax>1030.3580790182755</xmax>
        <ymax>346.4999725341797</ymax>
    </bndbox>
</object><object>
    <name>black ball</name>
    <pose>Unspecified</pose>
    <truncated>0</truncated>
    <difficult>0</difficult>
    <bndbox>
        <xmin>807.2278072282099</xmin>
        <ymin>319.1400054931641</ymin>
        <xmax>899.3589283622306</xmax>
        <ymax>415.6200164794922</ymax>
    </bndbox>
</object><object>
    <name>black ball</name>
    <pose>Unspecified</pose>
    <truncated>0</truncated>
    <difficult>0</difficult>
    <bndbox>
        <xmin>801.4695847000937</xmin>
        <ymin>450.17998352050785</ymin>
        <xmax>922.3918184746954</xmax>
        <ymax>591.3000274658203</ymax>
    </bndbox>
</object><object>
    <name>red ball</name>
    <pose>Unspecified</pose>
    <truncated>0</truncated>
    <difficult>0</difficult>
    <bndbox>
        <xmin>1827.8688788659795</xmin>
        <ymin>532.2599945068359</ymin>
        <xmax>1912.8022492970947</xmax>
        <ymax>730.9799835205079</ymax>
    </bndbox>
</object>
</annotation>