<?xml version='1.0' encoding='utf-8'?>
<annotation verified="yes">
    <folder>Annotation</folder>
    <filename>frame_7517.jpg</filename>
    <path>wxt2-PascalVOC-export/Annotations/frame_7517.jpg</path>
    <source>
        <database>Unknown</database>
    </source>
    <size>
        <width>1920</width>
        <height>1080</height>
        <depth>3</depth>
    </size>
    <segmented>0</segmented>
    <object>
    <name>red ball</name>
    <pose>Unspecified</pose>
    <truncated>0</truncated>
    <difficult>0</difficult>
    <bndbox>
        <xmin>753.9643861293346</xmin>
        <ymin>424.25999450683594</ymin>
        <xmax>879.2053142572634</xmax>
        <ymax>563.9400054931641</ymax>
    </bndbox>
</object><object>
    <name>red ball</name>
    <pose>Unspecified</pose>
    <truncated>0</truncated>
    <difficult>0</difficult>
    <bndbox>
        <xmin>1089.3796128163074</xmin>
        <ymin>489.05999450683595</ymin>
        <xmax>1185.829428303655</xmax>
        <ymax>614.3400054931641</ymax>
    </bndbox>
</object><object>
    <name>red ball</name>
    <pose>Unspecified</pose>
    <truncated>0</truncated>
    <difficult>0</difficult>
    <bndbox>
        <xmin>1466.5417057169634</xmin>
        <ymin>555.2999725341797</ymin>
        <xmax>1626.3318591846298</xmax>
        <ymax>719.4600494384765</ymax>
    </bndbox>
</object><object>
    <name>red ball</name>
    <pose>Unspecified</pose>
    <truncated>0</truncated>
    <difficult>0</difficult>
    <bndbox>
        <xmin>971.336435391284</xmin>
        <ymin>352.25999450683594</ymin>
        <xmax>1043.3139424203373</xmax>
        <ymax>437.2200164794922</ymax>
    </bndbox>
</object><object>
    <name>red ball</name>
    <pose>Unspecified</pose>
    <truncated>0</truncated>
    <difficult>0</difficult>
    <bndbox>
        <xmin>1007.3251889058107</xmin>
        <ymin>274.4999725341797</ymin>
        <xmax>1077.863167760075</xmax>
        <ymax>352.25999450683594</ymax>
    </bndbox>
</object><object>
    <name>black ball</name>
    <pose>Unspecified</pose>
    <truncated>0</truncated>
    <difficult>0</difficult>
    <bndbox>
        <xmin>1180.0712057755388</xmin>
        <ymin>347.94000549316405</ymin>
        <xmax>1303.8726057286785</xmax>
        <ymax>454.4999725341797</ymax>
    </bndbox>
</object><object>
    <name>black ball</name>
    <pose>Unspecified</pose>
    <truncated>0</truncated>
    <difficult>0</difficult>
    <bndbox>
        <xmin>910.875373418463</xmin>
        <ymin>565.3799835205078</ymin>
        <xmax>1024.5998564901593</xmax>
        <ymax>696.4199615478516</ymax>
    </bndbox>
</object><object>
    <name>black ball</name>
    <pose>Unspecified</pose>
    <truncated>0</truncated>
    <difficult>0</difficult>
    <bndbox>
        <xmin>817.3046142806935</xmin>
        <ymin>267.2999725341797</ymin>
        <xmax>893.600815663074</xmax>
        <ymax>355.14000549316404</ymax>
    </bndbox>
</object>
</annotation>