<?xml version='1.0' encoding='utf-8'?>
<annotation verified="yes">
    <folder>Annotation</folder>
    <filename>frame_7937.jpg</filename>
    <path>wxt2-PascalVOC-export/Annotations/frame_7937.jpg</path>
    <source>
        <database>Unknown</database>
    </source>
    <size>
        <width>1920</width>
        <height>1080</height>
        <depth>3</depth>
    </size>
    <segmented>0</segmented>
    <object>
    <name>red start</name>
    <pose>Unspecified</pose>
    <truncated>0</truncated>
    <difficult>0</difficult>
    <bndbox>
        <xmin>804.0115505382776</xmin>
        <ymin>603.7576138243384</ymin>
        <xmax>1477.2057416267944</xmax>
        <ymax>683.1045750209264</ymax>
    </bndbox>
</object><object>
    <name>crossing</name>
    <pose>Unspecified</pose>
    <truncated>0</truncated>
    <difficult>0</difficult>
    <bndbox>
        <xmin>1436.049715909091</xmin>
        <ymin>952.0025790467554</ymin>
        <xmax>1920</xmax>
        <ymax>1078.3699035644531</ymax>
    </bndbox>
</object><object>
    <name>black ball</name>
    <pose>Unspecified</pose>
    <truncated>0</truncated>
    <difficult>0</difficult>
    <bndbox>
        <xmin>316.01913875598086</xmin>
        <ymin>593.4719443807796</ymin>
        <xmax>377.7531212619617</xmax>
        <ymax>650.7780892508371</ymax>
    </bndbox>
</object><object>
    <name>red ball</name>
    <pose>Unspecified</pose>
    <truncated>0</truncated>
    <difficult>0</difficult>
    <bndbox>
        <xmin>157.2746523624402</xmin>
        <ymin>608.1658219318001</ymin>
        <xmax>227.82775119617227</xmax>
        <ymax>674.2882709113919</ymax>
    </bndbox>
</object><object>
    <name>red ball</name>
    <pose>Unspecified</pose>
    <truncated>0</truncated>
    <difficult>0</difficult>
    <bndbox>
        <xmin>69.08326480263158</xmin>
        <ymin>584.6556402712453</ymin>
        <xmax>124.9377990430622</xmax>
        <ymax>646.3698811433753</ymax>
    </bndbox>
</object><object>
    <name>black ball</name>
    <pose>Unspecified</pose>
    <truncated>0</truncated>
    <difficult>0</difficult>
    <bndbox>
        <xmin>45.565583881578945</xmin>
        <ymin>619.920968814772</ymin>
        <xmax>101.42011812200957</xmax>
        <ymax>677.2270015794403</ymax>
    </bndbox>
</object><object>
    <name>red ball</name>
    <pose>Unspecified</pose>
    <truncated>0</truncated>
    <difficult>0</difficult>
    <bndbox>
        <xmin>0</xmin>
        <ymin>609.6351872658244</ymin>
        <xmax>36.74641148325359</xmax>
        <ymax>690.4515137964366</ymax>
    </bndbox>
</object>
</annotation>