<?xml version='1.0' encoding='utf-8'?>
<annotation verified="yes">
    <folder>Annotation</folder>
    <filename>frame_7501.jpg</filename>
    <path>wxt2-PascalVOC-export/Annotations/frame_7501.jpg</path>
    <source>
        <database>Unknown</database>
    </source>
    <size>
        <width>1920</width>
        <height>1080</height>
        <depth>3</depth>
    </size>
    <segmented>0</segmented>
    <object>
    <name>red ball</name>
    <pose>Unspecified</pose>
    <truncated>0</truncated>
    <difficult>0</difficult>
    <bndbox>
        <xmin>994.3693255037488</xmin>
        <ymin>670.5000274658204</ymin>
        <xmax>1136.8847015581068</xmax>
        <ymax>867.7799835205079</ymax>
    </bndbox>
</object><object>
    <name>red ball</name>
    <pose>Unspecified</pose>
    <truncated>0</truncated>
    <difficult>0</difficult>
    <bndbox>
        <xmin>1008.7648269095595</xmin>
        <ymin>427.1400054931641</ymin>
        <xmax>1082.181862113402</xmax>
        <ymax>520.7400054931641</ymax>
    </bndbox>
</object><object>
    <name>red ball</name>
    <pose>Unspecified</pose>
    <truncated>0</truncated>
    <difficult>0</difficult>
    <bndbox>
        <xmin>1062.0281381794753</xmin>
        <ymin>540.8999725341797</ymin>
        <xmax>1152.7198409676664</xmax>
        <ymax>634.5000274658204</ymax>
    </bndbox>
</object><object>
    <name>red ball</name>
    <pose>Unspecified</pose>
    <truncated>0</truncated>
    <difficult>0</difficult>
    <bndbox>
        <xmin>1408.9597000937208</xmin>
        <ymin>694.9799835205079</ymin>
        <xmax>1547.156601452671</xmax>
        <ymax>860.5799835205079</ymax>
    </bndbox>
</object><object>
    <name>black ball</name>
    <pose>Unspecified</pose>
    <truncated>0</truncated>
    <difficult>0</difficult>
    <bndbox>
        <xmin>1293.7956888472352</xmin>
        <ymin>499.1400054931641</ymin>
        <xmax>1406.0806437441424</xmax>
        <ymax>618.6600494384766</ymax>
    </bndbox>
</object><object>
    <name>black ball</name>
    <pose>Unspecified</pose>
    <truncated>0</truncated>
    <difficult>0</difficult>
    <bndbox>
        <xmin>1354.2568606490158</xmin>
        <ymin>863.4600494384766</ymin>
        <xmax>1522.6842929943766</xmax>
        <ymax>1036.2600494384767</ymax>
    </bndbox>
</object><object>
    <name>black ball</name>
    <pose>Unspecified</pose>
    <truncated>0</truncated>
    <difficult>0</difficult>
    <bndbox>
        <xmin>808.667335402999</xmin>
        <ymin>610.0199615478516</ymin>
        <xmax>941.1059044048734</xmax>
        <ymax>746.8199615478516</ymax>
    </bndbox>
</object><object>
    <name>black ball</name>
    <pose>Unspecified</pose>
    <truncated>0</truncated>
    <difficult>0</difficult>
    <bndbox>
        <xmin>774.1181100632615</xmin>
        <ymin>445.85999450683596</ymin>
        <xmax>859.0515903233364</xmax>
        <ymax>552.4200164794922</ymax>
    </bndbox>
</object><object>
    <name>black ball</name>
    <pose>Unspecified</pose>
    <truncated>0</truncated>
    <difficult>0</difficult>
    <bndbox>
        <xmin>899.3589283622306</xmin>
        <ymin>386.8200164794922</ymin>
        <xmax>977.0946579194002</xmax>
        <ymax>474.659994506836</ymax>
    </bndbox>
</object>
</annotation>