<?xml version='1.0' encoding='utf-8'?>
<annotation verified="yes">
    <folder>Annotation</folder>
    <filename>frame_7928.jpg</filename>
    <path>wxt2-PascalVOC-export/Annotations/frame_7928.jpg</path>
    <source>
        <database>Unknown</database>
    </source>
    <size>
        <width>1920</width>
        <height>1080</height>
        <depth>3</depth>
    </size>
    <segmented>0</segmented>
    <object>
    <name>black ball</name>
    <pose>Unspecified</pose>
    <truncated>0</truncated>
    <difficult>0</difficult>
    <bndbox>
        <xmin>354.2354403409091</xmin>
        <ymin>583.186274937221</ymin>
        <xmax>415.96936677631584</xmax>
        <ymax>634.6148463657925</ymax>
    </bndbox>
</object><object>
    <name>red ball</name>
    <pose>Unspecified</pose>
    <truncated>0</truncated>
    <difficult>0</difficult>
    <bndbox>
        <xmin>210.1894624700957</xmin>
        <ymin>594.9413097148039</ymin>
        <xmax>285.1521755382775</xmax>
        <ymax>662.5331240284199</ymax>
    </bndbox>
</object><object>
    <name>red ball</name>
    <pose>Unspecified</pose>
    <truncated>0</truncated>
    <difficult>0</difficult>
    <bndbox>
        <xmin>119.05840684808612</xmin>
        <ymin>583.186274937221</ymin>
        <xmax>170.50338292464113</xmax>
        <ymax>631.676003592355</ymax>
    </bndbox>
</object><object>
    <name>black ball</name>
    <pose>Unspecified</pose>
    <truncated>0</truncated>
    <difficult>0</difficult>
    <bndbox>
        <xmin>102.88995215311004</xmin>
        <ymin>612.5740300392619</ymin>
        <xmax>155.8048183313397</xmax>
        <ymax>666.9413321358818</ymax>
    </bndbox>
</object><object>
    <name>red ball</name>
    <pose>Unspecified</pose>
    <truncated>0</truncated>
    <difficult>0</difficult>
    <bndbox>
        <xmin>47.03541791267943</xmin>
        <ymin>611.1045525998486</ymin>
        <xmax>91.13111169258374</xmax>
        <ymax>677.2270015794404</ymax>
    </bndbox>
</object><object>
    <name>red ball</name>
    <pose>Unspecified</pose>
    <truncated>0</truncated>
    <difficult>0</difficult>
    <bndbox>
        <xmin>4.409586199162679</xmin>
        <ymin>592.0025790467554</ymin>
        <xmax>35.27657745215311</xmax>
        <ymax>658.1250280263472</ymax>
    </bndbox>
</object><object>
    <name>red start</name>
    <pose>Unspecified</pose>
    <truncated>0</truncated>
    <difficult>0</difficult>
    <bndbox>
        <xmin>798.1321022727273</xmin>
        <ymin>587.5943709392938</ymin>
        <xmax>1458.097562799043</xmax>
        <ymax>659.5943933603716</ymax>
    </bndbox>
</object><object>
    <name>crossing</name>
    <pose>Unspecified</pose>
    <truncated>0</truncated>
    <difficult>0</difficult>
    <bndbox>
        <xmin>1365.496673145933</xmin>
        <ymin>904.9821036202567</ymin>
        <xmax>1862.3080891148327</xmax>
        <ymax>1065.145391347457</ymax>
    </bndbox>
</object>
</annotation>