<?xml version='1.0' encoding='utf-8'?>
<annotation verified="yes">
    <folder>Annotation</folder>
    <filename>frame_7885.jpg</filename>
    <path>wxt2-PascalVOC-export/Annotations/frame_7885.jpg</path>
    <source>
        <database>Unknown</database>
    </source>
    <size>
        <width>1920</width>
        <height>1080</height>
        <depth>3</depth>
    </size>
    <segmented>0</segmented>
    <object>
    <name>red ball</name>
    <pose>Unspecified</pose>
    <truncated>0</truncated>
    <difficult>0</difficult>
    <bndbox>
        <xmin>212.69355523664478</xmin>
        <ymin>574.0200164794923</ymin>
        <xmax>257.319587628866</xmax>
        <ymax>622.9799835205079</ymax>
    </bndbox>
</object><object>
    <name>black ball</name>
    <pose>Unspecified</pose>
    <truncated>0</truncated>
    <difficult>0</difficult>
    <bndbox>
        <xmin>503.4826946169166</xmin>
        <ymin>579.7799835205078</ymin>
        <xmax>550.9878382731958</xmax>
        <ymax>618.6600494384766</ymax>
    </bndbox>
</object><object>
    <name>red ball</name>
    <pose>Unspecified</pose>
    <truncated>0</truncated>
    <difficult>0</difficult>
    <bndbox>
        <xmin>392.6373228092784</xmin>
        <ymin>581.2199615478515</ymin>
        <xmax>451.6588566073102</xmax>
        <ymax>630.1799835205078</ymax>
    </bndbox>
</object><object>
    <name>black ball</name>
    <pose>Unspecified</pose>
    <truncated>0</truncated>
    <difficult>0</difficult>
    <bndbox>
        <xmin>310.5829538132615</xmin>
        <ymin>588.4199615478516</ymin>
        <xmax>349.4508185918463</xmax>
        <ymax>634.5000274658204</ymax>
    </bndbox>
</object><object>
    <name>black ball</name>
    <pose>Unspecified</pose>
    <truncated>0</truncated>
    <difficult>0</difficult>
    <bndbox>
        <xmin>267.39644959582944</xmin>
        <ymin>588.4199615478516</ymin>
        <xmax>309.14342563847237</xmax>
        <ymax>635.9400054931641</ymax>
    </bndbox>
</object><object>
    <name>crossing</name>
    <pose>Unspecified</pose>
    <truncated>0</truncated>
    <difficult>0</difficult>
    <bndbox>
        <xmin>1277.9606592666355</xmin>
        <ymin>781.3799835205078</ymin>
        <xmax>1656.5622803420806</xmax>
        <ymax>932.5799835205079</ymax>
    </bndbox>
</object><object>
    <name>red start</name>
    <pose>Unspecified</pose>
    <truncated>0</truncated>
    <difficult>0</difficult>
    <bndbox>
        <xmin>867.6888692010309</xmin>
        <ymin>598.5000274658204</ymin>
        <xmax>1420.476145149953</xmax>
        <ymax>651.7799835205079</ymax>
    </bndbox>
</object>
</annotation>