<?xml version='1.0' encoding='utf-8'?>
<annotation verified="yes">
    <folder>Annotation</folder>
    <filename>frame_7469.jpg</filename>
    <path>wxt2-PascalVOC-export/Annotations/frame_7469.jpg</path>
    <source>
        <database>Unknown</database>
    </source>
    <size>
        <width>1920</width>
        <height>1080</height>
        <depth>3</depth>
    </size>
    <segmented>0</segmented>
    <object>
    <name>red ball</name>
    <pose>Unspecified</pose>
    <truncated>0</truncated>
    <difficult>0</difficult>
    <bndbox>
        <xmin>1033.2371353678539</xmin>
        <ymin>432.8999725341797</ymin>
        <xmax>1115.291449449391</xmax>
        <ymax>517.859994506836</ymax>
    </bndbox>
</object><object>
    <name>red ball</name>
    <pose>Unspecified</pose>
    <truncated>0</truncated>
    <difficult>0</difficult>
    <bndbox>
        <xmin>1289.477104322868</xmin>
        <ymin>409.85999450683596</ymin>
        <xmax>1335.5426648898783</xmax>
        <ymax>468.8999725341797</ymax>
    </bndbox>
</object><object>
    <name>black ball</name>
    <pose>Unspecified</pose>
    <truncated>0</truncated>
    <difficult>0</difficult>
    <bndbox>
        <xmin>1193.0271790065603</xmin>
        <ymin>464.5799835205078</ymin>
        <xmax>1249.1696564550139</xmax>
        <ymax>523.6200164794922</ymax>
    </bndbox>
</object><object>
    <name>black ball</name>
    <pose>Unspecified</pose>
    <truncated>0</truncated>
    <difficult>0</difficult>
    <bndbox>
        <xmin>922.3918184746954</xmin>
        <ymin>434.3400054931641</ymin>
        <xmax>978.5341860941893</xmax>
        <ymax>503.459994506836</ymax>
    </bndbox>
</object><object>
    <name>black ball</name>
    <pose>Unspecified</pose>
    <truncated>0</truncated>
    <difficult>0</difficult>
    <bndbox>
        <xmin>1054.8303874765697</xmin>
        <ymin>370.9799835205078</ymin>
        <xmax>1108.0936987464854</xmax>
        <ymax>424.25999450683594</ymax>
    </bndbox>
</object><object>
    <name>red ball</name>
    <pose>Unspecified</pose>
    <truncated>0</truncated>
    <difficult>0</difficult>
    <bndbox>
        <xmin>883.5238987816307</xmin>
        <ymin>355.1400054931641</ymin>
        <xmax>929.5895691776007</xmax>
        <ymax>418.49997253417973</ymax>
    </bndbox>
</object>
</annotation>