<?xml version='1.0' encoding='utf-8'?>
<annotation verified="yes">
    <folder>Annotation</folder>
    <filename>frame_7459.jpg</filename>
    <path>wxt2-PascalVOC-export/Annotations/frame_7459.jpg</path>
    <source>
        <database>Unknown</database>
    </source>
    <size>
        <width>1920</width>
        <height>1080</height>
        <depth>3</depth>
    </size>
    <segmented>0</segmented>
    <object>
    <name>red ball</name>
    <pose>Unspecified</pose>
    <truncated>0</truncated>
    <difficult>0</difficult>
    <bndbox>
        <xmin>1028.9184410145267</xmin>
        <ymin>247.14000549316407</ymin>
        <xmax>1089.3796128163074</xmax>
        <ymax>313.37998352050784</ymax>
    </bndbox>
</object><object>
    <name>red ball</name>
    <pose>Unspecified</pose>
    <truncated>0</truncated>
    <difficult>0</difficult>
    <bndbox>
        <xmin>1218.9391254686036</xmin>
        <ymin>216.89997253417968</ymin>
        <xmax>1263.5651578608247</xmax>
        <ymax>260.0999725341797</ymax>
    </bndbox>
</object><object>
    <name>black ball</name>
    <pose>Unspecified</pose>
    <truncated>0</truncated>
    <difficult>0</difficult>
    <bndbox>
        <xmin>1159.9175916705717</xmin>
        <ymin>257.2200164794922</ymin>
        <xmax>1198.7854015346766</xmax>
        <ymax>297.5400054931641</ymax>
    </bndbox>
</object><object>
    <name>black ball</name>
    <pose>Unspecified</pose>
    <truncated>0</truncated>
    <difficult>0</difficult>
    <bndbox>
        <xmin>933.9081537019681</xmin>
        <ymin>254.34000549316406</ymin>
        <xmax>987.1715748008435</xmax>
        <ymax>306.1799835205078</ymax>
    </bndbox>
</object><object>
    <name>red ball</name>
    <pose>Unspecified</pose>
    <truncated>0</truncated>
    <difficult>0</difficult>
    <bndbox>
        <xmin>884.9634269564199</xmin>
        <ymin>211.14000549316407</ymin>
        <xmax>922.3918184746955</xmax>
        <ymax>262.9799835205078</ymax>
    </bndbox>
</object><object>
    <name>black ball</name>
    <pose>Unspecified</pose>
    <truncated>0</truncated>
    <difficult>0</difficult>
    <bndbox>
        <xmin>811.5463917525773</xmin>
        <ymin>239.94000549316408</ymin>
        <xmax>853.2933677952202</xmax>
        <ymax>290.3400054931641</ymax>
    </bndbox>
</object><object>
    <name>crossing</name>
    <pose>Unspecified</pose>
    <truncated>0</truncated>
    <difficult>0</difficult>
    <bndbox>
        <xmin>235.72633552014995</xmin>
        <ymin>742.5000274658204</ymin>
        <xmax>1034.676663542643</xmax>
        <ymax>1072.2600494384767</ymax>
    </bndbox>
</object>
</annotation>