<?xml version='1.0' encoding='utf-8'?>
<annotation verified="yes">
    <folder>Annotation</folder>
    <filename>frame_7891.jpg</filename>
    <path>wxt2-PascalVOC-export/Annotations/frame_7891.jpg</path>
    <source>
        <database>Unknown</database>
    </source>
    <size>
        <width>1920</width>
        <height>1080</height>
        <depth>3</depth>
    </size>
    <segmented>0</segmented>
    <object>
    <name>black ball</name>
    <pose>Unspecified</pose>
    <truncated>0</truncated>
    <difficult>0</difficult>
    <bndbox>
        <xmin>470.35406698564594</xmin>
        <ymin>600.8188831562899</ymin>
        <xmax>520.3292090311005</xmax>
        <ymax>637.5535770338408</ymax>
    </bndbox>
</object><object>
    <name>red ball</name>
    <pose>Unspecified</pose>
    <truncated>0</truncated>
    <difficult>0</difficult>
    <bndbox>
        <xmin>357.1751084031101</xmin>
        <ymin>605.2270912637516</ymin>
        <xmax>415.96936677631584</xmax>
        <ymax>653.7168199188856</ymax>
    </bndbox>
</object><object>
    <name>black ball</name>
    <pose>Unspecified</pose>
    <truncated>0</truncated>
    <difficult>0</difficult>
    <bndbox>
        <xmin>270.4536109449761</xmin>
        <ymin>612.5740300392619</ymin>
        <xmax>310.1397465610048</xmax>
        <ymax>656.6556626923231</ymax>
    </bndbox>
</object><object>
    <name>red ball</name>
    <pose>Unspecified</pose>
    <truncated>0</truncated>
    <difficult>0</difficult>
    <bndbox>
        <xmin>227.82775119617224</xmin>
        <ymin>611.1045525998486</ymin>
        <xmax>273.3933350777512</xmax>
        <ymax>659.5943933603716</ymax>
    </bndbox>
</object><object>
    <name>red ball</name>
    <pose>Unspecified</pose>
    <truncated>0</truncated>
    <difficult>0</difficult>
    <bndbox>
        <xmin>170.50338292464116</xmin>
        <ymin>599.3495178222656</ymin>
        <xmax>214.59907670454547</xmax>
        <ymax>647.8392464773996</ymax>
    </bndbox>
</object><object>
    <name>red start</name>
    <pose>Unspecified</pose>
    <truncated>0</truncated>
    <difficult>0</difficult>
    <bndbox>
        <xmin>852.5167464114833</xmin>
        <ymin>611.1045525998486</ymin>
        <xmax>1405.1827526913876</xmax>
        <ymax>665.4719668018575</ymax>
    </bndbox>
</object><object>
    <name>crossing</name>
    <pose>Unspecified</pose>
    <truncated>0</truncated>
    <difficult>0</difficult>
    <bndbox>
        <xmin>1289.0641821172248</xmin>
        <ymin>812.4107423120615</ymin>
        <xmax>1649.1789025119617</xmax>
        <ymax>907.9209463936942</ymax>
    </bndbox>
</object>
</annotation>