<?xml version='1.0' encoding='utf-8'?>
<annotation verified="yes">
    <folder>Annotation</folder>
    <filename>frame_7609.jpg</filename>
    <path>wxt2-PascalVOC-export/Annotations/frame_7609.jpg</path>
    <source>
        <database>Unknown</database>
    </source>
    <size>
        <width>1920</width>
        <height>1080</height>
        <depth>3</depth>
    </size>
    <segmented>0</segmented>
    <object>
    <name>black ball</name>
    <pose>Unspecified</pose>
    <truncated>0</truncated>
    <difficult>0</difficult>
    <bndbox>
        <xmin>952.6223494611058</xmin>
        <ymin>359.4599945068359</ymin>
        <xmax>1047.6326367736644</xmax>
        <ymax>463.14000549316404</ymax>
    </bndbox>
</object><object>
    <name>black ball</name>
    <pose>Unspecified</pose>
    <truncated>0</truncated>
    <difficult>0</difficult>
    <bndbox>
        <xmin>1197.3458733598875</xmin>
        <ymin>327.7799835205078</ymin>
        <xmax>1296.6748550257732</xmax>
        <ymax>438.6599945068359</ymax>
    </bndbox>
</object><object>
    <name>black ball</name>
    <pose>Unspecified</pose>
    <truncated>0</truncated>
    <difficult>0</difficult>
    <bndbox>
        <xmin>951.1828212863168</xmin>
        <ymin>178.0200164794922</ymin>
        <xmax>1038.99535789597</xmax>
        <ymax>261.5400054931641</ymax>
    </bndbox>
</object><object>
    <name>black ball</name>
    <pose>Unspecified</pose>
    <truncated>0</truncated>
    <difficult>0</difficult>
    <bndbox>
        <xmin>1220.3786536433927</xmin>
        <ymin>147.7799835205078</ymin>
        <xmax>1277.9606592666355</xmax>
        <ymax>221.2200164794922</ymax>
    </bndbox>
</object><object>
    <name>black ball</name>
    <pose>Unspecified</pose>
    <truncated>0</truncated>
    <difficult>0</difficult>
    <bndbox>
        <xmin>1315.3889409559513</xmin>
        <ymin>238.4999725341797</ymin>
        <xmax>1403.2014775656046</xmax>
        <ymax>311.9400054931641</ymax>
    </bndbox>
</object><object>
    <name>red ball</name>
    <pose>Unspecified</pose>
    <truncated>0</truncated>
    <difficult>0</difficult>
    <bndbox>
        <xmin>1100.8959480435801</xmin>
        <ymin>224.0999725341797</ymin>
        <xmax>1180.0712057755388</xmax>
        <ymax>301.85999450683596</ymax>
    </bndbox>
</object><object>
    <name>red ball</name>
    <pose>Unspecified</pose>
    <truncated>0</truncated>
    <difficult>0</difficult>
    <bndbox>
        <xmin>1129.6869508552015</xmin>
        <ymin>150.65999450683594</ymin>
        <xmax>1188.7085944821931</xmax>
        <ymax>219.7799835205078</ymax>
    </bndbox>
</object><object>
    <name>red ball</name>
    <pose>Unspecified</pose>
    <truncated>0</truncated>
    <difficult>0</difficult>
    <bndbox>
        <xmin>1024.5998564901593</xmin>
        <ymin>104.57998352050781</ymin>
        <xmax>1077.863167760075</xmax>
        <ymax>165.05999450683595</ymax>
    </bndbox>
</object><object>
    <name>red ball</name>
    <pose>Unspecified</pose>
    <truncated>0</truncated>
    <difficult>0</difficult>
    <bndbox>
        <xmin>987.1715748008435</xmin>
        <ymin>268.74000549316406</ymin>
        <xmax>1076.4236395852859</xmax>
        <ymax>369.5400054931641</ymax>
    </bndbox>
</object><object>
    <name>red ball</name>
    <pose>Unspecified</pose>
    <truncated>0</truncated>
    <difficult>0</difficult>
    <bndbox>
        <xmin>1275.0816029170571</xmin>
        <ymin>178.0200164794922</ymin>
        <xmax>1368.6523620548267</xmax>
        <ymax>268.74000549316406</ymax>
    </bndbox>
</object>
</annotation>