<?xml version='1.0' encoding='utf-8'?>
<annotation verified="yes">
    <folder>Annotation</folder>
    <filename>frame_7441.jpg</filename>
    <path>wxt2-PascalVOC-export/Annotations/frame_7441.jpg</path>
    <source>
        <database>Unknown</database>
    </source>
    <size>
        <width>1920</width>
        <height>1080</height>
        <depth>3</depth>
    </size>
    <segmented>0</segmented>
    <object>
    <name>crossing</name>
    <pose>Unspecified</pose>
    <truncated>0</truncated>
    <difficult>0</difficult>
    <bndbox>
        <xmin>1208.8622085871602</xmin>
        <ymin>447.2999725341797</ymin>
        <xmax>1643.6064169400188</xmax>
        <ymax>676.2600494384766</ymax>
    </bndbox>
</object><object>
    <name>red ball</name>
    <pose>Unspecified</pose>
    <truncated>0</truncated>
    <difficult>0</difficult>
    <bndbox>
        <xmin>1575.9476042642923</xmin>
        <ymin>271.6200164794922</ymin>
        <xmax>1632.0899718837861</xmax>
        <ymax>313.37998352050784</ymax>
    </bndbox>
</object><object>
    <name>black ball</name>
    <pose>Unspecified</pose>
    <truncated>0</truncated>
    <difficult>0</difficult>
    <bndbox>
        <xmin>1714.1442859653234</xmin>
        <ymin>280.25999450683594</ymin>
        <xmax>1747.253983130272</xmax>
        <ymax>320.5799835205078</ymax>
    </bndbox>
</object><object>
    <name>black ball</name>
    <pose>Unspecified</pose>
    <truncated>0</truncated>
    <difficult>0</difficult>
    <bndbox>
        <xmin>1489.5745958294283</xmin>
        <ymin>267.2999725341797</ymin>
        <xmax>1537.0797944001874</xmax>
        <ymax>307.62001647949216</ymax>
    </bndbox>
</object><object>
    <name>black ball</name>
    <pose>Unspecified</pose>
    <truncated>0</truncated>
    <difficult>0</difficult>
    <bndbox>
        <xmin>1364.3336677014995</xmin>
        <ymin>251.45999450683595</ymin>
        <xmax>1396.003726862699</xmax>
        <ymax>293.2200164794922</ymax>
    </bndbox>
</object><object>
    <name>red ball</name>
    <pose>Unspecified</pose>
    <truncated>0</truncated>
    <difficult>0</difficult>
    <bndbox>
        <xmin>1430.5529522024367</xmin>
        <ymin>239.94000549316408</ymin>
        <xmax>1465.102287371134</xmax>
        <ymax>280.25999450683594</ymax>
    </bndbox>
</object>
</annotation>