<?xml version='1.0' encoding='utf-8'?>
<annotation verified="yes">
    <folder>Annotation</folder>
    <filename>frame_7640.jpg</filename>
    <path>wxt2-PascalVOC-export/Annotations/frame_7640.jpg</path>
    <source>
        <database>Unknown</database>
    </source>
    <size>
        <width>1920</width>
        <height>1080</height>
        <depth>3</depth>
    </size>
    <segmented>0</segmented>
    <object>
    <name>red ball</name>
    <pose>Unspecified</pose>
    <truncated>0</truncated>
    <difficult>0</difficult>
    <bndbox>
        <xmin>679.1078227507029</xmin>
        <ymin>427.1400054931641</ymin>
        <xmax>719.4151607895969</xmax>
        <ymax>470.3400054931641</ymax>
    </bndbox>
</object><object>
    <name>red ball</name>
    <pose>Unspecified</pose>
    <truncated>0</truncated>
    <difficult>0</difficult>
    <bndbox>
        <xmin>877.7656762535145</xmin>
        <ymin>430.0200164794922</ymin>
        <xmax>915.1940677717901</xmax>
        <ymax>474.659994506836</ymax>
    </bndbox>
</object><object>
    <name>black ball</name>
    <pose>Unspecified</pose>
    <truncated>0</truncated>
    <difficult>0</difficult>
    <bndbox>
        <xmin>1051.9513311269916</xmin>
        <ymin>399.7799835205078</ymin>
        <xmax>1082.181862113402</xmax>
        <ymax>431.4599945068359</ymax>
    </bndbox>
</object><object>
    <name>black ball</name>
    <pose>Unspecified</pose>
    <truncated>0</truncated>
    <difficult>0</difficult>
    <bndbox>
        <xmin>974.215601569822</xmin>
        <ymin>412.74000549316406</ymin>
        <xmax>1013.0834114339269</xmax>
        <ymax>445.85999450683596</ymax>
    </bndbox>
</object><object>
    <name>black ball</name>
    <pose>Unspecified</pose>
    <truncated>0</truncated>
    <difficult>0</difficult>
    <bndbox>
        <xmin>939.6663762300843</xmin>
        <ymin>425.6999725341797</ymin>
        <xmax>987.1715748008435</xmax>
        <ymax>471.77998352050787</ymax>
    </bndbox>
</object><object>
    <name>black ball</name>
    <pose>Unspecified</pose>
    <truncated>0</truncated>
    <difficult>0</difficult>
    <bndbox>
        <xmin>913.7544297680412</xmin>
        <ymin>395.4599945068359</ymin>
        <xmax>943.9850705834114</xmax>
        <ymax>434.340005493164</ymax>
    </bndbox>
</object><object>
    <name>red ball</name>
    <pose>Unspecified</pose>
    <truncated>0</truncated>
    <difficult>0</difficult>
    <bndbox>
        <xmin>851.8538396204311</xmin>
        <ymin>411.2999725341797</ymin>
        <xmax>887.8425931349578</xmax>
        <ymax>454.4999725341797</ymax>
    </bndbox>
</object><object>
    <name>red ball</name>
    <pose>Unspecified</pose>
    <truncated>0</truncated>
    <difficult>0</difficult>
    <bndbox>
        <xmin>766.9203593603561</xmin>
        <ymin>408.4200164794922</ymin>
        <xmax>810.1068635777881</xmax>
        <ymax>447.2999725341797</ymax>
    </bndbox>
</object><object>
    <name>black ball</name>
    <pose>Unspecified</pose>
    <truncated>0</truncated>
    <difficult>0</difficult>
    <bndbox>
        <xmin>705.0196593837863</xmin>
        <ymin>411.2999725341797</ymin>
        <xmax>749.6458016049672</xmax>
        <ymax>451.62001647949216</ymax>
    </bndbox>
</object>
</annotation>