<?xml version='1.0' encoding='utf-8'?>
<annotation verified="yes">
    <folder>Annotation</folder>
    <filename>frame_7460.jpg</filename>
    <path>wxt2-PascalVOC-export/Annotations/frame_7460.jpg</path>
    <source>
        <database>Unknown</database>
    </source>
    <size>
        <width>1920</width>
        <height>1080</height>
        <depth>3</depth>
    </size>
    <segmented>0</segmented>
    <object>
    <name>black ball</name>
    <pose>Unspecified</pose>
    <truncated>0</truncated>
    <difficult>0</difficult>
    <bndbox>
        <xmin>823.0628368088097</xmin>
        <ymin>264.4200164794922</ymin>
        <xmax>867.6888692010309</xmax>
        <ymax>319.14000549316404</ymax>
    </bndbox>
</object><object>
    <name>black ball</name>
    <pose>Unspecified</pose>
    <truncated>0</truncated>
    <difficult>0</difficult>
    <bndbox>
        <xmin>1177.1921494259607</xmin>
        <ymin>281.6999725341797</ymin>
        <xmax>1217.4995972938145</xmax>
        <ymax>330.659994506836</ymax>
    </bndbox>
</object><object>
    <name>red ball</name>
    <pose>Unspecified</pose>
    <truncated>0</truncated>
    <difficult>0</difficult>
    <bndbox>
        <xmin>1241.9719057521088</xmin>
        <ymin>245.6999725341797</ymin>
        <xmax>1289.477104322868</xmax>
        <ymax>294.6599945068359</ymax>
    </bndbox>
</object><object>
    <name>red ball</name>
    <pose>Unspecified</pose>
    <truncated>0</truncated>
    <difficult>0</difficult>
    <bndbox>
        <xmin>1049.0721649484535</xmin>
        <ymin>278.8200164794922</ymin>
        <xmax>1110.9728649250233</xmax>
        <ymax>337.85999450683596</ymax>
    </bndbox>
</object><object>
    <name>black ball</name>
    <pose>Unspecified</pose>
    <truncated>0</truncated>
    <difficult>0</difficult>
    <bndbox>
        <xmin>1041.8744142455482</xmin>
        <ymin>234.17998352050782</ymin>
        <xmax>1099.456419868791</xmax>
        <ymax>286.0200164794922</ymax>
    </bndbox>
</object><object>
    <name>black ball</name>
    <pose>Unspecified</pose>
    <truncated>0</truncated>
    <difficult>0</difficult>
    <bndbox>
        <xmin>956.9409339854733</xmin>
        <ymin>287.4599945068359</ymin>
        <xmax>1001.5670762066542</xmax>
        <ymax>343.62001647949216</ymax>
    </bndbox>
</object><object>
    <name>red ball</name>
    <pose>Unspecified</pose>
    <truncated>0</truncated>
    <difficult>0</difficult>
    <bndbox>
        <xmin>905.1171508903468</xmin>
        <ymin>241.3799835205078</ymin>
        <xmax>948.3036551077788</xmax>
        <ymax>294.6599945068359</ymax>
    </bndbox>
</object>
</annotation>