<?xml version='1.0' encoding='utf-8'?>
<annotation verified="yes">
    <folder>Annotation</folder>
    <filename>frame_7489.jpg</filename>
    <path>wxt2-PascalVOC-export/Annotations/frame_7489.jpg</path>
    <source>
        <database>Unknown</database>
    </source>
    <size>
        <width>1920</width>
        <height>1080</height>
        <depth>3</depth>
    </size>
    <segmented>0</segmented>
    <object>
    <name>black ball</name>
    <pose>Unspecified</pose>
    <truncated>0</truncated>
    <difficult>0</difficult>
    <bndbox>
        <xmin>388.31868337043113</xmin>
        <ymin>358.0200164794922</ymin>
        <xmax>538.0318650421743</xmax>
        <ymax>503.459994506836</ymax>
    </bndbox>
</object><object>
    <name>black ball</name>
    <pose>Unspecified</pose>
    <truncated>0</truncated>
    <difficult>0</difficult>
    <bndbox>
        <xmin>538.0318650421743</xmin>
        <ymin>281.6999725341797</ymin>
        <xmax>625.8444016518275</xmax>
        <ymax>395.459994506836</ymax>
    </bndbox>
</object><object>
    <name>red ball</name>
    <pose>Unspecified</pose>
    <truncated>0</truncated>
    <difficult>0</difficult>
    <bndbox>
        <xmin>699.2615466846298</xmin>
        <ymin>317.6999725341797</ymin>
        <xmax>802.9091128748829</xmax>
        <ymax>428.5799835205079</ymax>
    </bndbox>
</object><object>
    <name>red ball</name>
    <pose>Unspecified</pose>
    <truncated>0</truncated>
    <difficult>0</difficult>
    <bndbox>
        <xmin>833.1396438612934</xmin>
        <ymin>425.6999725341797</ymin>
        <xmax>929.5895691776008</xmax>
        <ymax>536.5799835205079</ymax>
    </bndbox>
</object><object>
    <name>black ball</name>
    <pose>Unspecified</pose>
    <truncated>0</truncated>
    <difficult>0</difficult>
    <bndbox>
        <xmin>1013.0834114339269</xmin>
        <ymin>349.37998352050784</ymin>
        <xmax>1148.4011466143393</xmax>
        <ymax>477.54000549316413</ymax>
    </bndbox>
</object><object>
    <name>red ball</name>
    <pose>Unspecified</pose>
    <truncated>0</truncated>
    <difficult>0</difficult>
    <bndbox>
        <xmin>1244.850962101687</xmin>
        <ymin>510.659994506836</ymin>
        <xmax>1364.3336677014995</xmax>
        <ymax>666.1799835205079</ymax>
    </bndbox>
</object><object>
    <name>red ball</name>
    <pose>Unspecified</pose>
    <truncated>0</truncated>
    <difficult>0</difficult>
    <bndbox>
        <xmin>1522.6842929943768</xmin>
        <ymin>451.6200164794922</ymin>
        <xmax>1640.7273605904406</xmax>
        <ymax>586.9799835205079</ymax>
    </bndbox>
</object><object>
    <name>black ball</name>
    <pose>Unspecified</pose>
    <truncated>0</truncated>
    <difficult>0</difficult>
    <bndbox>
        <xmin>1283.7188817947517</xmin>
        <ymin>660.4199615478516</ymin>
        <xmax>1450.7067859653234</xmax>
        <ymax>840.4199615478516</ymax>
    </bndbox>
</object><object>
    <name>red ball</name>
    <pose>Unspecified</pose>
    <truncated>0</truncated>
    <difficult>0</difficult>
    <bndbox>
        <xmin>857.6120621485474</xmin>
        <ymin>566.8200164794922</ymin>
        <xmax>1066.3468325328022</xmax>
        <ymax>801.5400054931641</ymax>
    </bndbox>
</object><object>
    <name>black ball</name>
    <pose>Unspecified</pose>
    <truncated>0</truncated>
    <difficult>0</difficult>
    <bndbox>
        <xmin>579.7788410848173</xmin>
        <ymin>536.5799835205079</ymin>
        <xmax>738.1293565487348</xmax>
        <ymax>733.8600494384766</ymax>
    </bndbox>
</object>
</annotation>