<?xml version='1.0' encoding='utf-8'?>
<annotation verified="yes">
    <folder>Annotation</folder>
    <filename>frame_7521.jpg</filename>
    <path>wxt2-PascalVOC-export/Annotations/frame_7521.jpg</path>
    <source>
        <database>Unknown</database>
    </source>
    <size>
        <width>1920</width>
        <height>1080</height>
        <depth>3</depth>
    </size>
    <segmented>0</segmented>
    <object>
    <name>red ball</name>
    <pose>Unspecified</pose>
    <truncated>0</truncated>
    <difficult>0</difficult>
    <bndbox>
        <xmin>1367.2127240510779</xmin>
        <ymin>559.6200164794922</ymin>
        <xmax>1515.4865422914716</xmax>
        <ymax>746.8199615478516</ymax>
    </bndbox>
</object><object>
    <name>red ball</name>
    <pose>Unspecified</pose>
    <truncated>0</truncated>
    <difficult>0</difficult>
    <bndbox>
        <xmin>1036.116191717432</xmin>
        <ymin>476.0999725341797</ymin>
        <xmax>1135.4451733833178</xmax>
        <ymax>595.6199615478515</ymax>
    </bndbox>
</object><object>
    <name>black ball</name>
    <pose>Unspecified</pose>
    <truncated>0</truncated>
    <difficult>0</difficult>
    <bndbox>
        <xmin>863.3701748477039</xmin>
        <ymin>530.8200164794922</ymin>
        <xmax>967.0178508669167</xmax>
        <ymax>641.7000274658203</ymax>
    </bndbox>
</object><object>
    <name>red ball</name>
    <pose>Unspecified</pose>
    <truncated>0</truncated>
    <difficult>0</difficult>
    <bndbox>
        <xmin>997.248381853327</xmin>
        <ymin>355.1400054931641</ymin>
        <xmax>1063.4676663542643</xmax>
        <ymax>427.1400054931641</ymax>
    </bndbox>
</object><object>
    <name>red ball</name>
    <pose>Unspecified</pose>
    <truncated>0</truncated>
    <difficult>0</difficult>
    <bndbox>
        <xmin>1057.7094438261481</xmin>
        <ymin>270.17998352050785</ymin>
        <xmax>1128.2474226804125</xmax>
        <ymax>352.259994506836</ymax>
    </bndbox>
</object><object>
    <name>black ball</name>
    <pose>Unspecified</pose>
    <truncated>0</truncated>
    <difficult>0</difficult>
    <bndbox>
        <xmin>1193.0271790065603</xmin>
        <ymin>352.25999450683594</ymin>
        <xmax>1313.949412781162</xmax>
        <ymax>463.14000549316404</ymax>
    </bndbox>
</object><object>
    <name>black ball</name>
    <pose>Unspecified</pose>
    <truncated>0</truncated>
    <difficult>0</difficult>
    <bndbox>
        <xmin>880.6448424320524</xmin>
        <ymin>268.74000549316406</ymin>
        <xmax>949.7431832825679</xmax>
        <ymax>340.74000549316406</ymax>
    </bndbox>
</object>
</annotation>