<?xml version='1.0' encoding='utf-8'?>
<annotation verified="yes">
    <folder>Annotation</folder>
    <filename>frame_7552.jpg</filename>
    <path>wxt2-PascalVOC-export/Annotations/frame_7552.jpg</path>
    <source>
        <database>Unknown</database>
    </source>
    <size>
        <width>1920</width>
        <height>1080</height>
        <depth>3</depth>
    </size>
    <segmented>0</segmented>
    <object>
    <name>red ball</name>
    <pose>Unspecified</pose>
    <truncated>0</truncated>
    <difficult>0</difficult>
    <bndbox>
        <xmin>879.2053142572634</xmin>
        <ymin>389.6999725341797</ymin>
        <xmax>949.743183282568</xmax>
        <ymax>473.22001647949224</ymax>
    </bndbox>
</object><object>
    <name>red ball</name>
    <pose>Unspecified</pose>
    <truncated>0</truncated>
    <difficult>0</difficult>
    <bndbox>
        <xmin>715.0965762652296</xmin>
        <ymin>584.1000274658203</ymin>
        <xmax>851.8538396204311</xmax>
        <ymax>733.8600494384766</ymax>
    </bndbox>
</object><object>
    <name>red ball</name>
    <pose>Unspecified</pose>
    <truncated>0</truncated>
    <difficult>0</difficult>
    <bndbox>
        <xmin>1069.2258888823806</xmin>
        <ymin>620.1000274658203</ymin>
        <xmax>1154.1593691424555</xmax>
        <ymax>742.5000274658203</ymax>
    </bndbox>
</object><object>
    <name>black ball</name>
    <pose>Unspecified</pose>
    <truncated>0</truncated>
    <difficult>0</difficult>
    <bndbox>
        <xmin>677.6682945759138</xmin>
        <ymin>401.2200164794922</ymin>
        <xmax>752.5248579545455</xmax>
        <ymax>499.14000549316404</ymax>
    </bndbox>
</object><object>
    <name>black ball</name>
    <pose>Unspecified</pose>
    <truncated>0</truncated>
    <difficult>0</difficult>
    <bndbox>
        <xmin>945.4245987582005</xmin>
        <ymin>730.9799835205079</ymin>
        <xmax>1050.5116931232428</xmax>
        <ymax>851.9400054931641</ymax>
    </bndbox>
</object><object>
    <name>red ball</name>
    <pose>Unspecified</pose>
    <truncated>0</truncated>
    <difficult>0</difficult>
    <bndbox>
        <xmin>1398.8828930412371</xmin>
        <ymin>638.8199615478516</ymin>
        <xmax>1522.6842929943768</xmax>
        <ymax>800.1000274658203</ymax>
    </bndbox>
</object><object>
    <name>red ball</name>
    <pose>Unspecified</pose>
    <truncated>0</truncated>
    <difficult>0</difficult>
    <bndbox>
        <xmin>879.2053142572634</xmin>
        <ymin>491.94000549316405</ymin>
        <xmax>956.9409339854733</xmax>
        <ymax>576.8999725341797</ymax>
    </bndbox>
</object><object>
    <name>black ball</name>
    <pose>Unspecified</pose>
    <truncated>0</truncated>
    <difficult>0</difficult>
    <bndbox>
        <xmin>1083.6213902881912</xmin>
        <ymin>458.8200164794922</ymin>
        <xmax>1174.3130930763823</xmax>
        <ymax>581.2199615478515</ymax>
    </bndbox>
</object><object>
    <name>black ball</name>
    <pose>Unspecified</pose>
    <truncated>0</truncated>
    <difficult>0</difficult>
    <bndbox>
        <xmin>828.8210593369259</xmin>
        <ymin>356.5799835205078</ymin>
        <xmax>873.4470917291471</xmax>
        <ymax>430.0200164794922</ymax>
    </bndbox>
</object>
</annotation>