<?xml version='1.0' encoding='utf-8'?>
<annotation verified="yes">
    <folder>Annotation</folder>
    <filename>frame_7433.jpg</filename>
    <path>wxt2-PascalVOC-export/Annotations/frame_7433.jpg</path>
    <source>
        <database>Unknown</database>
    </source>
    <size>
        <width>1920</width>
        <height>1080</height>
        <depth>3</depth>
    </size>
    <segmented>0</segmented>
    <object>
    <name>crossing</name>
    <pose>Unspecified</pose>
    <truncated>0</truncated>
    <difficult>0</difficult>
    <bndbox>
        <xmin>1141.203395911434</xmin>
        <ymin>455.94000549316405</ymin>
        <xmax>1583.1453549671978</xmax>
        <ymax>702.1799835205078</ymax>
    </bndbox>
</object><object>
    <name>black ball</name>
    <pose>Unspecified</pose>
    <truncated>0</truncated>
    <difficult>0</difficult>
    <bndbox>
        <xmin>1516.925960637301</xmin>
        <ymin>255.7799835205078</ymin>
        <xmax>1561.5521028584817</xmax>
        <ymax>296.0999725341797</ymax>
    </bndbox>
</object><object>
    <name>red ball</name>
    <pose>Unspecified</pose>
    <truncated>0</truncated>
    <difficult>0</difficult>
    <bndbox>
        <xmin>1570.1892719072164</xmin>
        <ymin>228.4200164794922</ymin>
        <xmax>1610.4967197750702</xmax>
        <ymax>275.9400054931641</ymax>
    </bndbox>
</object><object>
    <name>red ball</name>
    <pose>Unspecified</pose>
    <truncated>0</truncated>
    <difficult>0</difficult>
    <bndbox>
        <xmin>1414.7179226218368</xmin>
        <ymin>251.45999450683595</ymin>
        <xmax>1462.2230113636363</xmax>
        <ymax>294.659994506836</ymax>
    </bndbox>
</object><object>
    <name>black ball</name>
    <pose>Unspecified</pose>
    <truncated>0</truncated>
    <difficult>0</difficult>
    <bndbox>
        <xmin>1388.8059761597938</xmin>
        <ymin>221.2200164794922</ymin>
        <xmax>1440.62986908388</xmax>
        <ymax>262.9799835205078</ymax>
    </bndbox>
</object><object>
    <name>black ball</name>
    <pose>Unspecified</pose>
    <truncated>0</truncated>
    <difficult>0</difficult>
    <bndbox>
        <xmin>1331.2239705365512</xmin>
        <ymin>242.82001647949218</ymin>
        <xmax>1385.9269198102156</xmax>
        <ymax>291.7799835205078</ymax>
    </bndbox>
</object><object>
    <name>red ball</name>
    <pose>Unspecified</pose>
    <truncated>0</truncated>
    <difficult>0</difficult>
    <bndbox>
        <xmin>1273.6419649133084</xmin>
        <ymin>218.34000549316406</ymin>
        <xmax>1303.8726057286785</xmax>
        <ymax>254.34000549316406</ymax>
    </bndbox>
</object><object>
    <name>black ball</name>
    <pose>Unspecified</pose>
    <truncated>0</truncated>
    <difficult>0</difficult>
    <bndbox>
        <xmin>1213.1809029404874</xmin>
        <ymin>226.97998352050783</ymin>
        <xmax>1252.0487128045925</xmax>
        <ymax>280.25999450683594</ymax>
    </bndbox>
</object>
</annotation>