<?xml version='1.0' encoding='utf-8'?>
<annotation verified="yes">
    <folder>Annotation</folder>
    <filename>frame_7905.jpg</filename>
    <path>wxt2-PascalVOC-export/Annotations/frame_7905.jpg</path>
    <source>
        <database>Unknown</database>
    </source>
    <size>
        <width>1920</width>
        <height>1080</height>
        <depth>3</depth>
    </size>
    <segmented>0</segmented>
    <object>
    <name>red start</name>
    <pose>Unspecified</pose>
    <truncated>0</truncated>
    <difficult>0</difficult>
    <bndbox>
        <xmin>837.8181818181819</xmin>
        <ymin>630.2066382583307</ymin>
        <xmax>1424.2909315191387</xmax>
        <ymax>694.8597219038983</ymax>
    </bndbox>
</object><object>
    <name>crossing</name>
    <pose>Unspecified</pose>
    <truncated>0</truncated>
    <difficult>0</difficult>
    <bndbox>
        <xmin>1337.5693779904307</xmin>
        <ymin>866.7780444086815</ymin>
        <xmax>1725.6116178229665</xmax>
        <ymax>969.6351872658244</ymax>
    </bndbox>
</object><object>
    <name>black ball</name>
    <pose>Unspecified</pose>
    <truncated>0</truncated>
    <difficult>0</difficult>
    <bndbox>
        <xmin>430.66793136961724</xmin>
        <ymin>622.8596994828205</ymin>
        <xmax>483.5827975478469</xmax>
        <ymax>661.0637586943957</ymax>
    </bndbox>
</object><object>
    <name>red ball</name>
    <pose>Unspecified</pose>
    <truncated>0</truncated>
    <difficult>0</difficult>
    <bndbox>
        <xmin>307.20002242822966</xmin>
        <ymin>628.7372729243065</ymin>
        <xmax>374.81339712918657</xmax>
        <ymax>680.1658443528779</ymax>
    </bndbox>
</object><object>
    <name>black ball</name>
    <pose>Unspecified</pose>
    <truncated>0</truncated>
    <difficult>0</difficult>
    <bndbox>
        <xmin>214.59907670454547</xmin>
        <ymin>636.0842116998167</ymin>
        <xmax>257.22488038277515</xmax>
        <ymax>681.6352096869022</ymax>
    </bndbox>
</object><object>
    <name>red ball</name>
    <pose>Unspecified</pose>
    <truncated>0</truncated>
    <difficult>0</difficult>
    <bndbox>
        <xmin>167.56365879186603</xmin>
        <ymin>631.676003592355</ymin>
        <xmax>214.59907670454547</xmax>
        <ymax>688.9821484624124</ymax>
    </bndbox>
</object><object>
    <name>red ball</name>
    <pose>Unspecified</pose>
    <truncated>0</truncated>
    <difficult>0</difficult>
    <bndbox>
        <xmin>105.82967628588517</xmin>
        <ymin>618.4514913753587</ymin>
        <xmax>160.2143764952153</xmax>
        <ymax>675.7576362454162</ymax>
    </bndbox>
</object>
</annotation>