<?xml version='1.0' encoding='utf-8'?>
<annotation verified="yes">
    <folder>Annotation</folder>
    <filename>frame_7635.jpg</filename>
    <path>wxt2-PascalVOC-export/Annotations/frame_7635.jpg</path>
    <source>
        <database>Unknown</database>
    </source>
    <size>
        <width>1920</width>
        <height>1080</height>
        <depth>3</depth>
    </size>
    <segmented>0</segmented>
    <object>
    <name>black ball</name>
    <pose>Unspecified</pose>
    <truncated>0</truncated>
    <difficult>0</difficult>
    <bndbox>
        <xmin>1098.016891694002</xmin>
        <ymin>405.5400054931641</ymin>
        <xmax>1136.8847015581068</xmax>
        <ymax>448.74000549316406</ymax>
    </bndbox>
</object><object>
    <name>black ball</name>
    <pose>Unspecified</pose>
    <truncated>0</truncated>
    <difficult>0</difficult>
    <bndbox>
        <xmin>1007.3251889058107</xmin>
        <ymin>422.8200164794922</ymin>
        <xmax>1069.2258888823806</xmax>
        <ymax>461.6999725341797</ymax>
    </bndbox>
</object><object>
    <name>black ball</name>
    <pose>Unspecified</pose>
    <truncated>0</truncated>
    <difficult>0</difficult>
    <bndbox>
        <xmin>948.3036551077788</xmin>
        <ymin>408.4200164794922</ymin>
        <xmax>988.6111029756325</xmax>
        <ymax>447.2999725341797</ymax>
    </bndbox>
</object><object>
    <name>black ball</name>
    <pose>Unspecified</pose>
    <truncated>0</truncated>
    <difficult>0</difficult>
    <bndbox>
        <xmin>982.8528804475164</xmin>
        <ymin>442.9799835205078</ymin>
        <xmax>1033.2371353678539</xmax>
        <ymax>496.25999450683594</ymax>
    </bndbox>
</object><object>
    <name>red ball</name>
    <pose>Unspecified</pose>
    <truncated>0</truncated>
    <difficult>0</difficult>
    <bndbox>
        <xmin>915.1940677717901</xmin>
        <ymin>441.5400054931641</ymin>
        <xmax>959.8201001640113</xmax>
        <ymax>496.25999450683594</ymax>
    </bndbox>
</object><object>
    <name>red ball</name>
    <pose>Unspecified</pose>
    <truncated>0</truncated>
    <difficult>0</difficult>
    <bndbox>
        <xmin>804.348641049672</xmin>
        <ymin>421.37998352050784</ymin>
        <xmax>847.535145267104</xmax>
        <ymax>458.8200164794922</ymax>
    </bndbox>
</object><object>
    <name>red ball</name>
    <pose>Unspecified</pose>
    <truncated>0</truncated>
    <difficult>0</difficult>
    <bndbox>
        <xmin>827.3814213331772</xmin>
        <ymin>455.94000549316405</ymin>
        <xmax>863.3701748477039</xmax>
        <ymax>507.7799835205078</ymax>
    </bndbox>
</object><object>
    <name>black ball</name>
    <pose>Unspecified</pose>
    <truncated>0</truncated>
    <difficult>0</difficult>
    <bndbox>
        <xmin>733.8106621954076</xmin>
        <ymin>414.17998352050785</ymin>
        <xmax>775.5576382380506</xmax>
        <ymax>463.1400054931641</ymax>
    </bndbox>
</object>
</annotation>