<?xml version='1.0' encoding='utf-8'?>
<annotation verified="yes">
    <folder>Annotation</folder>
    <filename>frame_7535.jpg</filename>
    <path>wxt2-PascalVOC-export/Annotations/frame_7535.jpg</path>
    <source>
        <database>Unknown</database>
    </source>
    <size>
        <width>1920</width>
        <height>1080</height>
        <depth>3</depth>
    </size>
    <segmented>0</segmented>
    <object>
    <name>black ball</name>
    <pose>Unspecified</pose>
    <truncated>0</truncated>
    <difficult>0</difficult>
    <bndbox>
        <xmin>837.4583382146204</xmin>
        <ymin>499.1400054931641</ymin>
        <xmax>923.8313466494845</xmax>
        <ymax>584.1000274658204</ymax>
    </bndbox>
</object><object>
    <name>red ball</name>
    <pose>Unspecified</pose>
    <truncated>0</truncated>
    <difficult>0</difficult>
    <bndbox>
        <xmin>991.4901593252108</xmin>
        <ymin>451.6200164794922</ymin>
        <xmax>1067.7863607075913</xmax>
        <ymax>561.059994506836</ymax>
    </bndbox>
</object><object>
    <name>red ball</name>
    <pose>Unspecified</pose>
    <truncated>0</truncated>
    <difficult>0</difficult>
    <bndbox>
        <xmin>1197.3458733598875</xmin>
        <ymin>536.5799835205079</ymin>
        <xmax>1303.8726057286785</xmax>
        <ymax>674.8199615478517</ymax>
    </bndbox>
</object><object>
    <name>black ball</name>
    <pose>Unspecified</pose>
    <truncated>0</truncated>
    <difficult>0</difficult>
    <bndbox>
        <xmin>1177.1921494259607</xmin>
        <ymin>353.6999725341797</ymin>
        <xmax>1289.477104322868</xmax>
        <ymax>448.7400054931641</ymax>
    </bndbox>
</object><object>
    <name>red ball</name>
    <pose>Unspecified</pose>
    <truncated>0</truncated>
    <difficult>0</difficult>
    <bndbox>
        <xmin>1121.049671977507</xmin>
        <ymin>284.5799835205078</ymin>
        <xmax>1177.1921494259605</xmax>
        <ymax>356.5799835205078</ymax>
    </bndbox>
</object><object>
    <name>black ball</name>
    <pose>Unspecified</pose>
    <truncated>0</truncated>
    <difficult>0</difficult>
    <bndbox>
        <xmin>1030.3580790182755</xmin>
        <ymin>350.8200164794922</ymin>
        <xmax>1095.1378353444236</xmax>
        <ymax>421.37998352050784</ymax>
    </bndbox>
</object><object>
    <name>black ball</name>
    <pose>Unspecified</pose>
    <truncated>0</truncated>
    <difficult>0</difficult>
    <bndbox>
        <xmin>971.336435391284</xmin>
        <ymin>278.8200164794922</ymin>
        <xmax>1036.116191717432</xmax>
        <ymax>350.8200164794922</ymax>
    </bndbox>
</object><object>
    <name>red ball</name>
    <pose>Unspecified</pose>
    <truncated>0</truncated>
    <difficult>0</difficult>
    <bndbox>
        <xmin>812.9859199273665</xmin>
        <ymin>394.0200164794922</ymin>
        <xmax>912.3149015932521</xmax>
        <ymax>490.49997253417973</ymax>
    </bndbox>
</object>
</annotation>