<?xml version='1.0' encoding='utf-8'?>
<annotation verified="yes">
    <folder>Annotation</folder>
    <filename>frame_7525.jpg</filename>
    <path>wxt2-PascalVOC-export/Annotations/frame_7525.jpg</path>
    <source>
        <database>Unknown</database>
    </source>
    <size>
        <width>1920</width>
        <height>1080</height>
        <depth>3</depth>
    </size>
    <segmented>0</segmented>
    <object>
    <name>red ball</name>
    <pose>Unspecified</pose>
    <truncated>0</truncated>
    <difficult>0</difficult>
    <bndbox>
        <xmin>706.4592973875351</xmin>
        <ymin>262.9799835205078</ymin>
        <xmax>818.7441424554827</xmax>
        <ymax>372.4200164794922</ymax>
    </bndbox>
</object><object>
    <name>black ball</name>
    <pose>Unspecified</pose>
    <truncated>0</truncated>
    <difficult>0</difficult>
    <bndbox>
        <xmin>774.1181100632615</xmin>
        <ymin>382.4999725341797</ymin>
        <xmax>872.0075635543581</xmax>
        <ymax>480.4200164794922</ymax>
    </bndbox>
</object><object>
    <name>red ball</name>
    <pose>Unspecified</pose>
    <truncated>0</truncated>
    <difficult>0</difficult>
    <bndbox>
        <xmin>943.9850705834115</xmin>
        <ymin>326.3400054931641</ymin>
        <xmax>1024.5998564901593</xmax>
        <ymax>442.97998352050786</ymax>
    </bndbox>
</object><object>
    <name>red ball</name>
    <pose>Unspecified</pose>
    <truncated>0</truncated>
    <difficult>0</difficult>
    <bndbox>
        <xmin>1207.4226804123712</xmin>
        <ymin>396.8999725341797</ymin>
        <xmax>1326.9053860121837</xmax>
        <ymax>556.7400054931641</ymax>
    </bndbox>
</object><object>
    <name>black ball</name>
    <pose>Unspecified</pose>
    <truncated>0</truncated>
    <difficult>0</difficult>
    <bndbox>
        <xmin>1125.368366330834</xmin>
        <ymin>212.57998352050782</ymin>
        <xmax>1236.2136832239926</xmax>
        <ymax>322.0200164794922</ymax>
    </bndbox>
</object><object>
    <name>red ball</name>
    <pose>Unspecified</pose>
    <truncated>0</truncated>
    <difficult>0</difficult>
    <bndbox>
        <xmin>945.4245987582005</xmin>
        <ymin>211.14000549316407</ymin>
        <xmax>1011.6438832591377</xmax>
        <ymax>296.0999725341797</ymax>
    </bndbox>
</object><object>
    <name>red ball</name>
    <pose>Unspecified</pose>
    <truncated>0</truncated>
    <difficult>0</difficult>
    <bndbox>
        <xmin>1030.3580790182755</xmin>
        <ymin>143.45999450683595</ymin>
        <xmax>1090.8191409910964</xmax>
        <ymax>224.0999725341797</ymax>
    </bndbox>
</object>
</annotation>