<?xml version='1.0' encoding='utf-8'?>
<annotation verified="yes">
    <folder>Annotation</folder>
    <filename>frame_7922.jpg</filename>
    <path>wxt2-PascalVOC-export/Annotations/frame_7922.jpg</path>
    <source>
        <database>Unknown</database>
    </source>
    <size>
        <width>1920</width>
        <height>1080</height>
        <depth>3</depth>
    </size>
    <segmented>0</segmented>
    <object>
    <name>black ball</name>
    <pose>Unspecified</pose>
    <truncated>0</truncated>
    <difficult>0</difficult>
    <bndbox>
        <xmin>22.047846889952154</xmin>
        <ymin>537.6352208974411</ymin>
        <xmax>72.0229889354067</xmax>
        <ymax>599.3495178222656</ymax>
    </bndbox>
</object><object>
    <name>black ball</name>
    <pose>Unspecified</pose>
    <truncated>0</truncated>
    <difficult>0</difficult>
    <bndbox>
        <xmin>271.92344497607655</xmin>
        <ymin>524.4107086804448</ymin>
        <xmax>335.1272615131579</xmax>
        <ymax>572.9004933882733</ymax>
    </bndbox>
</object><object>
    <name>red ball</name>
    <pose>Unspecified</pose>
    <truncated>0</truncated>
    <difficult>0</difficult>
    <bndbox>
        <xmin>132.28708133971293</xmin>
        <ymin>531.7576474559551</ymin>
        <xmax>204.31007027511964</xmax>
        <ymax>596.4106750488281</ymax>
    </bndbox>
</object><object>
    <name>red start</name>
    <pose>Unspecified</pose>
    <truncated>0</truncated>
    <difficult>0</difficult>
    <bndbox>
        <xmin>724.6392793062201</xmin>
        <ymin>530.2882821219308</ymin>
        <xmax>1362.557005083732</xmax>
        <ymax>594.9413097148039</ymax>
    </bndbox>
</object><object>
    <name>crossing</name>
    <pose>Unspecified</pose>
    <truncated>0</truncated>
    <difficult>0</difficult>
    <bndbox>
        <xmin>1290.5340161483255</xmin>
        <ymin>824.1657770896445</ymin>
        <xmax>1741.7799043062203</xmax>
        <ymax>953.4719443807797</ymax>
    </bndbox>
</object>
</annotation>