<?xml version='1.0' encoding='utf-8'?>
<annotation verified="yes">
    <folder>Annotation</folder>
    <filename>frame_7502.jpg</filename>
    <path>wxt2-PascalVOC-export/Annotations/frame_7502.jpg</path>
    <source>
        <database>Unknown</database>
    </source>
    <size>
        <width>1920</width>
        <height>1080</height>
        <depth>3</depth>
    </size>
    <segmented>0</segmented>
    <object>
    <name>red ball</name>
    <pose>Unspecified</pose>
    <truncated>0</truncated>
    <difficult>0</difficult>
    <bndbox>
        <xmin>1486.6955394798501</xmin>
        <ymin>627.3000274658203</ymin>
        <xmax>1645.0460549437676</xmax>
        <ymax>804.4199615478516</ymax>
    </bndbox>
</object><object>
    <name>black ball</name>
    <pose>Unspecified</pose>
    <truncated>0</truncated>
    <difficult>0</difficult>
    <bndbox>
        <xmin>1421.9156733247423</xmin>
        <ymin>804.4199615478516</ymin>
        <xmax>1581.705716963449</xmax>
        <ymax>968.5799835205079</ymax>
    </bndbox>
</object><object>
    <name>red ball</name>
    <pose>Unspecified</pose>
    <truncated>0</truncated>
    <difficult>0</difficult>
    <bndbox>
        <xmin>1051.9513311269916</xmin>
        <ymin>592.7400054931641</ymin>
        <xmax>1201.664457884255</xmax>
        <ymax>791.4600494384765</ymax>
    </bndbox>
</object><object>
    <name>red ball</name>
    <pose>Unspecified</pose>
    <truncated>0</truncated>
    <difficult>0</difficult>
    <bndbox>
        <xmin>1126.8078945056232</xmin>
        <ymin>466.0200164794922</ymin>
        <xmax>1214.6204311152765</xmax>
        <ymax>566.8200164794922</ymax>
    </bndbox>
</object><object>
    <name>red ball</name>
    <pose>Unspecified</pose>
    <truncated>0</truncated>
    <difficult>0</difficult>
    <bndbox>
        <xmin>1073.5445832357075</xmin>
        <ymin>356.5799835205078</ymin>
        <xmax>1152.7198409676662</xmax>
        <ymax>444.42001647949223</ymax>
    </bndbox>
</object><object>
    <name>black ball</name>
    <pose>Unspecified</pose>
    <truncated>0</truncated>
    <difficult>0</difficult>
    <bndbox>
        <xmin>968.4573790417057</xmin>
        <ymin>314.8200164794922</ymin>
        <xmax>1037.555829721181</xmax>
        <ymax>395.459994506836</ymax>
    </bndbox>
</object><object>
    <name>black ball</name>
    <pose>Unspecified</pose>
    <truncated>0</truncated>
    <difficult>0</difficult>
    <bndbox>
        <xmin>837.4583382146204</xmin>
        <ymin>362.3400054931641</ymin>
        <xmax>926.7104029990628</xmax>
        <ymax>466.0200164794922</ymax>
    </bndbox>
</object><object>
    <name>black ball</name>
    <pose>Unspecified</pose>
    <truncated>0</truncated>
    <difficult>0</difficult>
    <bndbox>
        <xmin>869.1283973758201</xmin>
        <ymin>526.4999725341797</ymin>
        <xmax>979.9738240979382</xmax>
        <ymax>667.6199615478516</ymax>
    </bndbox>
</object><object>
    <name>black ball</name>
    <pose>Unspecified</pose>
    <truncated>0</truncated>
    <difficult>0</difficult>
    <bndbox>
        <xmin>1374.4104747539832</xmin>
        <ymin>432.8999725341797</ymin>
        <xmax>1479.4977887769448</xmax>
        <ymax>550.9799835205079</ymax>
    </bndbox>
</object>
</annotation>