<?xml version='1.0' encoding='utf-8'?>
<annotation verified="yes">
    <folder>Annotation</folder>
    <filename>frame_7495.jpg</filename>
    <path>wxt2-PascalVOC-export/Annotations/frame_7495.jpg</path>
    <source>
        <database>Unknown</database>
    </source>
    <size>
        <width>1920</width>
        <height>1080</height>
        <depth>3</depth>
    </size>
    <segmented>0</segmented>
    <object>
    <name>red ball</name>
    <pose>Unspecified</pose>
    <truncated>0</truncated>
    <difficult>0</difficult>
    <bndbox>
        <xmin>831.7001156865042</xmin>
        <ymin>595.6199615478516</ymin>
        <xmax>1001.5670762066542</xmax>
        <ymax>814.5000274658204</ymax>
    </bndbox>
</object><object>
    <name>black ball</name>
    <pose>Unspecified</pose>
    <truncated>0</truncated>
    <difficult>0</difficult>
    <bndbox>
        <xmin>431.5051875878632</xmin>
        <ymin>340.74000549316406</ymin>
        <xmax>565.3833396790066</xmax>
        <ymax>490.49997253417973</ymax>
    </bndbox>
</object><object>
    <name>black ball</name>
    <pose>Unspecified</pose>
    <truncated>0</truncated>
    <difficult>0</difficult>
    <bndbox>
        <xmin>594.174342490628</xmin>
        <ymin>265.85999450683596</ymin>
        <xmax>684.8660452788191</xmax>
        <ymax>362.3400054931641</ymax>
    </bndbox>
</object><object>
    <name>black ball</name>
    <pose>Unspecified</pose>
    <truncated>0</truncated>
    <difficult>0</difficult>
    <bndbox>
        <xmin>538.0318650421743</xmin>
        <ymin>527.9400054931641</ymin>
        <xmax>722.294326968135</xmax>
        <ymax>739.6199615478516</ymax>
    </bndbox>
</object><object>
    <name>red ball</name>
    <pose>Unspecified</pose>
    <truncated>0</truncated>
    <difficult>0</difficult>
    <bndbox>
        <xmin>732.3711340206186</xmin>
        <ymin>298.9799835205078</ymin>
        <xmax>831.7001156865042</xmax>
        <ymax>408.4200164794922</ymax>
    </bndbox>
</object><object>
    <name>red ball</name>
    <pose>Unspecified</pose>
    <truncated>0</truncated>
    <difficult>0</difficult>
    <bndbox>
        <xmin>847.535145267104</xmin>
        <ymin>418.4999725341797</ymin>
        <xmax>943.9850705834114</xmax>
        <ymax>540.8999725341797</ymax>
    </bndbox>
</object><object>
    <name>red ball</name>
    <pose>Unspecified</pose>
    <truncated>0</truncated>
    <difficult>0</difficult>
    <bndbox>
        <xmin>1257.8069353327085</xmin>
        <ymin>543.7799835205078</ymin>
        <xmax>1390.2456141635425</xmax>
        <ymax>712.2600494384766</ymax>
    </bndbox>
</object><object>
    <name>red ball</name>
    <pose>Unspecified</pose>
    <truncated>0</truncated>
    <difficult>0</difficult>
    <bndbox>
        <xmin>1578.8266606138707</xmin>
        <ymin>494.8200164794922</ymin>
        <xmax>1763.0891225398314</xmax>
        <ymax>654.6600494384766</ymax>
    </bndbox>
</object><object>
    <name>black ball</name>
    <pose>Unspecified</pose>
    <truncated>0</truncated>
    <difficult>0</difficult>
    <bndbox>
        <xmin>1234.7741550492033</xmin>
        <ymin>729.5400054931641</ymin>
        <xmax>1424.7947296743205</xmax>
        <ymax>908.1000274658204</ymax>
    </bndbox>
</object><object>
    <name>black ball</name>
    <pose>Unspecified</pose>
    <truncated>0</truncated>
    <difficult>0</difficult>
    <bndbox>
        <xmin>1074.9841114104968</xmin>
        <ymin>347.94000549316405</ymin>
        <xmax>1187.2689564784444</xmax>
        <ymax>470.3400054931641</ymax>
    </bndbox>
</object>
</annotation>