<?xml version='1.0' encoding='utf-8'?>
<annotation verified="yes">
    <folder>Annotation</folder>
    <filename>frame_7527.jpg</filename>
    <path>wxt2-PascalVOC-export/Annotations/frame_7527.jpg</path>
    <source>
        <database>Unknown</database>
    </source>
    <size>
        <width>1920</width>
        <height>1080</height>
        <depth>3</depth>
    </size>
    <segmented>0</segmented>
    <object>
    <name>red ball</name>
    <pose>Unspecified</pose>
    <truncated>0</truncated>
    <difficult>0</difficult>
    <bndbox>
        <xmin>1108.0936987464854</xmin>
        <ymin>424.25999450683594</ymin>
        <xmax>1236.2136832239923</xmax>
        <ymax>572.5799835205078</ymax>
    </bndbox>
</object><object>
    <name>red ball</name>
    <pose>Unspecified</pose>
    <truncated>0</truncated>
    <difficult>0</difficult>
    <bndbox>
        <xmin>882.0843706068416</xmin>
        <ymin>356.5799835205078</ymin>
        <xmax>972.7760733950328</xmax>
        <ymax>466.0200164794922</ymax>
    </bndbox>
</object><object>
    <name>red ball</name>
    <pose>Unspecified</pose>
    <truncated>0</truncated>
    <difficult>0</difficult>
    <bndbox>
        <xmin>676.2286565721649</xmin>
        <ymin>294.659994506836</ymin>
        <xmax>792.8323058223992</xmax>
        <ymax>402.659994506836</ymax>
    </bndbox>
</object><object>
    <name>black ball</name>
    <pose>Unspecified</pose>
    <truncated>0</truncated>
    <difficult>0</difficult>
    <bndbox>
        <xmin>728.0525494962511</xmin>
        <ymin>399.7799835205078</ymin>
        <xmax>815.8650861059043</xmax>
        <ymax>509.2200164794922</ymax>
    </bndbox>
</object><object>
    <name>black ball</name>
    <pose>Unspecified</pose>
    <truncated>0</truncated>
    <difficult>0</difficult>
    <bndbox>
        <xmin>1077.863167760075</xmin>
        <ymin>245.6999725341797</ymin>
        <xmax>1188.7085944821931</xmax>
        <ymax>346.4999725341797</ymax>
    </bndbox>
</object><object>
    <name>red ball</name>
    <pose>Unspecified</pose>
    <truncated>0</truncated>
    <difficult>0</difficult>
    <bndbox>
        <xmin>903.6776227155576</xmin>
        <ymin>247.14000549316407</ymin>
        <xmax>988.6111029756325</xmax>
        <ymax>332.0999725341797</ymax>
    </bndbox>
</object>
</annotation>