<?xml version='1.0' encoding='utf-8'?>
<annotation verified="yes">
    <folder>Annotation</folder>
    <filename>frame_7611.jpg</filename>
    <path>wxt2-PascalVOC-export/Annotations/frame_7611.jpg</path>
    <source>
        <database>Unknown</database>
    </source>
    <size>
        <width>1920</width>
        <height>1080</height>
        <depth>3</depth>
    </size>
    <segmented>0</segmented>
    <object>
    <name>red ball</name>
    <pose>Unspecified</pose>
    <truncated>0</truncated>
    <difficult>0</difficult>
    <bndbox>
        <xmin>539.4713932169634</xmin>
        <ymin>350.8200164794922</ymin>
        <xmax>594.1743424906279</xmax>
        <ymax>411.2999725341797</ymax>
    </bndbox>
</object><object>
    <name>red ball</name>
    <pose>Unspecified</pose>
    <truncated>0</truncated>
    <difficult>0</difficult>
    <bndbox>
        <xmin>677.6682945759138</xmin>
        <ymin>379.6200164794922</ymin>
        <xmax>752.5248579545455</xmax>
        <ymax>454.49997253417973</ymax>
    </bndbox>
</object><object>
    <name>black ball</name>
    <pose>Unspecified</pose>
    <truncated>0</truncated>
    <difficult>0</difficult>
    <bndbox>
        <xmin>589.8556481373008</xmin>
        <ymin>320.5799835205078</ymin>
        <xmax>647.4376537605435</xmax>
        <ymax>379.6200164794922</ymax>
    </bndbox>
</object><object>
    <name>black ball</name>
    <pose>Unspecified</pose>
    <truncated>0</truncated>
    <difficult>0</difficult>
    <bndbox>
        <xmin>1070.6654170571696</xmin>
        <ymin>314.8200164794922</ymin>
        <xmax>1119.6101438027179</xmax>
        <ymax>359.459994506836</ymax>
    </bndbox>
</object><object>
    <name>black ball</name>
    <pose>Unspecified</pose>
    <truncated>0</truncated>
    <difficult>0</difficult>
    <bndbox>
        <xmin>880.6448424320524</xmin>
        <ymin>307.6200164794922</ymin>
        <xmax>922.3918184746954</xmax>
        <ymax>356.5799835205078</ymax>
    </bndbox>
</object><object>
    <name>red ball</name>
    <pose>Unspecified</pose>
    <truncated>0</truncated>
    <difficult>0</difficult>
    <bndbox>
        <xmin>778.4368044165885</xmin>
        <ymin>327.7799835205078</ymin>
        <xmax>844.6560889175257</xmax>
        <ymax>388.25999450683594</ymax>
    </bndbox>
</object><object>
    <name>red ball</name>
    <pose>Unspecified</pose>
    <truncated>0</truncated>
    <difficult>0</difficult>
    <bndbox>
        <xmin>669.0309058692596</xmin>
        <ymin>317.6999725341797</ymin>
        <xmax>739.568884723524</xmax>
        <ymax>376.7400054931641</ymax>
    </bndbox>
</object><object>
    <name>red ball</name>
    <pose>Unspecified</pose>
    <truncated>0</truncated>
    <difficult>0</difficult>
    <bndbox>
        <xmin>811.5463917525773</xmin>
        <ymin>372.4200164794922</ymin>
        <xmax>877.7656762535145</xmax>
        <ymax>442.9799835205078</ymax>
    </bndbox>
</object><object>
    <name>black ball</name>
    <pose>Unspecified</pose>
    <truncated>0</truncated>
    <difficult>0</difficult>
    <bndbox>
        <xmin>903.6776227155576</xmin>
        <ymin>362.3400054931641</ymin>
        <xmax>985.7319367970946</xmax>
        <ymax>438.659994506836</ymax>
    </bndbox>
</object><object>
    <name>black ball</name>
    <pose>Unspecified</pose>
    <truncated>0</truncated>
    <difficult>0</difficult>
    <bndbox>
        <xmin>961.2596283388003</xmin>
        <ymin>334.9799835205078</ymin>
        <xmax>1018.841633962043</xmax>
        <ymax>385.3799835205078</ymax>
    </bndbox>
</object>
</annotation>