<?xml version='1.0' encoding='utf-8'?>
<annotation verified="yes">
    <folder>Annotation</folder>
    <filename>frame_7929.jpg</filename>
    <path>wxt2-PascalVOC-export/Annotations/frame_7929.jpg</path>
    <source>
        <database>Unknown</database>
    </source>
    <size>
        <width>1920</width>
        <height>1080</height>
        <depth>3</depth>
    </size>
    <segmented>0</segmented>
    <object>
    <name>black ball</name>
    <pose>Unspecified</pose>
    <truncated>0</truncated>
    <difficult>0</difficult>
    <bndbox>
        <xmin>349.8258261064593</xmin>
        <ymin>596.4106750488281</ymin>
        <xmax>410.0899745813397</xmax>
        <ymax>650.7780892508371</ymax>
    </bndbox>
</object><object>
    <name>red ball</name>
    <pose>Unspecified</pose>
    <truncated>0</truncated>
    <difficult>0</difficult>
    <bndbox>
        <xmin>201.3703461423445</xmin>
        <ymin>609.6351872658244</ymin>
        <xmax>276.33300313995215</xmax>
        <ymax>672.8189055773677</ymax>
    </bndbox>
</object><object>
    <name>black ball</name>
    <pose>Unspecified</pose>
    <truncated>0</truncated>
    <difficult>0</difficult>
    <bndbox>
        <xmin>92.60094572368422</xmin>
        <ymin>625.798430150869</ymin>
        <xmax>149.92537006578948</xmax>
        <ymax>675.7576362454162</ymax>
    </bndbox>
</object><object>
    <name>red ball</name>
    <pose>Unspecified</pose>
    <truncated>0</truncated>
    <difficult>0</difficult>
    <bndbox>
        <xmin>38.21630158492823</xmin>
        <ymin>625.798430150869</ymin>
        <xmax>86.72155352870814</xmax>
        <ymax>684.5739403549507</ymax>
    </bndbox>
</object><object>
    <name>red ball</name>
    <pose>Unspecified</pose>
    <truncated>0</truncated>
    <difficult>0</difficult>
    <bndbox>
        <xmin>2.93972413277512</xmin>
        <ymin>606.6964565977759</ymin>
        <xmax>32.336853319377994</xmax>
        <ymax>666.9413321358817</ymax>
    </bndbox>
</object><object>
    <name>red start</name>
    <pose>Unspecified</pose>
    <truncated>0</truncated>
    <difficult>0</difficult>
    <bndbox>
        <xmin>802.5416043660288</xmin>
        <ymin>599.3495178222656</ymin>
        <xmax>1455.157894736842</xmax>
        <ymax>674.2882709113919</ymax>
    </bndbox>
</object><object>
    <name>crossing</name>
    <pose>Unspecified</pose>
    <truncated>0</truncated>
    <difficult>0</difficult>
    <bndbox>
        <xmin>1374.3157894736842</xmin>
        <ymin>913.7985198351802</ymin>
        <xmax>1865.24798145933</xmax>
        <ymax>1068.0842341208945</ymax>
    </bndbox>
</object><object>
    <name>red ball</name>
    <pose>Unspecified</pose>
    <truncated>0</truncated>
    <difficult>0</difficult>
    <bndbox>
        <xmin>116.11868271531101</xmin>
        <ymin>587.5943709392938</ymin>
        <xmax>161.68421052631578</xmax>
        <ymax>644.9005158093512</ymax>
    </bndbox>
</object>
</annotation>