<?xml version='1.0' encoding='utf-8'?>
<annotation verified="yes">
    <folder>Annotation</folder>
    <filename>frame_7915.jpg</filename>
    <path>wxt2-PascalVOC-export/Annotations/frame_7915.jpg</path>
    <source>
        <database>Unknown</database>
    </source>
    <size>
        <width>1920</width>
        <height>1080</height>
        <depth>3</depth>
    </size>
    <segmented>0</segmented>
    <object>
    <name>red ball</name>
    <pose>Unspecified</pose>
    <truncated>0</truncated>
    <difficult>0</difficult>
    <bndbox>
        <xmin>1.46986206638756</xmin>
        <ymin>571.431128054249</ymin>
        <xmax>30.86701928827751</xmax>
        <ymax>636.0842116998166</ymax>
    </bndbox>
</object><object>
    <name>black ball</name>
    <pose>Unspecified</pose>
    <truncated>0</truncated>
    <difficult>0</difficult>
    <bndbox>
        <xmin>267.51388681220095</xmin>
        <ymin>552.3290984484614</ymin>
        <xmax>332.1875934509569</xmax>
        <ymax>599.3495178222656</ymax>
    </bndbox>
</object><object>
    <name>red ball</name>
    <pose>Unspecified</pose>
    <truncated>0</truncated>
    <difficult>0</difficult>
    <bndbox>
        <xmin>135.22680547248805</xmin>
        <ymin>564.0841892787389</ymin>
        <xmax>208.71962843899524</xmax>
        <ymax>622.8596994828206</ymax>
    </bndbox>
</object><object>
    <name>black ball</name>
    <pose>Unspecified</pose>
    <truncated>0</truncated>
    <difficult>0</difficult>
    <bndbox>
        <xmin>41.15596964712919</xmin>
        <ymin>574.369914774992</ymin>
        <xmax>83.78182939593302</xmax>
        <ymax>636.0842116998166</ymax>
    </bndbox>
</object><object>
    <name>red start</name>
    <pose>Unspecified</pose>
    <truncated>0</truncated>
    <difficult>0</difficult>
    <bndbox>
        <xmin>709.9407147129186</xmin>
        <ymin>558.2066158372529</ymin>
        <xmax>1355.2077227870814</xmax>
        <ymax>619.9209688147721</ymax>
    </bndbox>
</object><object>
    <name>crossing</name>
    <pose>Unspecified</pose>
    <truncated>0</truncated>
    <difficult>0</difficult>
    <bndbox>
        <xmin>1283.1847338516748</xmin>
        <ymin>809.471899538624</ymin>
        <xmax>1710.9130532296651</xmax>
        <ymax>937.308701495735</ymax>
    </bndbox>
</object>
</annotation>