<?xml version='1.0' encoding='utf-8'?>
<annotation verified="yes">
    <folder>Annotation</folder>
    <filename>frame_7583.jpg</filename>
    <path>wxt2-PascalVOC-export/Annotations/frame_7583.jpg</path>
    <source>
        <database>Unknown</database>
    </source>
    <size>
        <width>1920</width>
        <height>1080</height>
        <depth>3</depth>
    </size>
    <segmented>0</segmented>
    <object>
    <name>black ball</name>
    <pose>Unspecified</pose>
    <truncated>0</truncated>
    <difficult>0</difficult>
    <bndbox>
        <xmin>987.1715748008435</xmin>
        <ymin>772.7400054931641</ymin>
        <xmax>1109.5333367502342</xmax>
        <ymax>941.2199615478515</ymax>
    </bndbox>
</object><object>
    <name>black ball</name>
    <pose>Unspecified</pose>
    <truncated>0</truncated>
    <difficult>0</difficult>
    <bndbox>
        <xmin>789.9531396438613</xmin>
        <ymin>612.9000274658204</ymin>
        <xmax>879.2053142572634</xmax>
        <ymax>756.9000274658204</ymax>
    </bndbox>
</object><object>
    <name>red ball</name>
    <pose>Unspecified</pose>
    <truncated>0</truncated>
    <difficult>0</difficult>
    <bndbox>
        <xmin>991.4901593252108</xmin>
        <ymin>565.3799835205078</ymin>
        <xmax>1092.2586691658855</xmax>
        <ymax>686.3400054931641</ymax>
    </bndbox>
</object><object>
    <name>red ball</name>
    <pose>Unspecified</pose>
    <truncated>0</truncated>
    <difficult>0</difficult>
    <bndbox>
        <xmin>1270.76290856373</xmin>
        <ymin>594.1799835205078</ymin>
        <xmax>1372.9709465791939</xmax>
        <ymax>706.5000274658203</ymax>
    </bndbox>
</object><object>
    <name>black ball</name>
    <pose>Unspecified</pose>
    <truncated>0</truncated>
    <difficult>0</difficult>
    <bndbox>
        <xmin>1226.136876171509</xmin>
        <ymin>447.2999725341797</ymin>
        <xmax>1332.6636085403</xmax>
        <ymax>543.7799835205078</ymax>
    </bndbox>
</object><object>
    <name>red ball</name>
    <pose>Unspecified</pose>
    <truncated>0</truncated>
    <difficult>0</difficult>
    <bndbox>
        <xmin>1554.3543521555764</xmin>
        <ymin>379.6200164794922</ymin>
        <xmax>1645.0460549437676</xmax>
        <ymax>474.659994506836</ymax>
    </bndbox>
</object><object>
    <name>red ball</name>
    <pose>Unspecified</pose>
    <truncated>0</truncated>
    <difficult>0</difficult>
    <bndbox>
        <xmin>1554.3543521555764</xmin>
        <ymin>493.37998352050784</ymin>
        <xmax>1669.5183634020618</xmax>
        <ymax>612.9000274658204</ymax>
    </bndbox>
</object>
</annotation>