<?xml version='1.0' encoding='utf-8'?>
<annotation verified="yes">
    <folder>Annotation</folder>
    <filename>frame_7576.jpg</filename>
    <path>wxt2-PascalVOC-export/Annotations/frame_7576.jpg</path>
    <source>
        <database>Unknown</database>
    </source>
    <size>
        <width>1920</width>
        <height>1080</height>
        <depth>3</depth>
    </size>
    <segmented>0</segmented>
    <object>
    <name>red ball</name>
    <pose>Unspecified</pose>
    <truncated>0</truncated>
    <difficult>0</difficult>
    <bndbox>
        <xmin>1447.8275099578257</xmin>
        <ymin>728.1000274658203</ymin>
        <xmax>1659.4415563495781</xmax>
        <ymax>948.4199615478516</ymax>
    </bndbox>
</object><object>
    <name>black ball</name>
    <pose>Unspecified</pose>
    <truncated>0</truncated>
    <difficult>0</difficult>
    <bndbox>
        <xmin>1224.6973479967198</xmin>
        <ymin>794.3400054931641</ymin>
        <xmax>1385.9269198102156</xmax>
        <ymax>1000.2600494384766</ymax>
    </bndbox>
</object><object>
    <name>red ball</name>
    <pose>Unspecified</pose>
    <truncated>0</truncated>
    <difficult>0</difficult>
    <bndbox>
        <xmin>1144.0824522610121</xmin>
        <ymin>552.4200164794922</ymin>
        <xmax>1259.2464635074975</xmax>
        <ymax>671.9400054931641</ymax>
    </bndbox>
</object><object>
    <name>black ball</name>
    <pose>Unspecified</pose>
    <truncated>0</truncated>
    <difficult>0</difficult>
    <bndbox>
        <xmin>1204.5436240627928</xmin>
        <ymin>398.3400054931641</ymin>
        <xmax>1342.7404155927834</xmax>
        <ymax>522.1799835205078</ymax>
    </bndbox>
</object><object>
    <name>red ball</name>
    <pose>Unspecified</pose>
    <truncated>0</truncated>
    <difficult>0</difficult>
    <bndbox>
        <xmin>1550.0356578022493</xmin>
        <ymin>539.459994506836</ymin>
        <xmax>1681.0348084582943</xmax>
        <ymax>684.9000274658204</ymax>
    </bndbox>
</object><object>
    <name>black ball</name>
    <pose>Unspecified</pose>
    <truncated>0</truncated>
    <difficult>0</difficult>
    <bndbox>
        <xmin>1722.7816746719775</xmin>
        <ymin>683.4600494384766</ymin>
        <xmax>1862.4179943767572</xmax>
        <ymax>833.2199615478517</ymax>
    </bndbox>
</object>
</annotation>