<?xml version='1.0' encoding='utf-8'?>
<annotation verified="yes">
    <folder>Annotation</folder>
    <filename>frame_7404.jpg</filename>
    <path>wxt2-PascalVOC-export/Annotations/frame_7404.jpg</path>
    <source>
        <database>Unknown</database>
    </source>
    <size>
        <width>1920</width>
        <height>1080</height>
        <depth>3</depth>
    </size>
    <segmented>0</segmented>
    <object>
    <name>black ball</name>
    <pose>Unspecified</pose>
    <truncated>0</truncated>
    <difficult>0</difficult>
    <bndbox>
        <xmin>932.468625527179</xmin>
        <ymin>483.2999725341797</ymin>
        <xmax>969.8969072164948</xmax>
        <ymax>530.8200164794922</ymax>
    </bndbox>
</object><object>
    <name>black ball</name>
    <pose>Unspecified</pose>
    <truncated>0</truncated>
    <difficult>0</difficult>
    <bndbox>
        <xmin>975.655129744611</xmin>
        <ymin>509.2200164794922</ymin>
        <xmax>1020.2811621368322</xmax>
        <ymax>565.3799835205078</ymax>
    </bndbox>
</object><object>
    <name>black ball</name>
    <pose>Unspecified</pose>
    <truncated>0</truncated>
    <difficult>0</difficult>
    <bndbox>
        <xmin>1162.7966480201499</xmin>
        <ymin>532.2599945068359</ymin>
        <xmax>1213.1809029404872</xmax>
        <ymax>586.9799835205079</ymax>
    </bndbox>
</object><object>
    <name>black ball</name>
    <pose>Unspecified</pose>
    <truncated>0</truncated>
    <difficult>0</difficult>
    <bndbox>
        <xmin>1365.7731958762886</xmin>
        <ymin>519.2999725341797</ymin>
        <xmax>1417.5969789714152</xmax>
        <ymax>565.3799835205078</ymax>
    </bndbox>
</object><object>
    <name>black ball</name>
    <pose>Unspecified</pose>
    <truncated>0</truncated>
    <difficult>0</difficult>
    <bndbox>
        <xmin>1171.4339268978445</xmin>
        <ymin>471.7799835205078</ymin>
        <xmax>1233.3346268744142</xmax>
        <ymax>507.7799835205078</ymax>
    </bndbox>
</object><object>
    <name>red ball</name>
    <pose>Unspecified</pose>
    <truncated>0</truncated>
    <difficult>0</difficult>
    <bndbox>
        <xmin>1026.0393846649486</xmin>
        <ymin>486.17998352050785</ymin>
        <xmax>1080.742333938613</xmax>
        <ymax>525.059994506836</ymax>
    </bndbox>
</object><object>
    <name>red ball</name>
    <pose>Unspecified</pose>
    <truncated>0</truncated>
    <difficult>0</difficult>
    <bndbox>
        <xmin>1253.4883508083412</xmin>
        <ymin>517.859994506836</ymin>
        <xmax>1312.5098846063731</xmax>
        <ymax>579.7799835205078</ymax>
    </bndbox>
</object><object>
    <name>red ball</name>
    <pose>Unspecified</pose>
    <truncated>0</truncated>
    <difficult>0</difficult>
    <bndbox>
        <xmin>1319.7076353092784</xmin>
        <ymin>493.37998352050784</ymin>
        <xmax>1361.4546113519214</xmax>
        <ymax>538.0200164794923</ymax>
    </bndbox>
</object><object>
    <name>red ball</name>
    <pose>Unspecified</pose>
    <truncated>0</truncated>
    <difficult>0</difficult>
    <bndbox>
        <xmin>1370.0918902296157</xmin>
        <ymin>461.6999725341797</ymin>
        <xmax>1430.5529522024367</xmax>
        <ymax>507.77998352050787</ymax>
    </bndbox>
</object>
</annotation>