<?xml version='1.0' encoding='utf-8'?>
<annotation verified="yes">
    <folder>Annotation</folder>
    <filename>frame_7906.jpg</filename>
    <path>wxt2-PascalVOC-export/Annotations/frame_7906.jpg</path>
    <source>
        <database>Unknown</database>
    </source>
    <size>
        <width>1920</width>
        <height>1080</height>
        <depth>3</depth>
    </size>
    <segmented>0</segmented>
    <object>
    <name>red start</name>
    <pose>Unspecified</pose>
    <truncated>0</truncated>
    <difficult>0</difficult>
    <bndbox>
        <xmin>831.9387335526316</xmin>
        <ymin>633.1453689263792</ymin>
        <xmax>1422.8210974880383</xmax>
        <ymax>691.9208791304609</ymax>
    </bndbox>
</object><object>
    <name>crossing</name>
    <pose>Unspecified</pose>
    <truncated>0</truncated>
    <difficult>0</difficult>
    <bndbox>
        <xmin>1321.4009793660287</xmin>
        <ymin>868.2474097427057</ymin>
        <xmax>1741.77990430622</xmax>
        <ymax>965.2270912637516</ymax>
    </bndbox>
</object><object>
    <name>black ball</name>
    <pose>Unspecified</pose>
    <truncated>0</truncated>
    <difficult>0</difficult>
    <bndbox>
        <xmin>420.3789810107656</xmin>
        <ymin>618.4514913753587</ymin>
        <xmax>482.1129074461723</xmax>
        <ymax>666.9413321358817</ymax>
    </bndbox>
</object><object>
    <name>red ball</name>
    <pose>Unspecified</pose>
    <truncated>0</truncated>
    <difficult>0</difficult>
    <bndbox>
        <xmin>302.79046426435406</xmin>
        <ymin>627.2679075902822</ymin>
        <xmax>370.403838965311</xmax>
        <ymax>680.1658443528779</ymax>
    </bndbox>
</object><object>
    <name>black ball</name>
    <pose>Unspecified</pose>
    <truncated>0</truncated>
    <difficult>0</difficult>
    <bndbox>
        <xmin>210.1894624700957</xmin>
        <ymin>637.5535770338408</ymin>
        <xmax>252.81532221889952</xmax>
        <ymax>683.1045750209263</ymax>
    </bndbox>
</object><object>
    <name>red ball</name>
    <pose>Unspecified</pose>
    <truncated>0</truncated>
    <difficult>0</difficult>
    <bndbox>
        <xmin>163.15410062799043</xmin>
        <ymin>636.0842116998167</ymin>
        <xmax>208.71962843899522</xmax>
        <ymax>688.9821484624124</ymax>
    </bndbox>
</object><object>
    <name>red ball</name>
    <pose>Unspecified</pose>
    <truncated>0</truncated>
    <difficult>0</difficult>
    <bndbox>
        <xmin>98.48039398923446</xmin>
        <ymin>619.920968814772</ymin>
        <xmax>151.39520409688996</xmax>
        <ymax>672.8189055773677</ymax>
    </bndbox>
</object>
</annotation>