<?xml version='1.0' encoding='utf-8'?>
<annotation verified="yes">
    <folder>Annotation</folder>
    <filename>frame_7933.jpg</filename>
    <path>wxt2-PascalVOC-export/Annotations/frame_7933.jpg</path>
    <source>
        <database>Unknown</database>
    </source>
    <size>
        <width>1920</width>
        <height>1080</height>
        <depth>3</depth>
    </size>
    <segmented>0</segmented>
    <object>
    <name>red start</name>
    <pose>Unspecified</pose>
    <truncated>0</truncated>
    <difficult>0</difficult>
    <bndbox>
        <xmin>799.6019363038278</xmin>
        <ymin>615.5127607073102</ymin>
        <xmax>1471.3264055023924</xmax>
        <ymax>675.757636245416</ymax>
    </bndbox>
</object><object>
    <name>crossing</name>
    <pose>Unspecified</pose>
    <truncated>0</truncated>
    <difficult>0</difficult>
    <bndbox>
        <xmin>1356.6775568181818</xmin>
        <ymin>940.2474321637835</ymin>
        <xmax>1893.1751644736842</xmax>
        <ymax>1073.9616954569915</ymax>
    </bndbox>
</object><object>
    <name>black ball</name>
    <pose>Unspecified</pose>
    <truncated>0</truncated>
    <difficult>0</difficult>
    <bndbox>
        <xmin>327.77797921650716</xmin>
        <ymin>594.9413097148039</ymin>
        <xmax>393.9215198863636</xmax>
        <ymax>659.5943933603714</ymax>
    </bndbox>
</object><object>
    <name>red ball</name>
    <pose>Unspecified</pose>
    <truncated>0</truncated>
    <difficult>0</difficult>
    <bndbox>
        <xmin>176.38277511961724</xmin>
        <ymin>614.0433953732861</ymin>
        <xmax>255.75504635167465</xmax>
        <ymax>683.1045750209264</ymax>
    </bndbox>
</object><object>
    <name>red ball</name>
    <pose>Unspecified</pose>
    <truncated>0</truncated>
    <difficult>0</difficult>
    <bndbox>
        <xmin>89.66127766148325</xmin>
        <ymin>596.4106750488281</ymin>
        <xmax>141.10625373803828</xmax>
        <ymax>650.7780892508371</ymax>
    </bndbox>
</object><object>
    <name>black ball</name>
    <pose>Unspecified</pose>
    <truncated>0</truncated>
    <difficult>0</difficult>
    <bndbox>
        <xmin>64.67370663875599</xmin>
        <ymin>633.1453689263792</ymin>
        <xmax>123.46796501196172</xmax>
        <ymax>687.5127831283882</ymax>
    </bndbox>
</object><object>
    <name>red ball</name>
    <pose>Unspecified</pose>
    <truncated>0</truncated>
    <difficult>0</difficult>
    <bndbox>
        <xmin>1.46986206638756</xmin>
        <ymin>624.3290648168447</ymin>
        <xmax>60.264148474880386</xmax>
        <ymax>691.9208791304608</ymax>
    </bndbox>
</object>
</annotation>