<?xml version='1.0' encoding='utf-8'?>
<annotation verified="yes">
    <folder>Annotation</folder>
    <filename>frame_7486.jpg</filename>
    <path>wxt2-PascalVOC-export/Annotations/frame_7486.jpg</path>
    <source>
        <database>Unknown</database>
    </source>
    <size>
        <width>1920</width>
        <height>1080</height>
        <depth>3</depth>
    </size>
    <segmented>0</segmented>
    <object>
    <name>black ball</name>
    <pose>Unspecified</pose>
    <truncated>0</truncated>
    <difficult>0</difficult>
    <bndbox>
        <xmin>411.35146365393626</xmin>
        <ymin>385.37998352050784</ymin>
        <xmax>536.5923368673851</xmax>
        <ymax>520.7400054931641</ymax>
    </bndbox>
</object><object>
    <name>black ball</name>
    <pose>Unspecified</pose>
    <truncated>0</truncated>
    <difficult>0</difficult>
    <bndbox>
        <xmin>545.2296157450796</xmin>
        <ymin>317.6999725341797</ymin>
        <xmax>641.679541061387</xmax>
        <ymax>422.8200164794922</ymax>
    </bndbox>
</object><object>
    <name>red ball</name>
    <pose>Unspecified</pose>
    <truncated>0</truncated>
    <difficult>0</difficult>
    <bndbox>
        <xmin>697.8219086808809</xmin>
        <ymin>346.4999725341797</ymin>
        <xmax>779.8763325913776</xmax>
        <ymax>451.62001647949216</ymax>
    </bndbox>
</object><object>
    <name>red ball</name>
    <pose>Unspecified</pose>
    <truncated>0</truncated>
    <difficult>0</difficult>
    <bndbox>
        <xmin>820.1836706302718</xmin>
        <ymin>435.7799835205078</ymin>
        <xmax>906.5566790651359</xmax>
        <ymax>546.6599945068359</ymax>
    </bndbox>
</object><object>
    <name>red ball</name>
    <pose>Unspecified</pose>
    <truncated>0</truncated>
    <difficult>0</difficult>
    <bndbox>
        <xmin>876.3261480787254</xmin>
        <ymin>566.8200164794922</ymin>
        <xmax>1034.676663542643</xmax>
        <ymax>755.4600494384766</ymax>
    </bndbox>
</object><object>
    <name>red ball</name>
    <pose>Unspecified</pose>
    <truncated>0</truncated>
    <difficult>0</difficult>
    <bndbox>
        <xmin>1204.5436240627928</xmin>
        <ymin>514.9799835205079</ymin>
        <xmax>1296.674855025773</xmax>
        <ymax>635.9400054931641</ymax>
    </bndbox>
</object><object>
    <name>red ball</name>
    <pose>Unspecified</pose>
    <truncated>0</truncated>
    <difficult>0</difficult>
    <bndbox>
        <xmin>1424.7947296743205</xmin>
        <ymin>455.94000549316405</ymin>
        <xmax>1545.7169634489221</xmax>
        <ymax>592.7400054931641</ymax>
    </bndbox>
</object><object>
    <name>black ball</name>
    <pose>Unspecified</pose>
    <truncated>0</truncated>
    <difficult>0</difficult>
    <bndbox>
        <xmin>992.9296875</xmin>
        <ymin>372.4200164794922</ymin>
        <xmax>1100.8959480435801</xmax>
        <ymax>487.62001647949216</ymax>
    </bndbox>
</object><object>
    <name>black ball</name>
    <pose>Unspecified</pose>
    <truncated>0</truncated>
    <difficult>0</difficult>
    <bndbox>
        <xmin>1226.136876171509</xmin>
        <ymin>627.3000274658203</ymin>
        <xmax>1349.938166295689</xmax>
        <ymax>777.0600494384767</ymax>
    </bndbox>
</object><object>
    <name>black ball</name>
    <pose>Unspecified</pose>
    <truncated>0</truncated>
    <difficult>0</difficult>
    <bndbox>
        <xmin>621.5258171274602</xmin>
        <ymin>539.459994506836</ymin>
        <xmax>759.7226086574508</xmax>
        <ymax>706.5000274658204</ymax>
    </bndbox>
</object>
</annotation>