<?xml version='1.0' encoding='utf-8'?>
<annotation verified="yes">
    <folder>Annotation</folder>
    <filename>frame_7479.jpg</filename>
    <path>wxt2-PascalVOC-export/Annotations/frame_7479.jpg</path>
    <source>
        <database>Unknown</database>
    </source>
    <size>
        <width>1920</width>
        <height>1080</height>
        <depth>3</depth>
    </size>
    <segmented>0</segmented>
    <object>
    <name>red ball</name>
    <pose>Unspecified</pose>
    <truncated>0</truncated>
    <difficult>0</difficult>
    <bndbox>
        <xmin>951.1828212863168</xmin>
        <ymin>417.05999450683595</ymin>
        <xmax>1074.9841114104968</xmax>
        <ymax>532.2599945068359</ymax>
    </bndbox>
</object><object>
    <name>black ball</name>
    <pose>Unspecified</pose>
    <truncated>0</truncated>
    <difficult>0</difficult>
    <bndbox>
        <xmin>1201.664457884255</xmin>
        <ymin>453.05999450683595</ymin>
        <xmax>1282.2793536199624</xmax>
        <ymax>540.8999725341797</ymax>
    </bndbox>
</object><object>
    <name>red ball</name>
    <pose>Unspecified</pose>
    <truncated>0</truncated>
    <difficult>0</difficult>
    <bndbox>
        <xmin>1334.103136715089</xmin>
        <ymin>365.2200164794922</ymin>
        <xmax>1406.0806437441424</xmax>
        <ymax>445.85999450683596</ymax>
    </bndbox>
</object><object>
    <name>red ball</name>
    <pose>Unspecified</pose>
    <truncated>0</truncated>
    <difficult>0</difficult>
    <bndbox>
        <xmin>1171.4339268978445</xmin>
        <ymin>383.94000549316405</ymin>
        <xmax>1240.5323775773197</xmax>
        <ymax>480.4200164794922</ymax>
    </bndbox>
</object><object>
    <name>black ball</name>
    <pose>Unspecified</pose>
    <truncated>0</truncated>
    <difficult>0</difficult>
    <bndbox>
        <xmin>1003.0066043814433</xmin>
        <ymin>307.6200164794922</ymin>
        <xmax>1086.5004466377693</xmax>
        <ymax>398.3400054931641</ymax>
    </bndbox>
</object><object>
    <name>red ball</name>
    <pose>Unspecified</pose>
    <truncated>0</truncated>
    <difficult>0</difficult>
    <bndbox>
        <xmin>884.9634269564199</xmin>
        <ymin>350.8200164794922</ymin>
        <xmax>954.061877635895</xmax>
        <ymax>430.0200164794922</ymax>
    </bndbox>
</object><object>
    <name>red ball</name>
    <pose>Unspecified</pose>
    <truncated>0</truncated>
    <difficult>0</difficult>
    <bndbox>
        <xmin>759.7226086574508</xmin>
        <ymin>287.4599945068359</ymin>
        <xmax>837.4583382146204</xmax>
        <ymax>379.62001647949216</ymax>
    </bndbox>
</object><object>
    <name>red ball</name>
    <pose>Unspecified</pose>
    <truncated>0</truncated>
    <difficult>0</difficult>
    <bndbox>
        <xmin>776.9971664128398</xmin>
        <ymin>402.659994506836</ymin>
        <xmax>869.1283973758201</xmax>
        <ymax>510.659994506836</ymax>
    </bndbox>
</object><object>
    <name>black ball</name>
    <pose>Unspecified</pose>
    <truncated>0</truncated>
    <difficult>0</difficult>
    <bndbox>
        <xmin>576.899784735239</xmin>
        <ymin>309.05999450683595</ymin>
        <xmax>673.3496002225867</xmax>
        <ymax>411.2999725341797</ymax>
    </bndbox>
</object>
</annotation>