<?xml version='1.0' encoding='utf-8'?>
<annotation verified="yes">
    <folder>Annotation</folder>
    <filename>frame_7500.jpg</filename>
    <path>wxt2-PascalVOC-export/Annotations/frame_7500.jpg</path>
    <source>
        <database>Unknown</database>
    </source>
    <size>
        <width>1920</width>
        <height>1080</height>
        <depth>3</depth>
    </size>
    <segmented>0</segmented>
    <object>
    <name>red ball</name>
    <pose>Unspecified</pose>
    <truncated>0</truncated>
    <difficult>0</difficult>
    <bndbox>
        <xmin>1031.7976071930646</xmin>
        <ymin>677.7000274658203</ymin>
        <xmax>1152.7198409676662</xmax>
        <ymax>851.9400054931641</ymax>
    </bndbox>
</object><object>
    <name>red ball</name>
    <pose>Unspecified</pose>
    <truncated>0</truncated>
    <difficult>0</difficult>
    <bndbox>
        <xmin>1446.3880916119963</xmin>
        <ymin>684.9000274658204</ymin>
        <xmax>1587.464049320525</xmax>
        <ymax>847.6199615478516</ymax>
    </bndbox>
</object><object>
    <name>black ball</name>
    <pose>Unspecified</pose>
    <truncated>0</truncated>
    <difficult>0</difficult>
    <bndbox>
        <xmin>820.1836706302718</xmin>
        <ymin>598.5000274658204</ymin>
        <xmax>936.7873198805061</xmax>
        <ymax>755.4600494384766</ymax>
    </bndbox>
</object><object>
    <name>black ball</name>
    <pose>Unspecified</pose>
    <truncated>0</truncated>
    <difficult>0</difficult>
    <bndbox>
        <xmin>1393.124670513121</xmin>
        <ymin>859.140005493164</ymin>
        <xmax>1554.3543521555764</xmax>
        <ymax>1033.3799835205077</ymax>
    </bndbox>
</object>
</annotation>