<?xml version='1.0' encoding='utf-8'?>
<annotation verified="yes">
    <folder>Annotation</folder>
    <filename>frame_7424.jpg</filename>
    <path>wxt2-PascalVOC-export/Annotations/frame_7424.jpg</path>
    <source>
        <database>Unknown</database>
    </source>
    <size>
        <width>1920</width>
        <height>1080</height>
        <depth>3</depth>
    </size>
    <segmented>0</segmented>
    <object>
    <name>black ball</name>
    <pose>Unspecified</pose>
    <truncated>0</truncated>
    <difficult>0</difficult>
    <bndbox>
        <xmin>932.468625527179</xmin>
        <ymin>214.0200164794922</ymin>
        <xmax>956.9409339854733</xmax>
        <ymax>255.7799835205078</ymax>
    </bndbox>
</object><object>
    <name>black ball</name>
    <pose>Unspecified</pose>
    <truncated>0</truncated>
    <difficult>0</difficult>
    <bndbox>
        <xmin>1237.6532113987817</xmin>
        <ymin>245.6999725341797</ymin>
        <xmax>1263.5651578608247</xmax>
        <ymax>294.6599945068359</ymax>
    </bndbox>
</object><object>
    <name>red ball</name>
    <pose>Unspecified</pose>
    <truncated>0</truncated>
    <difficult>0</difficult>
    <bndbox>
        <xmin>1273.6419649133084</xmin>
        <ymin>221.2200164794922</ymin>
        <xmax>1306.751662078257</xmax>
        <ymax>267.2999725341797</ymax>
    </bndbox>
</object><object>
    <name>red ball</name>
    <pose>Unspecified</pose>
    <truncated>0</truncated>
    <difficult>0</difficult>
    <bndbox>
        <xmin>1213.1809029404874</xmin>
        <ymin>237.05999450683595</ymin>
        <xmax>1239.0928494025304</xmax>
        <ymax>275.94000549316405</ymax>
    </bndbox>
</object><object>
    <name>red ball</name>
    <pose>Unspecified</pose>
    <truncated>0</truncated>
    <difficult>0</difficult>
    <bndbox>
        <xmin>1138.3243395618556</xmin>
        <ymin>247.14000549316407</ymin>
        <xmax>1190.1481226569822</xmax>
        <ymax>294.6599945068359</ymax>
    </bndbox>
</object><object>
    <name>black ball</name>
    <pose>Unspecified</pose>
    <truncated>0</truncated>
    <difficult>0</difficult>
    <bndbox>
        <xmin>1110.9728649250235</xmin>
        <ymin>222.65999450683594</ymin>
        <xmax>1154.1593691424555</xmax>
        <ymax>252.89997253417968</ymax>
    </bndbox>
</object><object>
    <name>black ball</name>
    <pose>Unspecified</pose>
    <truncated>0</truncated>
    <difficult>0</difficult>
    <bndbox>
        <xmin>1073.5445832357075</xmin>
        <ymin>251.45999450683595</ymin>
        <xmax>1116.7310874531395</xmax>
        <ymax>293.2200164794922</ymax>
    </bndbox>
</object><object>
    <name>red ball</name>
    <pose>Unspecified</pose>
    <truncated>0</truncated>
    <difficult>0</difficult>
    <bndbox>
        <xmin>1005.8856607310215</xmin>
        <ymin>221.2200164794922</ymin>
        <xmax>1033.2371353678539</xmax>
        <ymax>258.6599945068359</ymax>
    </bndbox>
</object><object>
    <name>black ball</name>
    <pose>Unspecified</pose>
    <truncated>0</truncated>
    <difficult>0</difficult>
    <bndbox>
        <xmin>952.6223494611058</xmin>
        <ymin>234.17998352050782</ymin>
        <xmax>988.6111029756325</xmax>
        <ymax>277.37998352050784</ymax>
    </bndbox>
</object><object>
    <name>crossing</name>
    <pose>Unspecified</pose>
    <truncated>0</truncated>
    <difficult>0</difficult>
    <bndbox>
        <xmin>959.8201001640113</xmin>
        <ymin>460.25999450683594</ymin>
        <xmax>1446.3880916119963</xmax>
        <ymax>738.1799835205079</ymax>
    </bndbox>
</object>
</annotation>