<?xml version='1.0' encoding='utf-8'?>
<annotation verified="yes">
    <folder>Annotation</folder>
    <filename>frame_7607.jpg</filename>
    <path>wxt2-PascalVOC-export/Annotations/frame_7607.jpg</path>
    <source>
        <database>Unknown</database>
    </source>
    <size>
        <width>1920</width>
        <height>1080</height>
        <depth>3</depth>
    </size>
    <segmented>0</segmented>
    <object>
    <name>black ball</name>
    <pose>Unspecified</pose>
    <truncated>0</truncated>
    <difficult>0</difficult>
    <bndbox>
        <xmin>978.5341860941893</xmin>
        <ymin>222.65999450683594</ymin>
        <xmax>1054.8303874765697</xmax>
        <ymax>296.0999725341797</ymax>
    </bndbox>
</object><object>
    <name>black ball</name>
    <pose>Unspecified</pose>
    <truncated>0</truncated>
    <difficult>0</difficult>
    <bndbox>
        <xmin>978.5341860941893</xmin>
        <ymin>402.659994506836</ymin>
        <xmax>1066.3468325328022</xmax>
        <ymax>512.0999725341798</ymax>
    </bndbox>
</object><object>
    <name>black ball</name>
    <pose>Unspecified</pose>
    <truncated>0</truncated>
    <difficult>0</difficult>
    <bndbox>
        <xmin>1211.7413747656983</xmin>
        <ymin>368.0999725341797</ymin>
        <xmax>1318.2681071344894</xmax>
        <ymax>494.8200164794922</ymax>
    </bndbox>
</object><object>
    <name>black ball</name>
    <pose>Unspecified</pose>
    <truncated>0</truncated>
    <difficult>0</difficult>
    <bndbox>
        <xmin>1348.4986381208996</xmin>
        <ymin>275.94000549316405</ymin>
        <xmax>1420.476145149953</xmax>
        <ymax>372.4200164794922</ymax>
    </bndbox>
</object><object>
    <name>black ball</name>
    <pose>Unspecified</pose>
    <truncated>0</truncated>
    <difficult>0</difficult>
    <bndbox>
        <xmin>1252.0487128045922</xmin>
        <ymin>188.0999725341797</ymin>
        <xmax>1296.674855025773</xmax>
        <ymax>250.0200164794922</ymax>
    </bndbox>
</object><object>
    <name>red ball</name>
    <pose>Unspecified</pose>
    <truncated>0</truncated>
    <difficult>0</difficult>
    <bndbox>
        <xmin>1003.0066043814433</xmin>
        <ymin>309.05999450683595</ymin>
        <xmax>1093.6981973406748</xmax>
        <ymax>398.3400054931641</ymax>
    </bndbox>
</object><object>
    <name>red ball</name>
    <pose>Unspecified</pose>
    <truncated>0</truncated>
    <difficult>0</difficult>
    <bndbox>
        <xmin>1131.1265888589503</xmin>
        <ymin>267.2999725341797</ymin>
        <xmax>1201.664457884255</xmax>
        <ymax>349.37998352050784</ymax>
    </bndbox>
</object><object>
    <name>red ball</name>
    <pose>Unspecified</pose>
    <truncated>0</truncated>
    <difficult>0</difficult>
    <bndbox>
        <xmin>1289.477104322868</xmin>
        <ymin>231.2999725341797</ymin>
        <xmax>1394.5641986879102</xmax>
        <ymax>313.37998352050784</ymax>
    </bndbox>
</object><object>
    <name>red ball</name>
    <pose>Unspecified</pose>
    <truncated>0</truncated>
    <difficult>0</difficult>
    <bndbox>
        <xmin>1148.4011466143393</xmin>
        <ymin>172.25999450683594</ymin>
        <xmax>1213.1809029404874</xmax>
        <ymax>260.0999725341797</ymax>
    </bndbox>
</object><object>
    <name>red ball</name>
    <pose>Unspecified</pose>
    <truncated>0</truncated>
    <difficult>0</difficult>
    <bndbox>
        <xmin>1046.1931085988754</xmin>
        <ymin>143.45999450683595</ymin>
        <xmax>1102.335586047329</xmax>
        <ymax>211.1400054931641</ymax>
    </bndbox>
</object>
</annotation>