<?xml version='1.0' encoding='utf-8'?>
<annotation verified="yes">
    <folder>Annotation</folder>
    <filename>frame_7917.jpg</filename>
    <path>wxt2-PascalVOC-export/Annotations/frame_7917.jpg</path>
    <source>
        <database>Unknown</database>
    </source>
    <size>
        <width>1920</width>
        <height>1080</height>
        <depth>3</depth>
    </size>
    <segmented>0</segmented>
    <object>
    <name>red start</name>
    <pose>Unspecified</pose>
    <truncated>0</truncated>
    <difficult>0</difficult>
    <bndbox>
        <xmin>680.5435855263158</xmin>
        <ymin>555.2678291165099</ymin>
        <xmax>1293.4736842105262</xmax>
        <ymax>616.9821260413345</ymax>
    </bndbox>
</object><object>
    <name>crossing</name>
    <pose>Unspecified</pose>
    <truncated>0</truncated>
    <difficult>0</difficult>
    <bndbox>
        <xmin>1264.0765550239234</xmin>
        <ymin>825.6352545290578</ymin>
        <xmax>1703.5637709330144</xmax>
        <ymax>949.063736273318</ymax>
    </bndbox>
</object><object>
    <name>black ball</name>
    <pose>Unspecified</pose>
    <truncated>0</truncated>
    <difficult>0</difficult>
    <bndbox>
        <xmin>219.00863486842107</xmin>
        <ymin>547.9208903409997</ymin>
        <xmax>296.91101599880386</xmax>
        <ymax>599.3495178222656</ymax>
    </bndbox>
</object><object>
    <name>red ball</name>
    <pose>Unspecified</pose>
    <truncated>0</truncated>
    <difficult>0</difficult>
    <bndbox>
        <xmin>83.78182939593302</xmin>
        <ymin>559.6760372239717</ymin>
        <xmax>171.97321695574163</xmax>
        <ymax>625.798430150869</ymax>
    </bndbox>
</object><object>
    <name>red ball</name>
    <pose>Unspecified</pose>
    <truncated>0</truncated>
    <difficult>0</difficult>
    <bndbox>
        <xmin>5.879420230263158</xmin>
        <ymin>544.9821596729512</ymin>
        <xmax>45.565583881578945</xmax>
        <ymax>608.1658219318</ymax>
    </bndbox>
</object>
</annotation>