<?xml version='1.0' encoding='utf-8'?>
<annotation verified="yes">
    <folder>Annotation</folder>
    <filename>frame_7540.jpg</filename>
    <path>wxt2-PascalVOC-export/Annotations/frame_7540.jpg</path>
    <source>
        <database>Unknown</database>
    </source>
    <size>
        <width>1920</width>
        <height>1080</height>
        <depth>3</depth>
    </size>
    <segmented>0</segmented>
    <object>
    <name>red ball</name>
    <pose>Unspecified</pose>
    <truncated>0</truncated>
    <difficult>0</difficult>
    <bndbox>
        <xmin>633.0421523547329</xmin>
        <ymin>463.1400054931641</ymin>
        <xmax>746.7666354264293</xmax>
        <ymax>559.6200164794923</ymax>
    </bndbox>
</object><object>
    <name>red ball</name>
    <pose>Unspecified</pose>
    <truncated>0</truncated>
    <difficult>0</difficult>
    <bndbox>
        <xmin>857.6120621485474</xmin>
        <ymin>532.2599945068359</ymin>
        <xmax>935.3476818767573</xmax>
        <ymax>635.9400054931641</ymax>
    </bndbox>
</object><object>
    <name>red ball</name>
    <pose>Unspecified</pose>
    <truncated>0</truncated>
    <difficult>0</difficult>
    <bndbox>
        <xmin>1093.6981973406748</xmin>
        <ymin>607.140005493164</ymin>
        <xmax>1195.9063451850984</xmax>
        <ymax>751.140005493164</ymax>
    </bndbox>
</object><object>
    <name>red ball</name>
    <pose>Unspecified</pose>
    <truncated>0</truncated>
    <difficult>0</difficult>
    <bndbox>
        <xmin>848.9746734418932</xmin>
        <ymin>412.74000549316406</ymin>
        <xmax>916.6335959465792</xmax>
        <ymax>486.1799835205078</ymax>
    </bndbox>
</object><object>
    <name>red ball</name>
    <pose>Unspecified</pose>
    <truncated>0</truncated>
    <difficult>0</difficult>
    <bndbox>
        <xmin>922.3918184746954</xmin>
        <ymin>329.2200164794922</ymin>
        <xmax>987.1715748008435</xmax>
        <ymax>409.85999450683596</ymax>
    </bndbox>
</object><object>
    <name>black ball</name>
    <pose>Unspecified</pose>
    <truncated>0</truncated>
    <difficult>0</difficult>
    <bndbox>
        <xmin>1018.8416339620431</xmin>
        <ymin>418.4999725341797</ymin>
        <xmax>1113.8519212746016</xmax>
        <ymax>510.6599945068359</ymax>
    </bndbox>
</object><object>
    <name>black ball</name>
    <pose>Unspecified</pose>
    <truncated>0</truncated>
    <difficult>0</difficult>
    <bndbox>
        <xmin>769.7994157099344</xmin>
        <ymin>323.4599945068359</ymin>
        <xmax>833.1396438612933</xmax>
        <ymax>395.4599945068359</ymax>
    </bndbox>
</object><object>
    <name>black ball</name>
    <pose>Unspecified</pose>
    <truncated>0</truncated>
    <difficult>0</difficult>
    <bndbox>
        <xmin>689.1846298031865</xmin>
        <ymin>575.459994506836</ymin>
        <xmax>791.3926678186504</xmax>
        <ymax>682.0199615478516</ymax>
    </bndbox>
</object>
</annotation>