<?xml version='1.0' encoding='utf-8'?>
<annotation verified="yes">
    <folder>Annotation</folder>
    <filename>frame_7538.jpg</filename>
    <path>wxt2-PascalVOC-export/Annotations/frame_7538.jpg</path>
    <source>
        <database>Unknown</database>
    </source>
    <size>
        <width>1920</width>
        <height>1080</height>
        <depth>3</depth>
    </size>
    <segmented>0</segmented>
    <object>
    <name>red ball</name>
    <pose>Unspecified</pose>
    <truncated>0</truncated>
    <difficult>0</difficult>
    <bndbox>
        <xmin>645.9981255857545</xmin>
        <ymin>447.2999725341797</ymin>
        <xmax>749.6458016049672</xmax>
        <ymax>553.859994506836</ymax>
    </bndbox>
</object><object>
    <name>red ball</name>
    <pose>Unspecified</pose>
    <truncated>0</truncated>
    <difficult>0</difficult>
    <bndbox>
        <xmin>845.7357075913777</xmin>
        <ymin>516.4200164794923</ymin>
        <xmax>928.1499311738519</xmax>
        <ymax>612.9000274658205</ymax>
    </bndbox>
</object><object>
    <name>red ball</name>
    <pose>Unspecified</pose>
    <truncated>0</truncated>
    <difficult>0</difficult>
    <bndbox>
        <xmin>1051.9513311269916</xmin>
        <ymin>595.6199615478516</ymin>
        <xmax>1172.8734550726335</xmax>
        <ymax>726.6600494384767</ymax>
    </bndbox>
</object><object>
    <name>red ball</name>
    <pose>Unspecified</pose>
    <truncated>0</truncated>
    <difficult>0</difficult>
    <bndbox>
        <xmin>866.2493410262418</xmin>
        <ymin>398.3400054931641</ymin>
        <xmax>936.7873198805062</xmax>
        <ymax>471.7799835205078</ymax>
    </bndbox>
</object><object>
    <name>red ball</name>
    <pose>Unspecified</pose>
    <truncated>0</truncated>
    <difficult>0</difficult>
    <bndbox>
        <xmin>938.2268480552952</xmin>
        <ymin>323.4599945068359</ymin>
        <xmax>1008.7648269095596</xmax>
        <ymax>404.0999725341797</ymax>
    </bndbox>
</object><object>
    <name>black ball</name>
    <pose>Unspecified</pose>
    <truncated>0</truncated>
    <difficult>0</difficult>
    <bndbox>
        <xmin>1020.2811621368322</xmin>
        <ymin>405.5400054931641</ymin>
        <xmax>1126.8078945056232</xmax>
        <ymax>504.8999725341797</ymax>
    </bndbox>
</object><object>
    <name>black ball</name>
    <pose>Unspecified</pose>
    <truncated>0</truncated>
    <difficult>0</difficult>
    <bndbox>
        <xmin>798.5904185215558</xmin>
        <ymin>319.1400054931641</ymin>
        <xmax>851.8538396204311</xmax>
        <ymax>388.259994506836</ymax>
    </bndbox>
</object><object>
    <name>black ball</name>
    <pose>Unspecified</pose>
    <truncated>0</truncated>
    <difficult>0</difficult>
    <bndbox>
        <xmin>694.9428523313027</xmin>
        <ymin>566.8200164794922</ymin>
        <xmax>779.8763325913776</xmax>
        <ymax>666.1799835205078</ymax>
    </bndbox>
</object>
</annotation>