<?xml version='1.0' encoding='utf-8'?>
<annotation verified="yes">
    <folder>Annotation</folder>
    <filename>frame_7423.jpg</filename>
    <path>wxt2-PascalVOC-export/Annotations/frame_7423.jpg</path>
    <source>
        <database>Unknown</database>
    </source>
    <size>
        <width>1920</width>
        <height>1080</height>
        <depth>3</depth>
    </size>
    <segmented>0</segmented>
    <object>
    <name>black ball</name>
    <pose>Unspecified</pose>
    <truncated>0</truncated>
    <difficult>0</difficult>
    <bndbox>
        <xmin>926.7104029990628</xmin>
        <ymin>202.4999725341797</ymin>
        <xmax>959.8201001640113</xmax>
        <ymax>244.25999450683597</ymax>
    </bndbox>
</object><object>
    <name>black ball</name>
    <pose>Unspecified</pose>
    <truncated>0</truncated>
    <difficult>0</difficult>
    <bndbox>
        <xmin>1252.0487128045922</xmin>
        <ymin>231.2999725341797</ymin>
        <xmax>1280.8397156162137</xmax>
        <ymax>268.74000549316406</ymax>
    </bndbox>
</object><object>
    <name>red ball</name>
    <pose>Unspecified</pose>
    <truncated>0</truncated>
    <difficult>0</difficult>
    <bndbox>
        <xmin>1282.2793536199624</xmin>
        <ymin>193.85999450683593</ymin>
        <xmax>1321.1471634840673</xmax>
        <ymax>242.82001647949218</ymax>
    </bndbox>
</object><object>
    <name>red ball</name>
    <pose>Unspecified</pose>
    <truncated>0</truncated>
    <difficult>0</difficult>
    <bndbox>
        <xmin>1221.8181818181818</xmin>
        <ymin>209.6999725341797</ymin>
        <xmax>1257.8069353327085</xmax>
        <ymax>255.7799835205078</ymax>
    </bndbox>
</object><object>
    <name>red ball</name>
    <pose>Unspecified</pose>
    <truncated>0</truncated>
    <difficult>0</difficult>
    <bndbox>
        <xmin>1157.0384254920336</xmin>
        <ymin>229.85999450683593</ymin>
        <xmax>1207.422680412371</xmax>
        <ymax>270.1799835205078</ymax>
    </bndbox>
</object><object>
    <name>black ball</name>
    <pose>Unspecified</pose>
    <truncated>0</truncated>
    <difficult>0</difficult>
    <bndbox>
        <xmin>1110.9728649250235</xmin>
        <ymin>199.6200164794922</ymin>
        <xmax>1165.6757043697282</xmax>
        <ymax>234.17998352050782</ymax>
    </bndbox>
</object><object>
    <name>black ball</name>
    <pose>Unspecified</pose>
    <truncated>0</truncated>
    <difficult>0</difficult>
    <bndbox>
        <xmin>1083.6213902881912</xmin>
        <ymin>234.17998352050782</ymin>
        <xmax>1139.7638677366447</xmax>
        <ymax>275.94000549316405</ymax>
    </bndbox>
</object><object>
    <name>red ball</name>
    <pose>Unspecified</pose>
    <truncated>0</truncated>
    <difficult>0</difficult>
    <bndbox>
        <xmin>1008.7648269095595</xmin>
        <ymin>203.94000549316408</ymin>
        <xmax>1041.8744142455482</xmax>
        <ymax>244.25999450683597</ymax>
    </bndbox>
</object><object>
    <name>crossing</name>
    <pose>Unspecified</pose>
    <truncated>0</truncated>
    <difficult>0</difficult>
    <bndbox>
        <xmin>994.3693255037488</xmin>
        <ymin>425.6999725341797</ymin>
        <xmax>1516.9259606373007</xmax>
        <ymax>746.8199615478516</ymax>
    </bndbox>
</object>
</annotation>