<?xml version='1.0' encoding='utf-8'?>
<annotation verified="yes">
    <folder>Annotation</folder>
    <filename>frame_7522.jpg</filename>
    <path>wxt2-PascalVOC-export/Annotations/frame_7522.jpg</path>
    <source>
        <database>Unknown</database>
    </source>
    <size>
        <width>1920</width>
        <height>1080</height>
        <depth>3</depth>
    </size>
    <segmented>0</segmented>
    <object>
    <name>red ball</name>
    <pose>Unspecified</pose>
    <truncated>0</truncated>
    <difficult>0</difficult>
    <bndbox>
        <xmin>710.7778819119026</xmin>
        <ymin>365.2200164794922</ymin>
        <xmax>834.5791720360825</xmax>
        <ymax>481.85999450683596</ymax>
    </bndbox>
</object><object>
    <name>red ball</name>
    <pose>Unspecified</pose>
    <truncated>0</truncated>
    <difficult>0</difficult>
    <bndbox>
        <xmin>977.0946579194002</xmin>
        <ymin>440.0999725341797</ymin>
        <xmax>1085.0609184629805</xmax>
        <ymax>558.1799835205078</ymax>
    </bndbox>
</object><object>
    <name>red ball</name>
    <pose>Unspecified</pose>
    <truncated>0</truncated>
    <difficult>0</difficult>
    <bndbox>
        <xmin>1292.356160672446</xmin>
        <ymin>514.9799835205079</ymin>
        <xmax>1434.8716465557638</xmax>
        <ymax>684.9000274658204</ymax>
    </bndbox>
</object><object>
    <name>black ball</name>
    <pose>Unspecified</pose>
    <truncated>0</truncated>
    <difficult>0</difficult>
    <bndbox>
        <xmin>807.2278072282099</xmin>
        <ymin>490.4999725341797</ymin>
        <xmax>926.7104029990628</xmax>
        <ymax>615.7799835205078</ymax>
    </bndbox>
</object><object>
    <name>black ball</name>
    <pose>Unspecified</pose>
    <truncated>0</truncated>
    <difficult>0</difficult>
    <bndbox>
        <xmin>1142.642924086223</xmin>
        <ymin>316.25999450683594</ymin>
        <xmax>1266.444214210403</xmax>
        <ymax>431.4599945068359</ymax>
    </bndbox>
</object><object>
    <name>red ball</name>
    <pose>Unspecified</pose>
    <truncated>0</truncated>
    <difficult>0</difficult>
    <bndbox>
        <xmin>1021.7206903116214</xmin>
        <ymin>247.14000549316407</ymin>
        <xmax>1085.0609184629805</xmax>
        <ymax>316.25999450683594</ymax>
    </bndbox>
</object><object>
    <name>red ball</name>
    <pose>Unspecified</pose>
    <truncated>0</truncated>
    <difficult>0</difficult>
    <bndbox>
        <xmin>964.1386846883786</xmin>
        <ymin>317.6999725341797</ymin>
        <xmax>1028.9184410145267</xmax>
        <ymax>401.22001647949224</ymax>
    </bndbox>
</object><object>
    <name>black ball</name>
    <pose>Unspecified</pose>
    <truncated>0</truncated>
    <difficult>0</difficult>
    <bndbox>
        <xmin>850.4143114456419</xmin>
        <ymin>235.6200164794922</ymin>
        <xmax>916.6335959465791</xmax>
        <ymax>313.37998352050784</ymax>
    </bndbox>
</object>
</annotation>