<?xml version='1.0' encoding='utf-8'?>
<annotation verified="yes">
    <folder>Annotation</folder>
    <filename>frame_7494.jpg</filename>
    <path>wxt2-PascalVOC-export/Annotations/frame_7494.jpg</path>
    <source>
        <database>Unknown</database>
    </source>
    <size>
        <width>1920</width>
        <height>1080</height>
        <depth>3</depth>
    </size>
    <segmented>0</segmented>
    <object>
    <name>black ball</name>
    <pose>Unspecified</pose>
    <truncated>0</truncated>
    <difficult>0</difficult>
    <bndbox>
        <xmin>487.6476101218369</xmin>
        <ymin>337.85999450683596</ymin>
        <xmax>643.1190692361762</xmax>
        <ymax>486.17998352050785</ymax>
    </bndbox>
</object><object>
    <name>red ball</name>
    <pose>Unspecified</pose>
    <truncated>0</truncated>
    <difficult>0</difficult>
    <bndbox>
        <xmin>785.6345551194939</xmin>
        <ymin>278.8200164794922</ymin>
        <xmax>890.7216494845361</xmax>
        <ymax>402.659994506836</ymax>
    </bndbox>
</object><object>
    <name>black ball</name>
    <pose>Unspecified</pose>
    <truncated>0</truncated>
    <difficult>0</difficult>
    <bndbox>
        <xmin>650.3168199390815</xmin>
        <ymin>252.89997253417968</ymin>
        <xmax>748.2061636012183</xmax>
        <ymax>355.14000549316404</ymax>
    </bndbox>
</object><object>
    <name>red ball</name>
    <pose>Unspecified</pose>
    <truncated>0</truncated>
    <difficult>0</difficult>
    <bndbox>
        <xmin>900.7985663659794</xmin>
        <ymin>406.9799835205078</ymin>
        <xmax>998.6879100281162</xmax>
        <ymax>539.459994506836</ymax>
    </bndbox>
</object><object>
    <name>black ball</name>
    <pose>Unspecified</pose>
    <truncated>0</truncated>
    <difficult>0</difficult>
    <bndbox>
        <xmin>1128.2474226804125</xmin>
        <ymin>332.0999725341797</ymin>
        <xmax>1257.8069353327087</xmax>
        <ymax>466.0200164794922</ymax>
    </bndbox>
</object><object>
    <name>black ball</name>
    <pose>Unspecified</pose>
    <truncated>0</truncated>
    <difficult>0</difficult>
    <bndbox>
        <xmin>615.767594599344</xmin>
        <ymin>556.7400054931641</ymin>
        <xmax>779.8763325913777</xmax>
        <ymax>741.0600494384765</ymax>
    </bndbox>
</object><object>
    <name>red ball</name>
    <pose>Unspecified</pose>
    <truncated>0</truncated>
    <difficult>0</difficult>
    <bndbox>
        <xmin>890.7216494845361</xmin>
        <ymin>599.9400054931641</ymin>
        <xmax>1072.1049452319587</xmax>
        <ymax>838.9799835205079</ymax>
    </bndbox>
</object>
</annotation>