<?xml version='1.0' encoding='utf-8'?>
<annotation verified="yes">
    <folder>Annotation</folder>
    <filename>frame_7516.jpg</filename>
    <path>wxt2-PascalVOC-export/Annotations/frame_7516.jpg</path>
    <source>
        <database>Unknown</database>
    </source>
    <size>
        <width>1920</width>
        <height>1080</height>
        <depth>3</depth>
    </size>
    <segmented>0</segmented>
    <object>
    <name>red ball</name>
    <pose>Unspecified</pose>
    <truncated>0</truncated>
    <difficult>0</difficult>
    <bndbox>
        <xmin>781.3158607661668</xmin>
        <ymin>408.4200164794922</ymin>
        <xmax>922.3918184746954</xmax>
        <ymax>543.7799835205078</ymax>
    </bndbox>
</object><object>
    <name>black ball</name>
    <pose>Unspecified</pose>
    <truncated>0</truncated>
    <difficult>0</difficult>
    <bndbox>
        <xmin>836.0188100398314</xmin>
        <ymin>248.57998352050782</ymin>
        <xmax>923.8313466494845</xmax>
        <ymax>337.85999450683596</ymax>
    </bndbox>
</object><object>
    <name>red ball</name>
    <pose>Unspecified</pose>
    <truncated>0</truncated>
    <difficult>0</difficult>
    <bndbox>
        <xmin>1001.5670762066542</xmin>
        <ymin>333.5400054931641</ymin>
        <xmax>1076.4236395852859</xmax>
        <ymax>422.8200164794922</ymax>
    </bndbox>
</object><object>
    <name>red ball</name>
    <pose>Unspecified</pose>
    <truncated>0</truncated>
    <difficult>0</difficult>
    <bndbox>
        <xmin>1041.8744142455482</xmin>
        <ymin>258.659994506836</ymin>
        <xmax>1106.6541705716963</xmax>
        <ymax>336.42001647949223</ymax>
    </bndbox>
</object><object>
    <name>black ball</name>
    <pose>Unspecified</pose>
    <truncated>0</truncated>
    <difficult>0</difficult>
    <bndbox>
        <xmin>959.8201001640113</xmin>
        <ymin>559.6200164794922</ymin>
        <xmax>1066.3468325328022</xmax>
        <ymax>687.7799835205078</ymax>
    </bndbox>
</object><object>
    <name>red ball</name>
    <pose>Unspecified</pose>
    <truncated>0</truncated>
    <difficult>0</difficult>
    <bndbox>
        <xmin>1521.2446549906279</xmin>
        <ymin>553.859994506836</ymin>
        <xmax>1696.8697282099342</xmax>
        <ymax>732.4199615478516</ymax>
    </bndbox>
</object><object>
    <name>red ball</name>
    <pose>Unspecified</pose>
    <truncated>0</truncated>
    <difficult>0</difficult>
    <bndbox>
        <xmin>1125.368366330834</xmin>
        <ymin>480.4200164794922</ymin>
        <xmax>1236.2136832239926</xmax>
        <ymax>620.1000274658203</ymax>
    </bndbox>
</object><object>
    <name>black ball</name>
    <pose>Unspecified</pose>
    <truncated>0</truncated>
    <difficult>0</difficult>
    <bndbox>
        <xmin>1213.1809029404874</xmin>
        <ymin>336.4200164794922</ymin>
        <xmax>1339.8613592432052</xmax>
        <ymax>448.74000549316406</ymax>
    </bndbox>
</object><object>
    <name>black ball</name>
    <pose>Unspecified</pose>
    <truncated>0</truncated>
    <difficult>0</difficult>
    <bndbox>
        <xmin>998.6879100281162</xmin>
        <ymin>214.0200164794922</ymin>
        <xmax>1059.1490818298969</xmax>
        <ymax>290.3400054931641</ymax>
    </bndbox>
</object>
</annotation>