<?xml version='1.0' encoding='utf-8'?>
<annotation verified="yes">
    <folder>Annotation</folder>
    <filename>frame_7548.jpg</filename>
    <path>wxt2-PascalVOC-export/Annotations/frame_7548.jpg</path>
    <source>
        <database>Unknown</database>
    </source>
    <size>
        <width>1920</width>
        <height>1080</height>
        <depth>3</depth>
    </size>
    <segmented>0</segmented>
    <object>
    <name>red ball</name>
    <pose>Unspecified</pose>
    <truncated>0</truncated>
    <difficult>0</difficult>
    <bndbox>
        <xmin>692.0637959817244</xmin>
        <ymin>493.37998352050784</ymin>
        <xmax>815.8650861059043</xmax>
        <ymax>631.6199615478516</ymax>
    </bndbox>
</object><object>
    <name>red ball</name>
    <pose>Unspecified</pose>
    <truncated>0</truncated>
    <difficult>0</difficult>
    <bndbox>
        <xmin>995.808853678538</xmin>
        <ymin>555.2999725341797</ymin>
        <xmax>1100.8959480435801</xmax>
        <ymax>670.5000274658203</ymax>
    </bndbox>
</object><object>
    <name>red ball</name>
    <pose>Unspecified</pose>
    <truncated>0</truncated>
    <difficult>0</difficult>
    <bndbox>
        <xmin>1326.9053860121837</xmin>
        <ymin>598.5000274658204</ymin>
        <xmax>1450.7067859653234</xmax>
        <ymax>746.8199615478517</ymax>
    </bndbox>
</object><object>
    <name>black ball</name>
    <pose>Unspecified</pose>
    <truncated>0</truncated>
    <difficult>0</difficult>
    <bndbox>
        <xmin>859.0515903233364</xmin>
        <ymin>638.8199615478516</ymin>
        <xmax>955.5014058106841</xmax>
        <ymax>746.8199615478516</ymax>
    </bndbox>
</object><object>
    <name>black ball</name>
    <pose>Unspecified</pose>
    <truncated>0</truncated>
    <difficult>0</difficult>
    <bndbox>
        <xmin>1079.302695934864</xmin>
        <ymin>408.4200164794922</ymin>
        <xmax>1178.6316776007498</xmax>
        <ymax>507.7799835205078</ymax>
    </bndbox>
</object><object>
    <name>red ball</name>
    <pose>Unspecified</pose>
    <truncated>0</truncated>
    <difficult>0</difficult>
    <bndbox>
        <xmin>886.4030649601686</xmin>
        <ymin>414.17998352050785</ymin>
        <xmax>955.5014058106841</xmax>
        <ymax>497.6999725341797</ymax>
    </bndbox>
</object><object>
    <name>red ball</name>
    <pose>Unspecified</pose>
    <truncated>0</truncated>
    <difficult>0</difficult>
    <bndbox>
        <xmin>913.7544297680412</xmin>
        <ymin>333.5400054931641</ymin>
        <xmax>979.9738240979381</xmax>
        <ymax>405.5400054931641</ymax>
    </bndbox>
</object><object>
    <name>black ball</name>
    <pose>Unspecified</pose>
    <truncated>0</truncated>
    <difficult>0</difficult>
    <bndbox>
        <xmin>872.0075635543581</xmin>
        <ymin>290.3400054931641</ymin>
        <xmax>922.3918184746955</xmax>
        <ymax>359.459994506836</ymax>
    </bndbox>
</object><object>
    <name>black ball</name>
    <pose>Unspecified</pose>
    <truncated>0</truncated>
    <difficult>0</difficult>
    <bndbox>
        <xmin>722.2943269681349</xmin>
        <ymin>329.2200164794922</ymin>
        <xmax>797.1508903467666</xmax>
        <ymax>412.74000549316406</ymax>
    </bndbox>
</object>
</annotation>