<?xml version='1.0' encoding='utf-8'?>
<annotation verified="yes">
    <folder>Annotation</folder>
    <filename>frame_7914.jpg</filename>
    <path>wxt2-PascalVOC-export/Annotations/frame_7914.jpg</path>
    <source>
        <database>Unknown</database>
    </source>
    <size>
        <width>1920</width>
        <height>1080</height>
        <depth>3</depth>
    </size>
    <segmented>0</segmented>
    <object>
    <name>red start</name>
    <pose>Unspecified</pose>
    <truncated>0</truncated>
    <difficult>0</difficult>
    <bndbox>
        <xmin>737.868009868421</xmin>
        <ymin>574.369914774992</ymin>
        <xmax>1337.5693779904307</xmax>
        <ymax>625.798430150869</ymax>
    </bndbox>
</object><object>
    <name>crossing</name>
    <pose>Unspecified</pose>
    <truncated>0</truncated>
    <difficult>0</difficult>
    <bndbox>
        <xmin>1312.5818630382776</xmin>
        <ymin>821.227046421596</ymin>
        <xmax>1710.9130532296651</xmax>
        <ymax>937.308701495735</ymax>
    </bndbox>
</object><object>
    <name>black ball</name>
    <pose>Unspecified</pose>
    <truncated>0</truncated>
    <difficult>0</difficult>
    <bndbox>
        <xmin>301.3205741626794</xmin>
        <ymin>569.9617066675303</ymin>
        <xmax>358.64499850478467</xmax>
        <ymax>611.1045525998485</ymax>
    </bndbox>
</object><object>
    <name>red ball</name>
    <pose>Unspecified</pose>
    <truncated>0</truncated>
    <difficult>0</difficult>
    <bndbox>
        <xmin>167.56365879186603</xmin>
        <ymin>578.7780668297593</ymin>
        <xmax>241.0564817583732</xmax>
        <ymax>634.6148463657925</ymax>
    </bndbox>
</object><object>
    <name>black ball</name>
    <pose>Unspecified</pose>
    <truncated>0</truncated>
    <difficult>0</difficult>
    <bndbox>
        <xmin>63.203816537081345</xmin>
        <ymin>589.0637362733179</ymin>
        <xmax>110.23923444976077</xmax>
        <ymax>639.0229423678651</ymax>
    </bndbox>
</object><object>
    <name>red ball</name>
    <pose>Unspecified</pose>
    <truncated>0</truncated>
    <difficult>0</difficult>
    <bndbox>
        <xmin>10.289006429425838</xmin>
        <ymin>587.5943709392938</ymin>
        <xmax>66.14354066985646</xmax>
        <ymax>644.9005158093512</ymax>
    </bndbox>
</object>
</annotation>