<?xml version='1.0' encoding='utf-8'?>
<annotation verified="yes">
    <folder>Annotation</folder>
    <filename>frame_7596.jpg</filename>
    <path>wxt2-PascalVOC-export/Annotations/frame_7596.jpg</path>
    <source>
        <database>Unknown</database>
    </source>
    <size>
        <width>1920</width>
        <height>1080</height>
        <depth>3</depth>
    </size>
    <segmented>0</segmented>
    <object>
    <name>black ball</name>
    <pose>Unspecified</pose>
    <truncated>0</truncated>
    <difficult>0</difficult>
    <bndbox>
        <xmin>886.4030649601686</xmin>
        <ymin>516.4200164794922</ymin>
        <xmax>977.0946579194001</xmax>
        <ymax>638.8199615478516</ymax>
    </bndbox>
</object><object>
    <name>black ball</name>
    <pose>Unspecified</pose>
    <truncated>0</truncated>
    <difficult>0</difficult>
    <bndbox>
        <xmin>1200.2249297094659</xmin>
        <ymin>493.37998352050784</ymin>
        <xmax>1312.5098846063731</xmax>
        <ymax>638.8199615478516</ymax>
    </bndbox>
</object><object>
    <name>red ball</name>
    <pose>Unspecified</pose>
    <truncated>0</truncated>
    <difficult>0</difficult>
    <bndbox>
        <xmin>1144.0824522610121</xmin>
        <ymin>324.8999725341797</ymin>
        <xmax>1231.8950986996251</xmax>
        <ymax>414.17998352050785</ymax>
    </bndbox>
</object><object>
    <name>black ball</name>
    <pose>Unspecified</pose>
    <truncated>0</truncated>
    <difficult>0</difficult>
    <bndbox>
        <xmin>994.3693255037488</xmin>
        <ymin>250.0200164794922</ymin>
        <xmax>1085.0609184629802</xmax>
        <ymax>349.37998352050784</ymax>
    </bndbox>
</object><object>
    <name>red ball</name>
    <pose>Unspecified</pose>
    <truncated>0</truncated>
    <difficult>0</difficult>
    <bndbox>
        <xmin>974.215601569822</xmin>
        <ymin>388.25999450683594</ymin>
        <xmax>1063.4676663542643</xmax>
        <ymax>493.37998352050784</ymax>
    </bndbox>
</object><object>
    <name>red ball</name>
    <pose>Unspecified</pose>
    <truncated>0</truncated>
    <difficult>0</difficult>
    <bndbox>
        <xmin>1374.4104747539832</xmin>
        <ymin>268.74000549316406</ymin>
        <xmax>1488.1349578256795</xmax>
        <ymax>373.85999450683596</ymax>
    </bndbox>
</object><object>
    <name>black ball</name>
    <pose>Unspecified</pose>
    <truncated>0</truncated>
    <difficult>0</difficult>
    <bndbox>
        <xmin>1413.2783944470477</xmin>
        <ymin>346.4999725341797</ymin>
        <xmax>1522.6842929943766</xmax>
        <ymax>467.4599945068359</ymax>
    </bndbox>
</object><object>
    <name>red ball</name>
    <pose>Unspecified</pose>
    <truncated>0</truncated>
    <difficult>0</difficult>
    <bndbox>
        <xmin>1226.136876171509</xmin>
        <ymin>205.3799835205078</ymin>
        <xmax>1286.5979381443299</xmax>
        <ymax>286.0200164794922</ymax>
    </bndbox>
</object><object>
    <name>red ball</name>
    <pose>Unspecified</pose>
    <truncated>0</truncated>
    <difficult>0</difficult>
    <bndbox>
        <xmin>1116.7310874531397</xmin>
        <ymin>146.34000549316406</ymin>
        <xmax>1175.7526212511716</xmax>
        <ymax>219.7799835205078</ymax>
    </bndbox>
</object>
</annotation>