<?xml version='1.0' encoding='utf-8'?>
<annotation verified="yes">
    <folder>Annotation</folder>
    <filename>frame_7890.jpg</filename>
    <path>wxt2-PascalVOC-export/Annotations/frame_7890.jpg</path>
    <source>
        <database>Unknown</database>
    </source>
    <size>
        <width>1920</width>
        <height>1080</height>
        <depth>3</depth>
    </size>
    <segmented>0</segmented>
    <object>
    <name>red ball</name>
    <pose>Unspecified</pose>
    <truncated>0</truncated>
    <difficult>0</difficult>
    <bndbox>
        <xmin>180.79233328349284</xmin>
        <ymin>600.8188831562899</ymin>
        <xmax>219.00863486842107</xmax>
        <ymax>644.9005158093511</ymax>
    </bndbox>
</object><object>
    <name>black ball</name>
    <pose>Unspecified</pose>
    <truncated>0</truncated>
    <difficult>0</difficult>
    <bndbox>
        <xmin>476.2335152511962</xmin>
        <ymin>596.4106750488281</ymin>
        <xmax>523.2688770933015</xmax>
        <ymax>633.1453689263792</ymax>
    </bndbox>
</object><object>
    <name>red ball</name>
    <pose>Unspecified</pose>
    <truncated>0</truncated>
    <difficult>0</difficult>
    <bndbox>
        <xmin>363.05455666866027</xmin>
        <ymin>605.2270912637516</ymin>
        <xmax>423.3186490729665</xmax>
        <ymax>646.3698811433753</ymax>
    </bndbox>
</object><object>
    <name>black ball</name>
    <pose>Unspecified</pose>
    <truncated>0</truncated>
    <difficult>0</difficult>
    <bndbox>
        <xmin>280.7426173744019</xmin>
        <ymin>614.0433953732861</ymin>
        <xmax>318.95886288875596</xmax>
        <ymax>650.7780892508372</ymax>
    </bndbox>
</object><object>
    <name>red ball</name>
    <pose>Unspecified</pose>
    <truncated>0</truncated>
    <difficult>0</difficult>
    <bndbox>
        <xmin>236.64692359449762</xmin>
        <ymin>615.5127607073102</ymin>
        <xmax>276.33300313995215</xmax>
        <ymax>659.5943933603714</ymax>
    </bndbox>
</object><object>
    <name>red start</name>
    <pose>Unspecified</pose>
    <truncated>0</truncated>
    <difficult>0</difficult>
    <bndbox>
        <xmin>855.4565266148326</xmin>
        <ymin>615.5127607073102</ymin>
        <xmax>1411.0622009569379</xmax>
        <ymax>658.1250280263472</ymax>
    </bndbox>
</object><object>
    <name>crossing</name>
    <pose>Unspecified</pose>
    <truncated>0</truncated>
    <difficult>0</difficult>
    <bndbox>
        <xmin>1264.0765550239234</xmin>
        <ymin>796.2474994270169</ymin>
        <xmax>1678.5760316985645</xmax>
        <ymax>907.9209463936942</ymax>
    </bndbox>
</object><object>
    <name>red start</name>
    <pose>Unspecified</pose>
    <truncated>0</truncated>
    <difficult>0</difficult>
    <bndbox>
        <xmin>1264.0765550239234</xmin>
        <ymin>796.2474994270169</ymin>
        <xmax>1678.5760316985645</xmax>
        <ymax>907.9209463936942</ymax>
    </bndbox>
</object>
</annotation>