<?xml version='1.0' encoding='utf-8'?>
<annotation verified="yes">
    <folder>Annotation</folder>
    <filename>frame_7452.jpg</filename>
    <path>wxt2-PascalVOC-export/Annotations/frame_7452.jpg</path>
    <source>
        <database>Unknown</database>
    </source>
    <size>
        <width>1920</width>
        <height>1080</height>
        <depth>3</depth>
    </size>
    <segmented>0</segmented>
    <object>
    <name>crossing</name>
    <pose>Unspecified</pose>
    <truncated>0</truncated>
    <difficult>0</difficult>
    <bndbox>
        <xmin>514.9990847586691</xmin>
        <ymin>447.2999725341797</ymin>
        <xmax>984.2924086223055</xmax>
        <ymax>706.5000274658203</ymax>
    </bndbox>
</object><object>
    <name>red ball</name>
    <pose>Unspecified</pose>
    <truncated>0</truncated>
    <difficult>0</difficult>
    <bndbox>
        <xmin>1008.7648269095595</xmin>
        <ymin>146.34000549316406</ymin>
        <xmax>1057.7094438261481</xmax>
        <ymax>198.17998352050782</ymax>
    </bndbox>
</object><object>
    <name>red ball</name>
    <pose>Unspecified</pose>
    <truncated>0</truncated>
    <difficult>0</difficult>
    <bndbox>
        <xmin>1174.3130930763823</xmin>
        <ymin>123.29997253417969</ymin>
        <xmax>1218.9391254686034</xmax>
        <ymax>169.3799835205078</ymax>
    </bndbox>
</object><object>
    <name>black ball</name>
    <pose>Unspecified</pose>
    <truncated>0</truncated>
    <difficult>0</difficult>
    <bndbox>
        <xmin>923.8313466494845</xmin>
        <ymin>147.7799835205078</ymin>
        <xmax>967.0178508669165</xmax>
        <ymax>199.6200164794922</ymax>
    </bndbox>
</object><object>
    <name>black ball</name>
    <pose>Unspecified</pose>
    <truncated>0</truncated>
    <difficult>0</difficult>
    <bndbox>
        <xmin>810.1068635777882</xmin>
        <ymin>144.89997253417968</ymin>
        <xmax>844.6560889175258</xmax>
        <ymax>185.2200164794922</ymax>
    </bndbox>
</object>
</annotation>