<?xml version='1.0' encoding='utf-8'?>
<annotation verified="yes">
    <folder>Annotation</folder>
    <filename>frame_7633.jpg</filename>
    <path>wxt2-PascalVOC-export/Annotations/frame_7633.jpg</path>
    <source>
        <database>Unknown</database>
    </source>
    <size>
        <width>1920</width>
        <height>1080</height>
        <depth>3</depth>
    </size>
    <segmented>0</segmented>
    <object>
    <name>red ball</name>
    <pose>Unspecified</pose>
    <truncated>0</truncated>
    <difficult>0</difficult>
    <bndbox>
        <xmin>707.8988255623243</xmin>
        <ymin>448.74000549316406</ymin>
        <xmax>746.7666354264293</xmax>
        <ymax>503.4599945068359</ymax>
    </bndbox>
</object><object>
    <name>black ball</name>
    <pose>Unspecified</pose>
    <truncated>0</truncated>
    <difficult>0</difficult>
    <bndbox>
        <xmin>739.5688847235239</xmin>
        <ymin>435.7799835205078</ymin>
        <xmax>778.4368044165885</xmax>
        <ymax>478.9799835205078</ymax>
    </bndbox>
</object><object>
    <name>black ball</name>
    <pose>Unspecified</pose>
    <truncated>0</truncated>
    <difficult>0</difficult>
    <bndbox>
        <xmin>1100.8959480435801</xmin>
        <ymin>428.5799835205078</ymin>
        <xmax>1142.642924086223</xmax>
        <ymax>460.25999450683594</ymax>
    </bndbox>
</object><object>
    <name>black ball</name>
    <pose>Unspecified</pose>
    <truncated>0</truncated>
    <difficult>0</difficult>
    <bndbox>
        <xmin>1014.522939608716</xmin>
        <ymin>441.5400054931641</ymin>
        <xmax>1070.6654170571696</xmax>
        <ymax>480.4200164794922</ymax>
    </bndbox>
</object><object>
    <name>black ball</name>
    <pose>Unspecified</pose>
    <truncated>0</truncated>
    <difficult>0</difficult>
    <bndbox>
        <xmin>985.7319367970947</xmin>
        <ymin>458.8200164794922</ymin>
        <xmax>1040.4348860707591</xmax>
        <ymax>510.659994506836</ymax>
    </bndbox>
</object><object>
    <name>black ball</name>
    <pose>Unspecified</pose>
    <truncated>0</truncated>
    <difficult>0</difficult>
    <bndbox>
        <xmin>955.5014058106841</xmin>
        <ymin>421.37998352050784</ymin>
        <xmax>987.1715748008435</xmax>
        <ymax>461.6999725341797</ymax>
    </bndbox>
</object><object>
    <name>red ball</name>
    <pose>Unspecified</pose>
    <truncated>0</truncated>
    <difficult>0</difficult>
    <bndbox>
        <xmin>918.0731241213683</xmin>
        <ymin>457.37998352050784</ymin>
        <xmax>959.8201001640113</xmax>
        <ymax>517.859994506836</ymax>
    </bndbox>
</object><object>
    <name>red ball</name>
    <pose>Unspecified</pose>
    <truncated>0</truncated>
    <difficult>0</difficult>
    <bndbox>
        <xmin>801.4695847000937</xmin>
        <ymin>435.7799835205078</ymin>
        <xmax>848.9746734418932</xmax>
        <ymax>483.2999725341797</ymax>
    </bndbox>
</object><object>
    <name>red ball</name>
    <pose>Unspecified</pose>
    <truncated>0</truncated>
    <difficult>0</difficult>
    <bndbox>
        <xmin>821.6233086340206</xmin>
        <ymin>471.7799835205078</ymin>
        <xmax>861.9306466729147</xmax>
        <ymax>516.4200164794922</ymax>
    </bndbox>
</object><object>
    <name>red ball</name>
    <pose>Unspecified</pose>
    <truncated>0</truncated>
    <difficult>0</difficult>
    <bndbox>
        <xmin>887.8425931349578</xmin>
        <ymin>440.0999725341797</ymin>
        <xmax>931.0290973523898</xmax>
        <ymax>490.4999725341797</ymax>
    </bndbox>
</object>
</annotation>