<?xml version='1.0' encoding='utf-8'?>
<annotation verified="yes">
    <folder>Annotation</folder>
    <filename>frame_7912.jpg</filename>
    <path>wxt2-PascalVOC-export/Annotations/frame_7912.jpg</path>
    <source>
        <database>Unknown</database>
    </source>
    <size>
        <width>1920</width>
        <height>1080</height>
        <depth>3</depth>
    </size>
    <segmented>0</segmented>
    <object>
    <name>red start</name>
    <pose>Unspecified</pose>
    <truncated>0</truncated>
    <difficult>0</difficult>
    <bndbox>
        <xmin>777.5540894138757</xmin>
        <ymin>597.8801524882414</ymin>
        <xmax>1378.725403708134</xmax>
        <ymax>647.8392464773996</ymax>
    </bndbox>
</object><object>
    <name>crossing</name>
    <pose>Unspecified</pose>
    <truncated>0</truncated>
    <difficult>0</difficult>
    <bndbox>
        <xmin>1347.8584404904307</xmin>
        <ymin>846.2065934161751</ymin>
        <xmax>1746.18951854067</xmax>
        <ymax>965.2270912637516</ymax>
    </bndbox>
</object><object>
    <name>black ball</name>
    <pose>Unspecified</pose>
    <truncated>0</truncated>
    <difficult>0</difficult>
    <bndbox>
        <xmin>351.29571620813397</xmin>
        <ymin>593.4719443807796</ymin>
        <xmax>408.6200844796651</xmax>
        <ymax>634.6148463657923</ymax>
    </bndbox>
</object><object>
    <name>red ball</name>
    <pose>Unspecified</pose>
    <truncated>0</truncated>
    <difficult>0</difficult>
    <bndbox>
        <xmin>219.00863486842107</xmin>
        <ymin>596.4106750488281</ymin>
        <xmax>291.0315677332536</xmax>
        <ymax>655.1861852529098</ymax>
    </bndbox>
</object><object>
    <name>black ball</name>
    <pose>Unspecified</pose>
    <truncated>0</truncated>
    <difficult>0</difficult>
    <bndbox>
        <xmin>121.99807491028709</xmin>
        <ymin>611.1045525998486</ymin>
        <xmax>170.50338292464116</xmax>
        <ymax>661.0637586943958</ymax>
    </bndbox>
</object><object>
    <name>red ball</name>
    <pose>Unspecified</pose>
    <truncated>0</truncated>
    <difficult>0</difficult>
    <bndbox>
        <xmin>69.08326480263158</xmin>
        <ymin>611.1045525998486</ymin>
        <xmax>123.46796501196172</xmax>
        <ymax>665.4719668018575</ymax>
    </bndbox>
</object><object>
    <name>red ball</name>
    <pose>Unspecified</pose>
    <truncated>0</truncated>
    <difficult>0</difficult>
    <bndbox>
        <xmin>4.409586199162679</xmin>
        <ymin>592.0025790467554</ymin>
        <xmax>61.73398250598086</xmax>
        <ymax>650.7780892508371</ymax>
    </bndbox>
</object>
</annotation>