<?xml version='1.0' encoding='utf-8'?>
<annotation verified="yes">
    <folder>Annotation</folder>
    <filename>frame_7572.jpg</filename>
    <path>wxt2-PascalVOC-export/Annotations/frame_7572.jpg</path>
    <source>
        <database>Unknown</database>
    </source>
    <size>
        <width>1920</width>
        <height>1080</height>
        <depth>3</depth>
    </size>
    <segmented>0</segmented>
    <object>
    <name>red ball</name>
    <pose>Unspecified</pose>
    <truncated>0</truncated>
    <difficult>0</difficult>
    <bndbox>
        <xmin>1198.7854015346766</xmin>
        <ymin>692.1000274658203</ymin>
        <xmax>1381.6082254568882</xmax>
        <ymax>895.140005493164</ymax>
    </bndbox>
</object><object>
    <name>black ball</name>
    <pose>Unspecified</pose>
    <truncated>0</truncated>
    <difficult>0</difficult>
    <bndbox>
        <xmin>1511.1678479381444</xmin>
        <ymin>707.9400054931641</ymin>
        <xmax>1650.804167642924</xmax>
        <ymax>849.0600494384767</ymax>
    </bndbox>
</object><object>
    <name>red ball</name>
    <pose>Unspecified</pose>
    <truncated>0</truncated>
    <difficult>0</difficult>
    <bndbox>
        <xmin>1404.6411155693534</xmin>
        <ymin>566.8200164794922</ymin>
        <xmax>1528.4424056935334</xmax>
        <ymax>683.4600494384766</ymax>
    </bndbox>
</object><object>
    <name>red ball</name>
    <pose>Unspecified</pose>
    <truncated>0</truncated>
    <difficult>0</difficult>
    <bndbox>
        <xmin>1573.0685479147141</xmin>
        <ymin>471.7799835205078</ymin>
        <xmax>1695.4303098641049</xmax>
        <ymax>571.140005493164</ymax>
    </bndbox>
</object><object>
    <name>black ball</name>
    <pose>Unspecified</pose>
    <truncated>0</truncated>
    <difficult>0</difficult>
    <bndbox>
        <xmin>1129.6869508552015</xmin>
        <ymin>408.4200164794922</ymin>
        <xmax>1243.4114339268979</xmax>
        <ymax>514.9799835205079</ymax>
    </bndbox>
</object><object>
    <name>red ball</name>
    <pose>Unspecified</pose>
    <truncated>0</truncated>
    <difficult>0</difficult>
    <bndbox>
        <xmin>1011.6438832591377</xmin>
        <ymin>529.3799835205078</ymin>
        <xmax>1112.4123930998126</xmax>
        <ymax>624.4199615478516</ymax>
    </bndbox>
</object><object>
    <name>red ball</name>
    <pose>Unspecified</pose>
    <truncated>0</truncated>
    <difficult>0</difficult>
    <bndbox>
        <xmin>824.5023649835989</xmin>
        <ymin>409.85999450683596</ymin>
        <xmax>918.0731241213683</xmax>
        <ymax>525.059994506836</ymax>
    </bndbox>
</object><object>
    <name>black ball</name>
    <pose>Unspecified</pose>
    <truncated>0</truncated>
    <difficult>0</difficult>
    <bndbox>
        <xmin>630.1630960051547</xmin>
        <ymin>385.37998352050784</ymin>
        <xmax>725.1733833177133</xmax>
        <ymax>502.0200164794922</ymax>
    </bndbox>
</object><object>
    <name>black ball</name>
    <pose>Unspecified</pose>
    <truncated>0</truncated>
    <difficult>0</difficult>
    <bndbox>
        <xmin>598.493036843955</xmin>
        <ymin>529.3799835205078</ymin>
        <xmax>709.3383537371134</xmax>
        <ymax>666.1799835205079</ymax>
    </bndbox>
</object><object>
    <name>black ball</name>
    <pose>Unspecified</pose>
    <truncated>0</truncated>
    <difficult>0</difficult>
    <bndbox>
        <xmin>955.5014058106841</xmin>
        <ymin>713.7000274658203</ymin>
        <xmax>1093.6981973406748</xmax>
        <ymax>896.5799835205078</ymax>
    </bndbox>
</object>
</annotation>