<?xml version='1.0' encoding='utf-8'?>
<annotation verified="yes">
    <folder>Annotation</folder>
    <filename>frame_7483.jpg</filename>
    <path>wxt2-PascalVOC-export/Annotations/frame_7483.jpg</path>
    <source>
        <database>Unknown</database>
    </source>
    <size>
        <width>1920</width>
        <height>1080</height>
        <depth>3</depth>
    </size>
    <segmented>0</segmented>
    <object>
    <name>black ball</name>
    <pose>Unspecified</pose>
    <truncated>0</truncated>
    <difficult>0</difficult>
    <bndbox>
        <xmin>412.7909918287254</xmin>
        <ymin>355.1400054931641</ymin>
        <xmax>516.4386129334583</xmax>
        <ymax>471.77998352050787</ymax>
    </bndbox>
</object><object>
    <name>black ball</name>
    <pose>Unspecified</pose>
    <truncated>0</truncated>
    <difficult>0</difficult>
    <bndbox>
        <xmin>627.2840396555764</xmin>
        <ymin>451.6200164794922</ymin>
        <xmax>741.008412898313</xmax>
        <ymax>612.9000274658204</ymax>
    </bndbox>
</object><object>
    <name>red ball</name>
    <pose>Unspecified</pose>
    <truncated>0</truncated>
    <difficult>0</difficult>
    <bndbox>
        <xmin>854.7328959700094</xmin>
        <ymin>461.6999725341797</ymin>
        <xmax>990.0506311504217</xmax>
        <ymax>618.6600494384766</ymax>
    </bndbox>
</object><object>
    <name>black ball</name>
    <pose>Unspecified</pose>
    <truncated>0</truncated>
    <difficult>0</difficult>
    <bndbox>
        <xmin>1159.9175916705717</xmin>
        <ymin>502.0200164794922</ymin>
        <xmax>1252.0487128045922</xmax>
        <ymax>620.1000274658203</ymax>
    </bndbox>
</object><object>
    <name>red ball</name>
    <pose>Unspecified</pose>
    <truncated>0</truncated>
    <difficult>0</difficult>
    <bndbox>
        <xmin>1300.9934395501405</xmin>
        <ymin>388.25999450683594</ymin>
        <xmax>1393.1246705131207</xmax>
        <ymax>490.4999725341797</ymax>
    </bndbox>
</object><object>
    <name>black ball</name>
    <pose>Unspecified</pose>
    <truncated>0</truncated>
    <difficult>0</difficult>
    <bndbox>
        <xmin>929.5895691776008</xmin>
        <ymin>345.05999450683595</ymin>
        <xmax>1020.2811621368322</xmax>
        <ymax>428.5799835205078</ymax>
    </bndbox>
</object><object>
    <name>red ball</name>
    <pose>Unspecified</pose>
    <truncated>0</truncated>
    <difficult>0</difficult>
    <bndbox>
        <xmin>787.074083294283</xmin>
        <ymin>389.6999725341797</ymin>
        <xmax>854.7328959700094</xmax>
        <ymax>471.77998352050787</ymax>
    </bndbox>
</object><object>
    <name>red ball</name>
    <pose>Unspecified</pose>
    <truncated>0</truncated>
    <difficult>0</difficult>
    <bndbox>
        <xmin>641.6795410613871</xmin>
        <ymin>311.94000549316405</ymin>
        <xmax>741.008412898313</xmax>
        <ymax>411.2999725341797</ymax>
    </bndbox>
</object><object>
    <name>black ball</name>
    <pose>Unspecified</pose>
    <truncated>0</truncated>
    <difficult>0</difficult>
    <bndbox>
        <xmin>502.0431115276476</xmin>
        <ymin>301.85999450683596</ymin>
        <xmax>588.4161199625117</xmax>
        <ymax>385.37998352050784</ymax>
    </bndbox>
</object><object>
    <name>red ball</name>
    <pose>Unspecified</pose>
    <truncated>0</truncated>
    <difficult>0</difficult>
    <bndbox>
        <xmin>1113.8519212746016</xmin>
        <ymin>415.6200164794922</ymin>
        <xmax>1200.2249297094656</xmax>
        <ymax>536.5799835205079</ymax>
    </bndbox>
</object>
</annotation>