<?xml version='1.0' encoding='utf-8'?>
<annotation verified="yes">
    <folder>Annotation</folder>
    <filename>frame_7481.jpg</filename>
    <path>wxt2-PascalVOC-export/Annotations/frame_7481.jpg</path>
    <source>
        <database>Unknown</database>
    </source>
    <size>
        <width>1920</width>
        <height>1080</height>
        <depth>3</depth>
    </size>
    <segmented>0</segmented>
    <object>
    <name>black ball</name>
    <pose>Unspecified</pose>
    <truncated>0</truncated>
    <difficult>0</difficult>
    <bndbox>
        <xmin>517.8781960227273</xmin>
        <ymin>345.05999450683595</ymin>
        <xmax>604.2511495431115</xmax>
        <ymax>440.0999725341797</ymax>
    </bndbox>
</object><object>
    <name>black ball</name>
    <pose>Unspecified</pose>
    <truncated>0</truncated>
    <difficult>0</difficult>
    <bndbox>
        <xmin>713.6570480904405</xmin>
        <ymin>441.5400054931641</ymin>
        <xmax>815.8650861059044</xmax>
        <ymax>561.0599945068359</ymax>
    </bndbox>
</object><object>
    <name>black ball</name>
    <pose>Unspecified</pose>
    <truncated>0</truncated>
    <difficult>0</difficult>
    <bndbox>
        <xmin>975.655129744611</xmin>
        <ymin>343.6200164794922</ymin>
        <xmax>1073.5445832357075</xmax>
        <ymax>434.3400054931641</ymax>
    </bndbox>
</object><object>
    <name>black ball</name>
    <pose>Unspecified</pose>
    <truncated>0</truncated>
    <difficult>0</difficult>
    <bndbox>
        <xmin>1185.829428303655</xmin>
        <ymin>502.0200164794922</ymin>
        <xmax>1273.6419649133084</xmax>
        <ymax>612.9000274658204</ymax>
    </bndbox>
</object><object>
    <name>red ball</name>
    <pose>Unspecified</pose>
    <truncated>0</truncated>
    <difficult>0</difficult>
    <bndbox>
        <xmin>1324.0262198336457</xmin>
        <ymin>406.9799835205078</ymin>
        <xmax>1407.5201719189315</xmax>
        <ymax>500.5799835205078</ymax>
    </bndbox>
</object><object>
    <name>red ball</name>
    <pose>Unspecified</pose>
    <truncated>0</truncated>
    <difficult>0</difficult>
    <bndbox>
        <xmin>1146.9616184395502</xmin>
        <ymin>417.05999450683595</ymin>
        <xmax>1226.136876171509</xmax>
        <ymax>527.9400054931641</ymax>
    </bndbox>
</object><object>
    <name>red ball</name>
    <pose>Unspecified</pose>
    <truncated>0</truncated>
    <difficult>0</difficult>
    <bndbox>
        <xmin>912.3149015932521</xmin>
        <ymin>458.8200164794922</ymin>
        <xmax>1043.3139424203373</xmax>
        <ymax>602.8199615478516</ymax>
    </bndbox>
</object><object>
    <name>red ball</name>
    <pose>Unspecified</pose>
    <truncated>0</truncated>
    <difficult>0</difficult>
    <bndbox>
        <xmin>836.0188100398314</xmin>
        <ymin>375.2999725341797</ymin>
        <xmax>922.3918184746955</xmax>
        <ymax>467.4599945068359</ymax>
    </bndbox>
</object><object>
    <name>red ball</name>
    <pose>Unspecified</pose>
    <truncated>0</truncated>
    <difficult>0</difficult>
    <bndbox>
        <xmin>725.1733833177132</xmin>
        <ymin>306.17998352050785</ymin>
        <xmax>798.5904185215556</xmax>
        <ymax>404.09997253417976</ymax>
    </bndbox>
</object><object>
    <name>black ball</name>
    <pose>Unspecified</pose>
    <truncated>0</truncated>
    <difficult>0</difficult>
    <bndbox>
        <xmin>588.4161199625117</xmin>
        <ymin>290.3400054931641</ymin>
        <xmax>663.2727931701031</xmax>
        <ymax>369.5400054931641</ymax>
    </bndbox>
</object>
</annotation>