<?xml version='1.0' encoding='utf-8'?>
<annotation verified="yes">
    <folder>Annotation</folder>
    <filename>frame_7490.jpg</filename>
    <path>wxt2-PascalVOC-export/Annotations/frame_7490.jpg</path>
    <source>
        <database>Unknown</database>
    </source>
    <size>
        <width>1920</width>
        <height>1080</height>
        <depth>3</depth>
    </size>
    <segmented>0</segmented>
    <object>
    <name>black ball</name>
    <pose>Unspecified</pose>
    <truncated>0</truncated>
    <difficult>0</difficult>
    <bndbox>
        <xmin>395.5164340733364</xmin>
        <ymin>365.2200164794922</ymin>
        <xmax>520.7572523723055</xmax>
        <ymax>506.3400054931641</ymax>
    </bndbox>
</object><object>
    <name>black ball</name>
    <pose>Unspecified</pose>
    <truncated>0</truncated>
    <difficult>0</difficult>
    <bndbox>
        <xmin>543.7900875702906</xmin>
        <ymin>290.3400054931641</ymin>
        <xmax>627.2840396555764</xmax>
        <ymax>394.0200164794922</ymax>
    </bndbox>
</object><object>
    <name>red ball</name>
    <pose>Unspecified</pose>
    <truncated>0</truncated>
    <difficult>0</difficult>
    <bndbox>
        <xmin>702.1406030342081</xmin>
        <ymin>316.25999450683594</ymin>
        <xmax>805.7881692244612</xmax>
        <ymax>431.4599945068359</ymax>
    </bndbox>
</object><object>
    <name>red ball</name>
    <pose>Unspecified</pose>
    <truncated>0</truncated>
    <difficult>0</difficult>
    <bndbox>
        <xmin>843.2165607427366</xmin>
        <ymin>427.1400054931641</ymin>
        <xmax>943.9850705834115</xmax>
        <ymax>548.0999725341798</ymax>
    </bndbox>
</object><object>
    <name>black ball</name>
    <pose>Unspecified</pose>
    <truncated>0</truncated>
    <difficult>0</difficult>
    <bndbox>
        <xmin>1040.4348860707591</xmin>
        <ymin>363.7799835205078</ymin>
        <xmax>1164.2361761949392</xmax>
        <ymax>490.4999725341797</ymax>
    </bndbox>
</object><object>
    <name>red ball</name>
    <pose>Unspecified</pose>
    <truncated>0</truncated>
    <difficult>0</difficult>
    <bndbox>
        <xmin>1535.6401563964387</xmin>
        <ymin>477.5400054931641</ymin>
        <xmax>1696.8697282099345</xmax>
        <ymax>618.6600494384766</ymax>
    </bndbox>
</object><object>
    <name>red ball</name>
    <pose>Unspecified</pose>
    <truncated>0</truncated>
    <difficult>0</difficult>
    <bndbox>
        <xmin>1259.2464635074975</xmin>
        <ymin>538.0200164794923</ymin>
        <xmax>1406.0806437441424</xmax>
        <ymax>693.5400054931641</ymax>
    </bndbox>
</object><object>
    <name>red ball</name>
    <pose>Unspecified</pose>
    <truncated>0</truncated>
    <difficult>0</difficult>
    <bndbox>
        <xmin>872.0075635543581</xmin>
        <ymin>591.3000274658203</ymin>
        <xmax>1072.1049452319587</xmax>
        <ymax>834.6600494384766</ymax>
    </bndbox>
</object><object>
    <name>black ball</name>
    <pose>Unspecified</pose>
    <truncated>0</truncated>
    <difficult>0</difficult>
    <bndbox>
        <xmin>566.8228678537956</xmin>
        <ymin>562.4999725341797</ymin>
        <xmax>742.4480509020618</xmax>
        <ymax>764.1000274658204</ymax>
    </bndbox>
</object><object>
    <name>black ball</name>
    <pose>Unspecified</pose>
    <truncated>0</truncated>
    <difficult>0</difficult>
    <bndbox>
        <xmin>1303.8726057286785</xmin>
        <ymin>706.5000274658204</ymin>
        <xmax>1463.6626493673853</xmax>
        <ymax>883.6199615478516</ymax>
    </bndbox>
</object>
</annotation>