<?xml version='1.0' encoding='utf-8'?>
<annotation verified="yes">
    <folder>Annotation</folder>
    <filename>frame_7925.jpg</filename>
    <path>wxt2-PascalVOC-export/Annotations/frame_7925.jpg</path>
    <source>
        <database>Unknown</database>
    </source>
    <size>
        <width>1920</width>
        <height>1080</height>
        <depth>3</depth>
    </size>
    <segmented>0</segmented>
    <object>
    <name>red ball</name>
    <pose>Unspecified</pose>
    <truncated>0</truncated>
    <difficult>0</difficult>
    <bndbox>
        <xmin>1.46986206638756</xmin>
        <ymin>561.1454025579959</ymin>
        <xmax>22.047846889952154</xmax>
        <ymax>619.9209688147721</ymax>
    </bndbox>
</object><object>
    <name>black ball</name>
    <pose>Unspecified</pose>
    <truncated>0</truncated>
    <difficult>0</difficult>
    <bndbox>
        <xmin>336.59715161483257</xmin>
        <ymin>556.7372505032287</ymin>
        <xmax>398.33113412081343</xmax>
        <ymax>605.2270912637516</ymax>
    </bndbox>
</object><object>
    <name>red ball</name>
    <pose>Unspecified</pose>
    <truncated>0</truncated>
    <difficult>0</difficult>
    <bndbox>
        <xmin>194.0210638456938</xmin>
        <ymin>571.431128054249</ymin>
        <xmax>271.92344497607655</xmax>
        <ymax>625.798430150869</ymax>
    </bndbox>
</object><object>
    <name>black ball</name>
    <pose>Unspecified</pose>
    <truncated>0</truncated>
    <difficult>0</difficult>
    <bndbox>
        <xmin>86.72155352870814</xmin>
        <ymin>577.3086454430405</ymin>
        <xmax>136.69663950358853</xmax>
        <ymax>631.676003592355</ymax>
    </bndbox>
</object><object>
    <name>red ball</name>
    <pose>Unspecified</pose>
    <truncated>0</truncated>
    <difficult>0</difficult>
    <bndbox>
        <xmin>35.27657745215311</xmin>
        <ymin>581.7167974978078</ymin>
        <xmax>85.25166342703349</xmax>
        <ymax>641.9617851413027</ymax>
    </bndbox>
</object><object>
    <name>red start</name>
    <pose>Unspecified</pose>
    <truncated>0</truncated>
    <difficult>0</difficult>
    <bndbox>
        <xmin>787.8430397727273</xmin>
        <ymin>565.553554612763</ymin>
        <xmax>1424.2909315191387</xmax>
        <ymax>625.7984301508689</ymax>
    </bndbox>
</object><object>
    <name>crossing</name>
    <pose>Unspecified</pose>
    <truncated>0</truncated>
    <difficult>0</difficult>
    <bndbox>
        <xmin>1371.3761214114834</xmin>
        <ymin>863.839313740633</ymin>
        <xmax>1821.152287679426</xmax>
        <ymax>996.0842116998167</ymax>
    </bndbox>
</object>
</annotation>