<?xml version='1.0' encoding='utf-8'?>
<annotation verified="yes">
    <folder>Annotation</folder>
    <filename>frame_7543.jpg</filename>
    <path>wxt2-PascalVOC-export/Annotations/frame_7543.jpg</path>
    <source>
        <database>Unknown</database>
    </source>
    <size>
        <width>1920</width>
        <height>1080</height>
        <depth>3</depth>
    </size>
    <segmented>0</segmented>
    <object>
    <name>red ball</name>
    <pose>Unspecified</pose>
    <truncated>0</truncated>
    <difficult>0</difficult>
    <bndbox>
        <xmin>658.954098816776</xmin>
        <ymin>514.9799835205079</ymin>
        <xmax>779.8763325913776</xmax>
        <ymax>631.6199615478516</ymax>
    </bndbox>
</object><object>
    <name>red ball</name>
    <pose>Unspecified</pose>
    <truncated>0</truncated>
    <difficult>0</difficult>
    <bndbox>
        <xmin>876.3261480787254</xmin>
        <ymin>455.94000549316405</ymin>
        <xmax>941.1059044048735</xmax>
        <ymax>536.5799835205078</ymax>
    </bndbox>
</object><object>
    <name>red ball</name>
    <pose>Unspecified</pose>
    <truncated>0</truncated>
    <difficult>0</difficult>
    <bndbox>
        <xmin>928.1499311738519</xmin>
        <ymin>381.05999450683595</ymin>
        <xmax>992.9296875</xmax>
        <ymax>454.49997253417973</ymax>
    </bndbox>
</object><object>
    <name>black ball</name>
    <pose>Unspecified</pose>
    <truncated>0</truncated>
    <difficult>0</difficult>
    <bndbox>
        <xmin>1047.6326367736644</xmin>
        <ymin>458.8200164794922</ymin>
        <xmax>1148.4011466143393</xmax>
        <ymax>548.0999725341798</ymax>
    </bndbox>
</object><object>
    <name>red ball</name>
    <pose>Unspecified</pose>
    <truncated>0</truncated>
    <difficult>0</difficult>
    <bndbox>
        <xmin>912.3149015932521</xmin>
        <ymin>581.2199615478515</ymin>
        <xmax>1004.4461325562324</xmax>
        <ymax>690.6600494384766</ymax>
    </bndbox>
</object><object>
    <name>red ball</name>
    <pose>Unspecified</pose>
    <truncated>0</truncated>
    <difficult>0</difficult>
    <bndbox>
        <xmin>1191.5876508317713</xmin>
        <ymin>647.4600494384766</ymin>
        <xmax>1292.356160672446</xmax>
        <ymax>791.4600494384766</ymax>
    </bndbox>
</object><object>
    <name>black ball</name>
    <pose>Unspecified</pose>
    <truncated>0</truncated>
    <difficult>0</difficult>
    <bndbox>
        <xmin>761.1621368322399</xmin>
        <ymin>372.4200164794922</ymin>
        <xmax>836.0188100398312</xmax>
        <ymax>451.62001647949216</ymax>
    </bndbox>
</object><object>
    <name>black ball</name>
    <pose>Unspecified</pose>
    <truncated>0</truncated>
    <difficult>0</difficult>
    <bndbox>
        <xmin>761.1621368322399</xmin>
        <ymin>647.4600494384766</ymin>
        <xmax>869.12839737582</xmax>
        <ymax>755.4600494384766</ymax>
    </bndbox>
</object>
</annotation>