<?xml version='1.0' encoding='utf-8'?>
<annotation verified="yes">
    <folder>Annotation</folder>
    <filename>frame_7926.jpg</filename>
    <path>wxt2-PascalVOC-export/Annotations/frame_7926.jpg</path>
    <source>
        <database>Unknown</database>
    </source>
    <size>
        <width>1920</width>
        <height>1080</height>
        <depth>3</depth>
    </size>
    <segmented>0</segmented>
    <object>
    <name>red ball</name>
    <pose>Unspecified</pose>
    <truncated>0</truncated>
    <difficult>0</difficult>
    <bndbox>
        <xmin>4.409586199162679</xmin>
        <ymin>574.369914774992</ymin>
        <xmax>44.09569377990431</xmax>
        <ymax>637.5535770338408</ymax>
    </bndbox>
</object><object>
    <name>red ball</name>
    <pose>Unspecified</pose>
    <truncated>0</truncated>
    <difficult>0</difficult>
    <bndbox>
        <xmin>214.59907670454547</xmin>
        <ymin>584.6556402712453</ymin>
        <xmax>283.6822854366029</xmax>
        <ymax>641.9617851413027</ymax>
    </bndbox>
</object><object>
    <name>black ball</name>
    <pose>Unspecified</pose>
    <truncated>0</truncated>
    <difficult>0</difficult>
    <bndbox>
        <xmin>355.70527437200957</xmin>
        <ymin>571.431128054249</ymin>
        <xmax>418.90909090909093</xmax>
        <ymax>618.4514913753587</ymax>
    </bndbox>
</object><object>
    <name>black ball</name>
    <pose>Unspecified</pose>
    <truncated>0</truncated>
    <difficult>0</difficult>
    <bndbox>
        <xmin>101.42011812200957</xmin>
        <ymin>593.4719443807796</ymin>
        <xmax>154.33492822966508</xmax>
        <ymax>646.3698811433753</ymax>
    </bndbox>
</object><object>
    <name>red ball</name>
    <pose>Unspecified</pose>
    <truncated>0</truncated>
    <difficult>0</difficult>
    <bndbox>
        <xmin>48.5052519437799</xmin>
        <ymin>593.4719443807796</ymin>
        <xmax>95.54066985645933</xmax>
        <ymax>656.655662692323</ymax>
    </bndbox>
</object><object>
    <name>red start</name>
    <pose>Unspecified</pose>
    <truncated>0</truncated>
    <difficult>0</difficult>
    <bndbox>
        <xmin>808.421052631579</xmin>
        <ymin>578.7780668297593</ymin>
        <xmax>1446.3388905502393</xmax>
        <ymax>639.0229423678651</ymax>
    </bndbox>
</object><object>
    <name>crossing</name>
    <pose>Unspecified</pose>
    <truncated>0</truncated>
    <difficult>0</difficult>
    <bndbox>
        <xmin>1380.1952377392345</xmin>
        <ymin>882.9412872937261</ymin>
        <xmax>1850.5494168660289</xmax>
        <ymax>1022.5331240284199</ymax>
    </bndbox>
</object>
</annotation>