<?xml version='1.0' encoding='utf-8'?>
<annotation verified="yes">
    <folder>Annotation</folder>
    <filename>frame_7895.jpg</filename>
    <path>wxt2-PascalVOC-export/Annotations/frame_7895.jpg</path>
    <source>
        <database>Unknown</database>
    </source>
    <size>
        <width>1920</width>
        <height>1080</height>
        <depth>3</depth>
    </size>
    <segmented>0</segmented>
    <object>
    <name>red ball</name>
    <pose>Unspecified</pose>
    <truncated>0</truncated>
    <difficult>0</difficult>
    <bndbox>
        <xmin>144.04592180023923</xmin>
        <ymin>608.1658219318001</ymin>
        <xmax>191.08133971291866</xmax>
        <ymax>656.6556626923231</ymax>
    </bndbox>
</object><object>
    <name>red ball</name>
    <pose>Unspecified</pose>
    <truncated>0</truncated>
    <difficult>0</difficult>
    <bndbox>
        <xmin>335.1272615131579</xmin>
        <ymin>615.5127607073102</ymin>
        <xmax>401.2708021830144</xmax>
        <ymax>666.9413321358817</ymax>
    </bndbox>
</object><object>
    <name>black ball</name>
    <pose>Unspecified</pose>
    <truncated>0</truncated>
    <difficult>0</difficult>
    <bndbox>
        <xmin>248.40576405502392</xmin>
        <ymin>622.8596994828205</ymin>
        <xmax>291.0315677332536</xmax>
        <ymax>666.9413321358817</ymax>
    </bndbox>
</object><object>
    <name>red ball</name>
    <pose>Unspecified</pose>
    <truncated>0</truncated>
    <difficult>0</difficult>
    <bndbox>
        <xmin>199.900512111244</xmin>
        <ymin>619.920968814772</ymin>
        <xmax>245.4660399222488</xmax>
        <ymax>666.9413321358817</ymax>
    </bndbox>
</object><object>
    <name>black ball</name>
    <pose>Unspecified</pose>
    <truncated>0</truncated>
    <difficult>0</difficult>
    <bndbox>
        <xmin>449.77611019736844</xmin>
        <ymin>605.2270912637516</ymin>
        <xmax>505.63064443779905</xmax>
        <ymax>644.9005158093511</ymax>
    </bndbox>
</object><object>
    <name>red start</name>
    <pose>Unspecified</pose>
    <truncated>0</truncated>
    <difficult>0</difficult>
    <bndbox>
        <xmin>834.8785137559809</xmin>
        <ymin>616.9821260413345</ymin>
        <xmax>1422.8210974880383</xmax>
        <ymax>669.8800628039302</ymax>
    </bndbox>
</object><object>
    <name>crossing</name>
    <pose>Unspecified</pose>
    <truncated>0</truncated>
    <difficult>0</difficult>
    <bndbox>
        <xmin>1278.7751196172248</xmin>
        <ymin>830.0433505311304</ymin>
        <xmax>1665.3474132775118</xmax>
        <ymax>918.2066158372528</ymax>
    </bndbox>
</object>
</annotation>