<?xml version='1.0' encoding='utf-8'?>
<annotation verified="yes">
    <folder>Annotation</folder>
    <filename>frame_7603.jpg</filename>
    <path>wxt2-PascalVOC-export/Annotations/frame_7603.jpg</path>
    <source>
        <database>Unknown</database>
    </source>
    <size>
        <width>1920</width>
        <height>1080</height>
        <depth>3</depth>
    </size>
    <segmented>0</segmented>
    <object>
    <name>black ball</name>
    <pose>Unspecified</pose>
    <truncated>0</truncated>
    <difficult>0</difficult>
    <bndbox>
        <xmin>938.2268480552952</xmin>
        <ymin>442.9799835205078</ymin>
        <xmax>1030.3580790182755</xmax>
        <ymax>558.1799835205078</ymax>
    </bndbox>
</object><object>
    <name>black ball</name>
    <pose>Unspecified</pose>
    <truncated>0</truncated>
    <difficult>0</difficult>
    <bndbox>
        <xmin>1182.950371954077</xmin>
        <ymin>408.4200164794922</ymin>
        <xmax>1289.477104322868</xmax>
        <ymax>523.6200164794922</ymax>
    </bndbox>
</object><object>
    <name>black ball</name>
    <pose>Unspecified</pose>
    <truncated>0</truncated>
    <difficult>0</difficult>
    <bndbox>
        <xmin>1308.191190253046</xmin>
        <ymin>303.2999725341797</ymin>
        <xmax>1391.6851423383318</xmax>
        <ymax>398.3400054931641</ymax>
    </bndbox>
</object><object>
    <name>red ball</name>
    <pose>Unspecified</pose>
    <truncated>0</truncated>
    <difficult>0</difficult>
    <bndbox>
        <xmin>1262.1256296860356</xmin>
        <ymin>250.0200164794922</ymin>
        <xmax>1348.4986381208996</xmax>
        <ymax>343.6200164794922</ymax>
    </bndbox>
</object><object>
    <name>black ball</name>
    <pose>Unspecified</pose>
    <truncated>0</truncated>
    <difficult>0</difficult>
    <bndbox>
        <xmin>1211.7413747656983</xmin>
        <ymin>212.57998352050782</ymin>
        <xmax>1260.6861015112465</xmax>
        <ymax>283.1400054931641</ymax>
    </bndbox>
</object><object>
    <name>red ball</name>
    <pose>Unspecified</pose>
    <truncated>0</truncated>
    <difficult>0</difficult>
    <bndbox>
        <xmin>1105.2146423969073</xmin>
        <ymin>306.17998352050785</ymin>
        <xmax>1168.5548705482663</xmax>
        <ymax>378.17998352050785</ymax>
    </bndbox>
</object><object>
    <name>red ball</name>
    <pose>Unspecified</pose>
    <truncated>0</truncated>
    <difficult>0</difficult>
    <bndbox>
        <xmin>1119.6101438027179</xmin>
        <ymin>214.0200164794922</ymin>
        <xmax>1175.7526212511714</xmax>
        <ymax>283.1400054931641</ymax>
    </bndbox>
</object><object>
    <name>red ball</name>
    <pose>Unspecified</pose>
    <truncated>0</truncated>
    <difficult>0</difficult>
    <bndbox>
        <xmin>1008.7648269095595</xmin>
        <ymin>176.57998352050782</ymin>
        <xmax>1070.6654170571696</xmax>
        <ymax>242.8200164794922</ymax>
    </bndbox>
</object><object>
    <name>black ball</name>
    <pose>Unspecified</pose>
    <truncated>0</truncated>
    <difficult>0</difficult>
    <bndbox>
        <xmin>942.5454325796626</xmin>
        <ymin>254.34000549316406</ymin>
        <xmax>1023.1603283153702</xmax>
        <ymax>333.5400054931641</ymax>
    </bndbox>
</object><object>
    <name>red ball</name>
    <pose>Unspecified</pose>
    <truncated>0</truncated>
    <difficult>0</difficult>
    <bndbox>
        <xmin>965.5783226921275</xmin>
        <ymin>347.94000549316405</ymin>
        <xmax>1063.4676663542643</xmax>
        <ymax>447.2999725341797</ymax>
    </bndbox>
</object>
</annotation>