<?xml version='1.0' encoding='utf-8'?>
<annotation verified="yes">
    <folder>Annotation</folder>
    <filename>frame_7939.jpg</filename>
    <path>wxt2-PascalVOC-export/Annotations/frame_7939.jpg</path>
    <source>
        <database>Unknown</database>
    </source>
    <size>
        <width>1920</width>
        <height>1080</height>
        <depth>3</depth>
    </size>
    <segmented>0</segmented>
    <object>
    <name>red start</name>
    <pose>Unspecified</pose>
    <truncated>0</truncated>
    <difficult>0</difficult>
    <bndbox>
        <xmin>789.312985944976</xmin>
        <ymin>606.6964565977759</ymin>
        <xmax>1478.675687799043</xmax>
        <ymax>683.1045750209264</ymax>
    </bndbox>
</object><object>
    <name>crossing</name>
    <pose>Unspecified</pose>
    <truncated>0</truncated>
    <difficult>0</difficult>
    <bndbox>
        <xmin>1424.290931519139</xmin>
        <ymin>969.6351872658244</ymin>
        <xmax>1915.2230113636365</xmax>
        <ymax>1073.9616954569915</ymax>
    </bndbox>
</object><object>
    <name>black ball</name>
    <pose>Unspecified</pose>
    <truncated>0</truncated>
    <difficult>0</difficult>
    <bndbox>
        <xmin>289.5617337021531</xmin>
        <ymin>590.5332137127313</ymin>
        <xmax>360.11483253588517</xmax>
        <ymax>646.3698811433754</ymax>
    </bndbox>
</object><object>
    <name>red ball</name>
    <pose>Unspecified</pose>
    <truncated>0</truncated>
    <difficult>0</difficult>
    <bndbox>
        <xmin>135.22680547248805</xmin>
        <ymin>603.7576138243384</ymin>
        <xmax>208.71962843899524</xmax>
        <ymax>671.3495402433434</ymax>
    </bndbox>
</object><object>
    <name>red ball</name>
    <pose>Unspecified</pose>
    <truncated>0</truncated>
    <difficult>0</difficult>
    <bndbox>
        <xmin>42.625859748803826</xmin>
        <ymin>583.186274937221</ymin>
        <xmax>98.48039398923444</xmax>
        <ymax>647.8392464773996</ymax>
    </bndbox>
</object><object>
    <name>black ball</name>
    <pose>Unspecified</pose>
    <truncated>0</truncated>
    <difficult>0</difficult>
    <bndbox>
        <xmin>14.698564593301436</xmin>
        <ymin>618.4514913753587</ymin>
        <xmax>77.90238113038278</xmax>
        <ymax>669.8800628039302</ymax>
    </bndbox>
</object>
</annotation>