<?xml version='1.0' encoding='utf-8'?>
<annotation verified="yes">
    <folder>Annotation</folder>
    <filename>frame_7907.jpg</filename>
    <path>wxt2-PascalVOC-export/Annotations/frame_7907.jpg</path>
    <source>
        <database>Unknown</database>
    </source>
    <size>
        <width>1920</width>
        <height>1080</height>
        <depth>3</depth>
    </size>
    <segmented>0</segmented>
    <object>
    <name>red start</name>
    <pose>Unspecified</pose>
    <truncated>0</truncated>
    <difficult>0</difficult>
    <bndbox>
        <xmin>831.9387335526316</xmin>
        <ymin>631.676003592355</ymin>
        <xmax>1416.9416492224882</xmax>
        <ymax>687.5127831283882</ymax>
    </bndbox>
</object><object>
    <name>crossing</name>
    <pose>Unspecified</pose>
    <truncated>0</truncated>
    <difficult>0</difficult>
    <bndbox>
        <xmin>1339.039212021531</xmin>
        <ymin>875.594348518216</ymin>
        <xmax>1749.1291866028707</xmax>
        <ymax>974.0433953732861</ymax>
    </bndbox>
</object><object>
    <name>black ball</name>
    <pose>Unspecified</pose>
    <truncated>0</truncated>
    <difficult>0</difficult>
    <bndbox>
        <xmin>423.31864907296654</xmin>
        <ymin>624.3290648168447</ymin>
        <xmax>474.76362514952154</xmax>
        <ymax>665.4719668018574</ymax>
    </bndbox>
</object><object>
    <name>red ball</name>
    <pose>Unspecified</pose>
    <truncated>0</truncated>
    <difficult>0</difficult>
    <bndbox>
        <xmin>293.9712918660287</xmin>
        <ymin>627.2679075902822</ymin>
        <xmax>361.5847226375598</xmax>
        <ymax>683.1045750209264</ymax>
    </bndbox>
</object><object>
    <name>black ball</name>
    <pose>Unspecified</pose>
    <truncated>0</truncated>
    <difficult>0</difficult>
    <bndbox>
        <xmin>198.4306220095694</xmin>
        <ymin>634.6148463657925</ymin>
        <xmax>246.9358739533493</xmax>
        <ymax>683.1045750209264</ymax>
    </bndbox>
</object><object>
    <name>red ball</name>
    <pose>Unspecified</pose>
    <truncated>0</truncated>
    <difficult>0</difficult>
    <bndbox>
        <xmin>152.8650941985646</xmin>
        <ymin>636.0842116998167</ymin>
        <xmax>199.90051211124404</xmax>
        <ymax>693.3903565698741</ymax>
    </bndbox>
</object><object>
    <name>red ball</name>
    <pose>Unspecified</pose>
    <truncated>0</truncated>
    <difficult>0</difficult>
    <bndbox>
        <xmin>91.13111169258373</xmin>
        <ymin>625.798430150869</ymin>
        <xmax>146.98564593301435</xmax>
        <ymax>677.2270015794404</ymax>
    </bndbox>
</object>
</annotation>