<?xml version='1.0' encoding='utf-8'?>
<annotation verified="yes">
    <folder>Annotation</folder>
    <filename>frame_7621.jpg</filename>
    <path>wxt2-PascalVOC-export/Annotations/frame_7621.jpg</path>
    <source>
        <database>Unknown</database>
    </source>
    <size>
        <width>1920</width>
        <height>1080</height>
        <depth>3</depth>
    </size>
    <segmented>0</segmented>
    <object>
    <name>black ball</name>
    <pose>Unspecified</pose>
    <truncated>0</truncated>
    <difficult>0</difficult>
    <bndbox>
        <xmin>1161.3571198453608</xmin>
        <ymin>438.659994506836</ymin>
        <xmax>1210.301846590909</xmax>
        <ymax>474.659994506836</ymax>
    </bndbox>
</object><object>
    <name>black ball</name>
    <pose>Unspecified</pose>
    <truncated>0</truncated>
    <difficult>0</difficult>
    <bndbox>
        <xmin>1050.5116931232428</xmin>
        <ymin>451.6200164794922</ymin>
        <xmax>1108.0936987464856</xmax>
        <ymax>500.5799835205078</ymax>
    </bndbox>
</object><object>
    <name>black ball</name>
    <pose>Unspecified</pose>
    <truncated>0</truncated>
    <difficult>0</difficult>
    <bndbox>
        <xmin>1017.402105787254</xmin>
        <ymin>481.85999450683596</ymin>
        <xmax>1085.0609184629802</xmax>
        <ymax>546.6599945068359</ymax>
    </bndbox>
</object><object>
    <name>black ball</name>
    <pose>Unspecified</pose>
    <truncated>0</truncated>
    <difficult>0</difficult>
    <bndbox>
        <xmin>978.5341860941893</xmin>
        <ymin>430.0200164794922</ymin>
        <xmax>1033.2371353678539</xmax>
        <ymax>483.2999725341797</ymax>
    </bndbox>
</object><object>
    <name>red ball</name>
    <pose>Unspecified</pose>
    <truncated>0</truncated>
    <difficult>0</difficult>
    <bndbox>
        <xmin>922.3918184746954</xmin>
        <ymin>483.2999725341797</ymin>
        <xmax>990.0506311504217</xmax>
        <ymax>552.4200164794922</ymax>
    </bndbox>
</object><object>
    <name>red ball</name>
    <pose>Unspecified</pose>
    <truncated>0</truncated>
    <difficult>0</difficult>
    <bndbox>
        <xmin>820.1836706302718</xmin>
        <ymin>500.5799835205078</ymin>
        <xmax>877.7656762535145</xmax>
        <ymax>561.0599945068359</ymax>
    </bndbox>
</object><object>
    <name>red ball</name>
    <pose>Unspecified</pose>
    <truncated>0</truncated>
    <difficult>0</difficult>
    <bndbox>
        <xmin>800.0300565253045</xmin>
        <ymin>454.4999725341797</ymin>
        <xmax>861.9306466729147</xmax>
        <ymax>512.0999725341796</ymax>
    </bndbox>
</object><object>
    <name>black ball</name>
    <pose>Unspecified</pose>
    <truncated>0</truncated>
    <difficult>0</difficult>
    <bndbox>
        <xmin>725.1733833177132</xmin>
        <ymin>444.4200164794922</ymin>
        <xmax>782.7553889409559</xmax>
        <ymax>506.340005493164</ymax>
    </bndbox>
</object><object>
    <name>red ball</name>
    <pose>Unspecified</pose>
    <truncated>0</truncated>
    <difficult>0</difficult>
    <bndbox>
        <xmin>690.6241579779756</xmin>
        <ymin>487.6200164794922</ymin>
        <xmax>748.2061636012183</xmax>
        <ymax>538.0200164794923</ymax>
    </bndbox>
</object>
</annotation>