<?xml version='1.0' encoding='utf-8'?>
<annotation verified="yes">
    <folder>Annotation</folder>
    <filename>frame_7529.jpg</filename>
    <path>wxt2-PascalVOC-export/Annotations/frame_7529.jpg</path>
    <source>
        <database>Unknown</database>
    </source>
    <size>
        <width>1920</width>
        <height>1080</height>
        <depth>3</depth>
    </size>
    <segmented>0</segmented>
    <object>
    <name>red ball</name>
    <pose>Unspecified</pose>
    <truncated>0</truncated>
    <difficult>0</difficult>
    <bndbox>
        <xmin>766.9203593603561</xmin>
        <ymin>298.9799835205078</ymin>
        <xmax>872.007563554358</xmax>
        <ymax>399.7799835205078</ymax>
    </bndbox>
</object><object>
    <name>red ball</name>
    <pose>Unspecified</pose>
    <truncated>0</truncated>
    <difficult>0</difficult>
    <bndbox>
        <xmin>943.9850705834115</xmin>
        <ymin>372.4200164794922</ymin>
        <xmax>1018.8416339620431</xmax>
        <ymax>474.6599945068359</ymax>
    </bndbox>
</object><object>
    <name>red ball</name>
    <pose>Unspecified</pose>
    <truncated>0</truncated>
    <difficult>0</difficult>
    <bndbox>
        <xmin>1136.8847015581068</xmin>
        <ymin>466.0200164794922</ymin>
        <xmax>1244.850962101687</xmax>
        <ymax>608.5799835205078</ymax>
    </bndbox>
</object><object>
    <name>red ball</name>
    <pose>Unspecified</pose>
    <truncated>0</truncated>
    <difficult>0</difficult>
    <bndbox>
        <xmin>990.0506311504217</xmin>
        <ymin>268.74000549316406</ymin>
        <xmax>1056.269915651359</xmax>
        <ymax>345.05999450683595</ymax>
    </bndbox>
</object><object>
    <name>red ball</name>
    <pose>Unspecified</pose>
    <truncated>0</truncated>
    <difficult>0</difficult>
    <bndbox>
        <xmin>1096.5773635192127</xmin>
        <ymin>202.4999725341797</ymin>
        <xmax>1154.1593691424555</xmax>
        <ymax>278.8200164794922</ymax>
    </bndbox>
</object><object>
    <name>black ball</name>
    <pose>Unspecified</pose>
    <truncated>0</truncated>
    <difficult>0</difficult>
    <bndbox>
        <xmin>1155.5988973172446</xmin>
        <ymin>281.6999725341797</ymin>
        <xmax>1257.8069353327085</xmax>
        <ymax>388.259994506836</ymax>
    </bndbox>
</object><object>
    <name>black ball</name>
    <pose>Unspecified</pose>
    <truncated>0</truncated>
    <difficult>0</difficult>
    <bndbox>
        <xmin>788.8735209700094</xmin>
        <ymin>402.29997253417974</ymin>
        <xmax>882.4442801077788</xmax>
        <ymax>503.09997253417976</ymax>
    </bndbox>
</object><object>
    <name>black ball</name>
    <pose>Unspecified</pose>
    <truncated>0</truncated>
    <difficult>0</difficult>
    <bndbox>
        <xmin>951.1828212863168</xmin>
        <ymin>188.0999725341797</ymin>
        <xmax>1014.522939608716</xmax>
        <ymax>265.85999450683596</ymax>
    </bndbox>
</object>
</annotation>