<?xml version='1.0' encoding='utf-8'?>
<annotation verified="yes">
    <folder>Annotation</folder>
    <filename>frame_7412.jpg</filename>
    <path>wxt2-PascalVOC-export/Annotations/frame_7412.jpg</path>
    <source>
        <database>Unknown</database>
    </source>
    <size>
        <width>1920</width>
        <height>1080</height>
        <depth>3</depth>
    </size>
    <segmented>0</segmented>
    <object>
    <name>red ball</name>
    <pose>Unspecified</pose>
    <truncated>0</truncated>
    <difficult>0</difficult>
    <bndbox>
        <xmin>1390.2456141635425</xmin>
        <ymin>247.14000549316407</ymin>
        <xmax>1421.915673324742</xmax>
        <ymax>284.5799835205078</ymax>
    </bndbox>
</object><object>
    <name>red ball</name>
    <pose>Unspecified</pose>
    <truncated>0</truncated>
    <difficult>0</difficult>
    <bndbox>
        <xmin>1325.4658578373947</xmin>
        <ymin>254.34000549316406</ymin>
        <xmax>1355.6963888238051</xmax>
        <ymax>303.2999725341797</ymax>
    </bndbox>
</object><object>
    <name>red ball</name>
    <pose>Unspecified</pose>
    <truncated>0</truncated>
    <difficult>0</difficult>
    <bndbox>
        <xmin>1253.4883508083412</xmin>
        <ymin>277.37998352050784</ymin>
        <xmax>1306.751662078257</xmax>
        <ymax>329.2200164794922</ymax>
    </bndbox>
</object><object>
    <name>black ball</name>
    <pose>Unspecified</pose>
    <truncated>0</truncated>
    <difficult>0</difficult>
    <bndbox>
        <xmin>1190.1481226569822</xmin>
        <ymin>234.17998352050782</ymin>
        <xmax>1252.0487128045922</xmax>
        <ymax>286.0200164794922</ymax>
    </bndbox>
</object><object>
    <name>black ball</name>
    <pose>Unspecified</pose>
    <truncated>0</truncated>
    <difficult>0</difficult>
    <bndbox>
        <xmin>975.655129744611</xmin>
        <ymin>244.25999450683594</ymin>
        <xmax>1007.3251889058107</xmax>
        <ymax>287.4599945068359</ymax>
    </bndbox>
</object><object>
    <name>black ball</name>
    <pose>Unspecified</pose>
    <truncated>0</truncated>
    <difficult>0</difficult>
    <bndbox>
        <xmin>1167.115342373477</xmin>
        <ymin>287.4599945068359</ymin>
        <xmax>1214.6204311152765</xmax>
        <ymax>333.5400054931641</ymax>
    </bndbox>
</object><object>
    <name>black ball</name>
    <pose>Unspecified</pose>
    <truncated>0</truncated>
    <difficult>0</difficult>
    <bndbox>
        <xmin>1355.6963888238051</xmin>
        <ymin>277.37998352050784</ymin>
        <xmax>1406.0806437441424</xmax>
        <ymax>320.5799835205078</ymax>
    </bndbox>
</object><object>
    <name>black ball</name>
    <pose>Unspecified</pose>
    <truncated>0</truncated>
    <difficult>0</difficult>
    <bndbox>
        <xmin>1001.5670762066542</xmin>
        <ymin>265.85999450683596</ymin>
        <xmax>1044.7535804240863</xmax>
        <ymax>309.05999450683595</ymax>
    </bndbox>
</object><object>
    <name>red ball</name>
    <pose>Unspecified</pose>
    <truncated>0</truncated>
    <difficult>0</difficult>
    <bndbox>
        <xmin>1057.7094438261481</xmin>
        <ymin>238.4999725341797</ymin>
        <xmax>1100.8959480435801</xmax>
        <ymax>288.8999725341797</ymax>
    </bndbox>
</object><object>
    <name>crossing</name>
    <pose>Unspecified</pose>
    <truncated>0</truncated>
    <difficult>0</difficult>
    <bndbox>
        <xmin>1224.6973479967198</xmin>
        <ymin>720.9000274658204</ymin>
        <xmax>1920</xmax>
        <ymax>1073.7000274658203</ymax>
    </bndbox>
</object>
</annotation>