<?xml version='1.0' encoding='utf-8'?>
<annotation verified="yes">
    <folder>Annotation</folder>
    <filename>frame_7530.jpg</filename>
    <path>wxt2-PascalVOC-export/Annotations/frame_7530.jpg</path>
    <source>
        <database>Unknown</database>
    </source>
    <size>
        <width>1920</width>
        <height>1080</height>
        <depth>3</depth>
    </size>
    <segmented>0</segmented>
    <object>
    <name>red ball</name>
    <pose>Unspecified</pose>
    <truncated>0</truncated>
    <difficult>0</difficult>
    <bndbox>
        <xmin>1113.8519212746016</xmin>
        <ymin>437.2200164794922</ymin>
        <xmax>1224.6973479967198</xmax>
        <ymax>586.9799835205079</ymax>
    </bndbox>
</object><object>
    <name>red ball</name>
    <pose>Unspecified</pose>
    <truncated>0</truncated>
    <difficult>0</difficult>
    <bndbox>
        <xmin>918.0731241213683</xmin>
        <ymin>336.4200164794922</ymin>
        <xmax>1010.2043550843487</xmax>
        <ymax>448.74000549316406</ymax>
    </bndbox>
</object><object>
    <name>red ball</name>
    <pose>Unspecified</pose>
    <truncated>0</truncated>
    <difficult>0</difficult>
    <bndbox>
        <xmin>759.7226086574508</xmin>
        <ymin>261.5400054931641</ymin>
        <xmax>866.2493410262418</xmax>
        <ymax>365.2200164794922</ymax>
    </bndbox>
</object><object>
    <name>black ball</name>
    <pose>Unspecified</pose>
    <truncated>0</truncated>
    <difficult>0</difficult>
    <bndbox>
        <xmin>776.9971664128398</xmin>
        <ymin>370.9799835205078</ymin>
        <xmax>866.2493410262418</xmax>
        <ymax>464.5799835205078</ymax>
    </bndbox>
</object><object>
    <name>black ball</name>
    <pose>Unspecified</pose>
    <truncated>0</truncated>
    <difficult>0</difficult>
    <bndbox>
        <xmin>1141.203395911434</xmin>
        <ymin>258.659994506836</ymin>
        <xmax>1247.730128280225</xmax>
        <ymax>370.97998352050786</ymax>
    </bndbox>
</object><object>
    <name>red ball</name>
    <pose>Unspecified</pose>
    <truncated>0</truncated>
    <difficult>0</difficult>
    <bndbox>
        <xmin>1089.3796128163074</xmin>
        <ymin>180.89997253417968</ymin>
        <xmax>1157.0384254920336</xmax>
        <ymax>260.0999725341797</ymax>
    </bndbox>
</object><object>
    <name>black ball</name>
    <pose>Unspecified</pose>
    <truncated>0</truncated>
    <difficult>0</difficult>
    <bndbox>
        <xmin>949.7431832825679</xmin>
        <ymin>162.17998352050782</ymin>
        <xmax>1015.9625776124648</xmax>
        <ymax>237.05999450683595</ymax>
    </bndbox>
</object><object>
    <name>red ball</name>
    <pose>Unspecified</pose>
    <truncated>0</truncated>
    <difficult>0</difficult>
    <bndbox>
        <xmin>988.6111029756327</xmin>
        <ymin>248.57998352050782</ymin>
        <xmax>1051.9513311269916</xmax>
        <ymax>322.0200164794922</ymax>
    </bndbox>
</object>
</annotation>