<?xml version='1.0' encoding='utf-8'?>
<annotation verified="yes">
    <folder>Annotation</folder>
    <filename>frame_7573.jpg</filename>
    <path>wxt2-PascalVOC-export/Annotations/frame_7573.jpg</path>
    <source>
        <database>Unknown</database>
    </source>
    <size>
        <width>1920</width>
        <height>1080</height>
        <depth>3</depth>
    </size>
    <segmented>0</segmented>
    <object>
    <name>red ball</name>
    <pose>Unspecified</pose>
    <truncated>0</truncated>
    <difficult>0</difficult>
    <bndbox>
        <xmin>1003.0066043814433</xmin>
        <ymin>512.0999725341798</ymin>
        <xmax>1095.1378353444236</xmax>
        <ymax>618.6600494384767</ymax>
    </bndbox>
</object><object>
    <name>red ball</name>
    <pose>Unspecified</pose>
    <truncated>0</truncated>
    <difficult>0</difficult>
    <bndbox>
        <xmin>800.0300565253045</xmin>
        <ymin>395.4599945068359</ymin>
        <xmax>882.0843706068415</xmax>
        <ymax>514.9799835205079</ymax>
    </bndbox>
</object><object>
    <name>black ball</name>
    <pose>Unspecified</pose>
    <truncated>0</truncated>
    <difficult>0</difficult>
    <bndbox>
        <xmin>579.7788410848173</xmin>
        <ymin>388.25999450683594</ymin>
        <xmax>679.1078227507029</xmax>
        <ymax>500.5799835205078</ymax>
    </bndbox>
</object><object>
    <name>black ball</name>
    <pose>Unspecified</pose>
    <truncated>0</truncated>
    <difficult>0</difficult>
    <bndbox>
        <xmin>569.7020340323336</xmin>
        <ymin>530.8200164794922</ymin>
        <xmax>697.8219086808809</xmax>
        <ymax>682.0199615478516</ymax>
    </bndbox>
</object><object>
    <name>black ball</name>
    <pose>Unspecified</pose>
    <truncated>0</truncated>
    <difficult>0</difficult>
    <bndbox>
        <xmin>984.2924086223055</xmin>
        <ymin>715.140005493164</ymin>
        <xmax>1122.4892001522962</xmax>
        <ymax>882.1799835205078</ymax>
    </bndbox>
</object><object>
    <name>black ball</name>
    <pose>Unspecified</pose>
    <truncated>0</truncated>
    <difficult>0</difficult>
    <bndbox>
        <xmin>1516.925960637301</xmin>
        <ymin>666.1799835205078</ymin>
        <xmax>1637.8483042408623</xmax>
        <ymax>791.4600494384765</ymax>
    </bndbox>
</object><object>
    <name>red ball</name>
    <pose>Unspecified</pose>
    <truncated>0</truncated>
    <difficult>0</difficult>
    <bndbox>
        <xmin>1397.443364866448</xmin>
        <ymin>523.6200164794922</ymin>
        <xmax>1514.0469042877226</xmax>
        <ymax>653.2199615478515</ymax>
    </bndbox>
</object><object>
    <name>red ball</name>
    <pose>Unspecified</pose>
    <truncated>0</truncated>
    <difficult>0</difficult>
    <bndbox>
        <xmin>1528.4424056935331</xmin>
        <ymin>408.4200164794922</ymin>
        <xmax>1652.2438056466729</xmax>
        <ymax>530.8200164794922</ymax>
    </bndbox>
</object><object>
    <name>red ball</name>
    <pose>Unspecified</pose>
    <truncated>0</truncated>
    <difficult>0</difficult>
    <bndbox>
        <xmin>1217.4995972938145</xmin>
        <ymin>673.3799835205078</ymin>
        <xmax>1401.7619493908155</xmax>
        <ymax>862.0199615478516</ymax>
    </bndbox>
</object><object>
    <name>black ball</name>
    <pose>Unspecified</pose>
    <truncated>0</truncated>
    <difficult>0</difficult>
    <bndbox>
        <xmin>1099.456419868791</xmin>
        <ymin>376.74000549316406</ymin>
        <xmax>1218.9391254686036</xmax>
        <ymax>487.62001647949216</ymax>
    </bndbox>
</object>
</annotation>