<?xml version='1.0' encoding='utf-8'?>
<annotation verified="yes">
    <folder>Annotation</folder>
    <filename>frame_7612.jpg</filename>
    <path>wxt2-PascalVOC-export/Annotations/frame_7612.jpg</path>
    <source>
        <database>Unknown</database>
    </source>
    <size>
        <width>1920</width>
        <height>1080</height>
        <depth>3</depth>
    </size>
    <segmented>0</segmented>
    <object>
    <name>red ball</name>
    <pose>Unspecified</pose>
    <truncated>0</truncated>
    <difficult>0</difficult>
    <bndbox>
        <xmin>526.5155298149016</xmin>
        <ymin>349.37998352050784</ymin>
        <xmax>586.9765917877226</xmax>
        <ymax>424.25999450683594</ymax>
    </bndbox>
</object><object>
    <name>black ball</name>
    <pose>Unspecified</pose>
    <truncated>0</truncated>
    <difficult>0</difficult>
    <bndbox>
        <xmin>579.7788410848173</xmin>
        <ymin>310.4999725341797</ymin>
        <xmax>635.9213185332709</xmax>
        <ymax>379.62001647949216</ymax>
    </bndbox>
</object><object>
    <name>red ball</name>
    <pose>Unspecified</pose>
    <truncated>0</truncated>
    <difficult>0</difficult>
    <bndbox>
        <xmin>677.6682945759138</xmin>
        <ymin>385.37998352050784</ymin>
        <xmax>730.9316058458295</xmax>
        <ymax>451.6200164794922</ymax>
    </bndbox>
</object><object>
    <name>red ball</name>
    <pose>Unspecified</pose>
    <truncated>0</truncated>
    <difficult>0</difficult>
    <bndbox>
        <xmin>663.2727931701031</xmin>
        <ymin>320.5799835205078</ymin>
        <xmax>735.2503001991565</xmax>
        <ymax>382.4999725341797</ymax>
    </bndbox>
</object><object>
    <name>red ball</name>
    <pose>Unspecified</pose>
    <truncated>0</truncated>
    <difficult>0</difficult>
    <bndbox>
        <xmin>795.7113621719775</xmin>
        <ymin>372.4200164794922</ymin>
        <xmax>863.3701748477039</xmax>
        <ymax>447.2999725341797</ymax>
    </bndbox>
</object><object>
    <name>red ball</name>
    <pose>Unspecified</pose>
    <truncated>0</truncated>
    <difficult>0</difficult>
    <bndbox>
        <xmin>769.7994157099344</xmin>
        <ymin>320.5799835205078</ymin>
        <xmax>840.3373945641987</xmax>
        <ymax>391.1400054931641</ymax>
    </bndbox>
</object><object>
    <name>black ball</name>
    <pose>Unspecified</pose>
    <truncated>0</truncated>
    <difficult>0</difficult>
    <bndbox>
        <xmin>899.3589283622306</xmin>
        <ymin>368.0999725341797</ymin>
        <xmax>972.7760733950329</xmax>
        <ymax>442.97998352050786</ymax>
    </bndbox>
</object><object>
    <name>black ball</name>
    <pose>Unspecified</pose>
    <truncated>0</truncated>
    <difficult>0</difficult>
    <bndbox>
        <xmin>874.8866199039362</xmin>
        <ymin>293.2200164794922</ymin>
        <xmax>919.5126522961574</xmax>
        <ymax>358.0200164794922</ymax>
    </bndbox>
</object><object>
    <name>black ball</name>
    <pose>Unspecified</pose>
    <truncated>0</truncated>
    <difficult>0</difficult>
    <bndbox>
        <xmin>1064.9071945290534</xmin>
        <ymin>316.25999450683594</ymin>
        <xmax>1116.7310874531397</xmax>
        <ymax>359.4599945068359</ymax>
    </bndbox>
</object><object>
    <name>black ball</name>
    <pose>Unspecified</pose>
    <truncated>0</truncated>
    <difficult>0</difficult>
    <bndbox>
        <xmin>949.7431832825679</xmin>
        <ymin>332.0999725341797</ymin>
        <xmax>1015.9625776124648</xmax>
        <ymax>381.05999450683595</ymax>
    </bndbox>
</object>
</annotation>