<?xml version='1.0' encoding='utf-8'?>
<annotation verified="yes">
    <folder>Annotation</folder>
    <filename>frame_7932.jpg</filename>
    <path>wxt2-PascalVOC-export/Annotations/frame_7932.jpg</path>
    <source>
        <database>Unknown</database>
    </source>
    <size>
        <width>1920</width>
        <height>1080</height>
        <depth>3</depth>
    </size>
    <segmented>0</segmented>
    <object>
    <name>black ball</name>
    <pose>Unspecified</pose>
    <truncated>0</truncated>
    <difficult>0</difficult>
    <bndbox>
        <xmin>335.1272615131579</xmin>
        <ymin>603.7576138243384</ymin>
        <xmax>405.68041641746413</xmax>
        <ymax>658.1250280263473</ymax>
    </bndbox>
</object><object>
    <name>red start</name>
    <pose>Unspecified</pose>
    <truncated>0</truncated>
    <difficult>0</difficult>
    <bndbox>
        <xmin>802.5416043660288</xmin>
        <ymin>606.6964565977759</ymin>
        <xmax>1462.507177033493</xmax>
        <ymax>681.6352096869022</ymax>
    </bndbox>
</object><object>
    <name>crossing</name>
    <pose>Unspecified</pose>
    <truncated>0</truncated>
    <difficult>0</difficult>
    <bndbox>
        <xmin>1389.0143540669858</xmin>
        <ymin>940.2474321637835</ymin>
        <xmax>1903.4641148325359</xmax>
        <ymax>1080</ymax>
    </bndbox>
</object><object>
    <name>red ball</name>
    <pose>Unspecified</pose>
    <truncated>0</truncated>
    <difficult>0</difficult>
    <bndbox>
        <xmin>183.73205741626793</xmin>
        <ymin>614.0433953732861</ymin>
        <xmax>270.45361094497605</xmax>
        <ymax>675.7576362454162</ymax>
    </bndbox>
</object><object>
    <name>red ball</name>
    <pose>Unspecified</pose>
    <truncated>0</truncated>
    <difficult>0</difficult>
    <bndbox>
        <xmin>98.48039398923446</xmin>
        <ymin>594.9413097148039</ymin>
        <xmax>152.8650941985646</xmax>
        <ymax>655.1861852529097</ymax>
    </bndbox>
</object><object>
    <name>black ball</name>
    <pose>Unspecified</pose>
    <truncated>0</truncated>
    <difficult>0</difficult>
    <bndbox>
        <xmin>77.90238113038278</xmin>
        <ymin>630.2066382583307</ymin>
        <xmax>130.81724730861245</xmax>
        <ymax>681.6352096869022</ymax>
    </bndbox>
</object><object>
    <name>red ball</name>
    <pose>Unspecified</pose>
    <truncated>0</truncated>
    <difficult>0</difficult>
    <bndbox>
        <xmin>16.168426659688997</xmin>
        <ymin>627.2679075902822</ymin>
        <xmax>79.37227123205741</xmax>
        <ymax>690.4515137964365</ymax>
    </bndbox>
</object>
</annotation>